"Sec","Code","Course (hr, crd)","Description","Day","Time","Instructor","Location","Enrolled","Limit","Mode of Instruction",
"001","27079","ACCT 100 (3, 3)","Fin &amp; Mgr Acct","M","1:40 PM - 4:30 PM","Ho, Vivian","OL 01","7","20","Online Sync",
"003","29646","ACCT 101 (4, 3)","Intro Thry &amp; Prac of Acct I","SU","9:10 AM - 12:00 PM","Qamar, Zohaib","PH 110","17","35","In-Person",
"002","28681","ACCT 101 (4, 3)","Intro Thry &amp; Prac of Acct I","T, TH","12:10 PM - 2:00 PM","Xiao, Jian","PH 110","10","35","In-Person",
"006","28484","ACCT 101 (4, 3)","Intro Thry &amp; Prac of Acct I","T, TH","1:40 PM - 3:30 PM","Sun, Tao","RE 100","8","95","In-Person",
"007","28483","ACCT 101 (4, 3)","Intro Thry &amp; Prac of Acct I","T, TH","10:05 AM - 11:55 AM","Sun, Fang","PH 202","23","30","In-Person",
"005","28936","ACCT 101 (4, 3)","Intro Thry &amp; Prac of Acct I","M, W","10:05 AM - 11:55 AM","Huang, Qianyun (Ivy)","RE 101","23","95","In-Person",
"008","33779","ACCT 101 (4, 3)","Intro Thry &amp; Prac of Acct I","T, TH","10:05 AM - 11:55 AM","Xiao, Jian","PH 302","0","20","In-Person",
"009","28680","ACCT 101 (4, 3)","Intro Thry &amp; Prac of Acct I","T, TH","2:15 PM - 4:05 PM",", ","PH 110","0","35","In-Person",
"004","28740","ACCT 101 (4, 3)","Intro Thry &amp; Prac of Acct I","M, W","1:40 PM - 3:30 PM","Calamari, Joseph","PH 112","35","35","In-Person",
"001","28772","ACCT 101 (4, 3)","Intro Thry &amp; Prac of Acct I","M, W","8:00 AM - 9:50 AM","Dauber, Nicky","PH 116","8","30","Hybrid Sync",
"001","28935","ACCT 102 (4, 3)","Intro Theo &amp; Prac Acct II","M, W","10:05 AM - 11:55 AM","Suh, Jangwon","RE 100","48","95","In-Person",
"002","28915","ACCT 102 (4, 3)","Intro Theo &amp; Prac Acct II","T, TH","12:10 PM - 2:00 PM","Sun, Fang","SB B137","74","95","In-Person",
"001","28777","ACCT 201 (4, 4)","Intermediate Accounting l","M, W","10:05 AM - 11:55 AM","Mazzo, Mark","PH 012","35","35","In-Person",
"002","28482","ACCT 201 (4, 4)","Intermediate Accounting l","T, TH","10:05 AM - 11:55 AM","Sun, Tao","PH 012","35","35","In-Person",
"003","33750","ACCT 201 (4, 4)","Intermediate Accounting l","M, W","1:40 PM - 3:30 PM","Sun, Tao","QH 315C","35","35","In-Person",
"002","28514","ACCT 202 (3, 2)","Intermediate Accounting II","T, TH","3:10 PM - 4:25 PM","Kumar, Vijay","RA 208","27","35","In-Person",
"001","28742","ACCT 202 (3, 2)","Intermediate Accounting II","M, W","3:10 PM - 4:25 PM","Fitzsimons, Sean","PH 012","10","35","In-Person",
"003","28686","ACCT 202 (3, 2)","Intermediate Accounting II","T, TH","12:15 PM - 1:30 PM","Kumar, Vijay","PH 112","35","35","In-Person",
"005","28687","ACCT 261 (3, 3)","Business Law I","T, TH","9:15 AM - 10:30 AM","Stein, Randy","PH 110","35","35","In-Person",
"002","28688","ACCT 261 (3, 3)","Business Law I","T, TH","3:10 PM - 4:25 PM","Altman, Julie","PH 012","35","35","In-Person",
"001","28187","ACCT 261 (3, 3)","Business Law I","T, TH","5:00 PM - 6:15 PM","Altman, Julie","PH 112","35","35","In-Person",
"004","28398","ACCT 261 (3, 3)","Business Law I","M, W","6:30 PM - 7:45 PM","Kirschner, David","PH 110","11","35","In-Person",
"003","28741","ACCT 261 (3, 3)","Business Law I","M, W","1:40 PM - 2:55 PM","Herczog, Leo","PH 110","35","35","In-Person",
"002","28191","ACCT 305 (3, 2)","Cost Accounting","T, TH","5:00 PM - 6:15 PM","Xiao, Jian","PH 110","28","35","In-Person",
"003","29108","ACCT 305 (3, 2)","Cost Accounting","W","6:30 PM - 9:20 PM","Qureshi, Anique","OL 01","36","35","Online Sync",
"001","28717","ACCT 305 (3, 2)","Cost Accounting","M, W","1:40 PM - 2:55 PM","Mazzo, Mark","RA 202","35","35","In-Person",
"03","29746","ACCT 306 (4, 3)","Quant Techniq Pln &amp; Ctrl","M, W","3:10 PM - 5:00 PM","Stevens, Michael","PH 110","28","35","In-Person",
"02","29106","ACCT 306 (4, 3)","Quant Techniq Pln &amp; Ctrl","T, TH","8:00 AM - 9:50 AM","Adelberg, Arthur","OL 01","31","30","Online Sync",
"01","29105","ACCT 306 (4, 3)","Quant Techniq Pln &amp; Ctrl","T, TH","12:10 PM - 2:00 PM","Adelberg, Arthur","OL 01","31","30","Online Sync",
"002","28736","ACCT 311 (4, 3)","Advanced Accounting","M, W","1:40 PM - 3:30 PM","Huang, Qianyun (Ivy)","PH 116","41","40","In-Person",
"001","29645","ACCT 311 (4, 3)","Advanced Accounting","SU","1:00 PM - 4:50 PM","Balkaran, Dianand","PH 116","40","40","In-Person",
"002","28677","ACCT 321 (4, 3)","Auditing I","T, TH","8:00 AM - 9:50 AM","Dauber, Nicky","PH 116","37","35","In-Person",
"001","28773","ACCT 321 (4, 3)","Auditing I","M, W","10:05 AM - 11:55 AM","Dauber, Nicky","PH 116","36","35","Hybrid Sync",
"002","28190","ACCT 322 (3, 3)","Auditing II","T, TH","6:30 PM - 7:45 PM","Xiao, Jian","PH 110","19","35","In-Person",
"001","28743","ACCT 322 (3, 3)","Auditing II","M, W","1:40 PM - 2:55 PM","Fitzsimons, Sean","PH 012","35","35","In-Person",
"001","29104","ACCT 341 (3, 3)","Accounting Information Systems","M, W","5:00 PM - 6:15 PM","Qureshi, Anique","OL 01","41","40","Online Sync",
"002","29103","ACCT 341 (3, 3)","Accounting Information Systems","M, W","9:15 AM - 10:30 AM","Solieri, Steven","OL 01","40","40","Online Sync",
"001","29102","ACCT 343 (3, 3)","Microcomputer Applications","M","6:30 PM - 9:20 PM","Qureshi, Anique","OL 01","30","30","Online Sync",
"001","54721","ACCT 350 (3, 3)","Financial Statement Analysis","M, W","3:10 PM - 4:25 PM","Mazzo, Mark","RA 202","1","35","In-Person",
"001","28775","ACCT 362 (3, 3)","Business Law II","M, W","10:45 AM - 12:00 PM","Herczog, Leo","PH 112","23","30","In-Person",
"002","29575","ACCT 362 (3, 3)","Business Law II","SU","9:10 AM - 12:00 PM","Katz, Jeffrey","PH 112","15","30","In-Person",
"001","28612","ACCT 362W (3, 3)","Business Law II","T, TH","9:15 AM - 10:30 AM","Linn, David","PH 253","25","25","In-Person",
"001","28774","ACCT 363 (3, 3)","Business Law III","M, W","9:15 AM - 10:30 AM","Herczog, Leo","PH 112","14","30","In-Person",
"004","51806","ACCT 367 (4, 4)","Fed &amp; Ny State Tax","M, W","4:30 PM - 6:20 PM","Kumar, Vijay","PH 116","35","35","In-Person",
"001","28776","ACCT 367 (4, 4)","Fed &amp; Ny State Tax","M, W","10:05 AM - 11:55 AM","Calamari, Joseph","PH 110","35","35","In-Person",
"002","29101","ACCT 367 (4, 4)","Fed &amp; Ny State Tax","SU","1:00 PM - 4:50 PM","Blumenfrucht, Israel","OL 01","36","35","Online Sync",
"003","29100","ACCT 367 (4, 4)","Fed &amp; Ny State Tax","T, TH","10:05 AM - 11:55 AM","Blumenfrucht, Israel","OL 01","35","35","Online Sync",
"001","29576","ACCT 372 (3, 3)","Gov &amp; Not for Profit Acct&amp;Aud","SU","9:10 AM - 12:00 PM","Balkaran, Dianand","PH 116","41","40","In-Person",
"002","28679","ACCT 372 (3, 3)","Gov &amp; Not for Profit Acct&amp;Aud","T, TH","3:10 PM - 4:25 PM","Xiao, Jian","PH 112","40","40","In-Person",
"002","29099","ACCT 385 (3, 3)","Data Analytics for Accountants","T","6:30 PM - 9:20 PM","Solieri, Steven","OL 01","35","35","Online Sync",
"001","27443","ACCT 385 (3, 3)","Data Analytics for Accountants","M, W","3:10 PM - 4:25 PM","Solieri, Steven","PH 212","30","30","Hybrid Sync",
"001","28189","ACCT 712 (3, 3)","Adv Fin Acct Theory","TH","6:30 PM - 9:20 PM","Uddin, Md","PH 112","1","20","In-Person",
"001","29573","ACCT 723 (3, 3)","Adv Auditing Theory","F","6:30 PM - 9:20 PM","Zarate, Gloria","PH 110","4","20","In-Person",
"001","28379","ACCT 747 (3, 3)","Tax &amp; Accounting Communication","M","6:30 PM - 9:20 PM","Kumar, Vijay","PH 112","5","20","In-Person",
"001","28188","ACCT 748 (3, 3)","Adv Acct Info Systms","T","6:30 PM - 9:20 PM","Zhang, Yu","PH 112","3","20","In-Person",
"001","28378","ACCT 757 (3, 3)","Fed Taxation of Business Ent","W","6:30 PM - 9:20 PM","Balkaran, Dianand","PH 112","8","20","Hybrid Sync",
"001","27406","ACCT 760 (3, 3)","IRS Ethical Tax Prac &amp; Proc","M","6:30 PM - 9:20 PM","Barone, Ernest","PH 116","6","20","Hybrid Sync",
"001","28372","ACCT 761 (3, 3)","Taxation Partnership &amp; S Corp","W","6:30 PM - 9:20 PM","Mazzo, Mark","PH 116","4","20","Hybrid Sync",
"001","27405","ACCT 762 (3, 3)","Deferred Comp &amp; Employee Benef","TH","6:30 PM - 9:20 PM","Kumar, Vijay","PH 116","11","20","Hybrid Sync",
"001","27404","ACCT 764 (3, 3)","Reorg, Liquidations &amp; Consolid","T","6:30 PM - 9:20 PM","Barone, Ernest","PH 116","13","20","Hybrid Sync",
"001","27403","ACCT 765 (3, 3)","Capstone","F","6:30 PM - 9:20 PM","Balkaran, Dianand","PH 112","9","20","Hybrid Sync",
"001","53594","ACCT 785 (3, 3)","Data Analytics for Accountants","M","6:30 PM - 9:20 PM","Rosano, Eric","OL 01","5","20","Online Sync",
"001","28355","ACCT 7913 (3, 3)","Special Problems in Accounting","W","6:30 PM - 9:20 PM","Solieri, Steven","PH 212","0","20","Hybrid Sync",
"001","29697","AFST 100 (3, 3)","Intro to Africana Studies","T, TH","9:15 AM - 10:30 AM","Babers, Myeshia","KY 323","3","17","In-Person",
"001","29699","AFST 101 (3, 3)","Survey Early African Civ","T, TH","10:45 AM - 12:00 PM","Sylvester, Meagan","KY 426","15","35","In-Person",
"001","29701","AFST 103 (3, 3)","TheMak Blk Race&amp; RaciUS PopCul","T, TH","6:30 PM - 7:45 PM","Babers, Myeshia","OL 01","7","25","Online Sync",
"001","29701","AFST 103 (3, 3)","TheMak Blk Race&amp; RaciUS PopCul","T, TH","6:30 PM - 7:45 PM","Babers, Myeshia","OL 01","7","25","Online Sync",
"001","29703","AFST 104 (3, 3)","Race &amp; Racism Amer Popul Music","M, W","3:10 PM - 4:25 PM",", ","PH 245","1","15","In-Person",
"001","29706","AFST 200 (3, 3)","Intro to the African Diaspora","M, W","6:30 PM - 7:45 PM","Self, Sayida","OL 01","4","17","Online Sync",
"001","29709","AFST 201W (3, 3)","Introduction to Black Cultures","T, TH","12:15 PM - 1:30 PM","Self, Sayida","KY 426","6","17","In-Person",
"002","29711","AFST 201W (3, 3)","Introduction to Black Cultures","T, TH","10:45 AM - 12:00 PM","Lekemo Ngatchi Epse Pawa, Blondie Natacha","OL 01","5","10","Online Sync",
"001","29719","AFST 202 (3, 3)","The Black Urban Experience","TH","6:30 PM - 8:30 PM","Takeall, Alan","PH 115","0","10","In-Person",
"001","29725","AFST 234W (3, 3)","Black Women Writers","M","5:00 PM - 7:50 PM","Thomas, Kierstan","KY 325","3","17","Online Sync",
"001","29728","AFST 277 (3, 3)","AfricaAmerican Hist to Reconst","M, W","1:40 PM - 2:55 PM","Self, Sayida","PH 157","1","15","In-Person",
"001","29731","AFST 278 (3, 3)","Africa-Amer Hist Since Reconst","M, W","5:00 PM - 6:15 PM","Duncan, Natanya","KY 119A","0","15","Hybrid Sync",
"001","29740","AFST 299 (3, 3)","Music of the African Diaspora","M, W","10:45 AM - 12:00 PM",", ","KY 422","1","17","In-Person",
"002","33738","AFST 300 (3, 3)","The Black Intellect Tradition","W","5:00 PM - 7:50 PM","Thomas, Kierstan"," ","0","35","Online Sync",
"001","29736","AFST 300W (3, 3)","The Black Intellect Tradition","T","4:30 PM - 6:30 PM","Duncan, Natanya","PH 253","0","10","Hybrid Sync",
"001","40359","AFST 303W (3, 3)","Global Black Exp Media &amp; Film","M","6:30 PM - 9:20 PM","Tsika, Noah","KY 315","0","25","In-Person",
"005","27217","ANTH 101 (3, 3)","Intro To Cultural Anthropology","T, TH","12:15 PM - 1:30 PM","Leynse, Wendy","PH 114","23","40","In-Person",
"004","27224","ANTH 101 (3, 3)","Intro To Cultural Anthropology","T, TH","12:15 PM - 1:30 PM","Choi, Jimee","KY 250","7","50","In-Person",
"001","27225","ANTH 101 (3, 3)","Intro To Cultural Anthropology","M, W","10:45 AM - 12:00 PM","Collins, John","KY 150","17","110","In-Person",
"006","27218","ANTH 101 (3, 3)","Intro To Cultural Anthropology","T, TH","3:10 PM - 4:25 PM","Leynse, Wendy","PH 114","19","40","In-Person",
"003","27222","ANTH 101 (3, 3)","Intro To Cultural Anthropology","T, TH","10:45 AM - 12:00 PM","Choi, Jimee","KY 250","10","50","In-Person",
"002","27226","ANTH 101 (3, 3)","Intro To Cultural Anthropology","T, TH","9:15 AM - 10:30 AM","Limbert, Mandana","KY 150","16","110","In-Person",
"008","27220","ANTH 101 (3, 3)","Intro To Cultural Anthropology","M, W","1:40 PM - 2:55 PM","Cotter-Norwood, Farah","KY 250","9","50","In-Person",
"009","27221","ANTH 101 (3, 3)","Intro To Cultural Anthropology","M, W","5:00 PM - 6:15 PM","Welna, Nicholas","KY 250","11","50","In-Person",
"007","27219","ANTH 101 (3, 3)","Intro To Cultural Anthropology","M, W","9:15 AM - 10:30 AM","Clark, John"," ","7","35","In-Person",
"004","27215","ANTH 102 (3, 3)","Bio &amp; Evo of the Human Species","T, TH","12:15 PM - 1:30 PM","Shibata, Chihiro","PH 113","16","50","In-Person",
"003","27214","ANTH 102 (3, 3)","Bio &amp; Evo of the Human Species","M, W","7:45 AM - 9:00 AM","Lamela Lopez, Raquel","KY 150","19","50","In-Person",
"007","27213","ANTH 102 (3, 3)","Bio &amp; Evo of the Human Species","F","6:00 PM - 9:00 PM","Pagano, Anthony","PH 114","10","40","In-Person",
"002","27212","ANTH 102 (3, 3)","Bio &amp; Evo of the Human Species","T, TH","10:45 AM - 12:00 PM","Wisner, Carly","KY 150","27","110","In-Person",
"006","27211","ANTH 102 (3, 3)","Bio &amp; Evo of the Human Species","T, TH","9:15 AM - 10:30 AM","Grant, Madison","PH 114","13","40","In-Person",
"001","27210","ANTH 102 (3, 3)","Bio &amp; Evo of the Human Species","T, TH","1:40 PM - 2:55 PM","Plummer, Thomas","KY 150","15","110","In-Person",
"001","27210","ANTH 102 (3, 3)","Bio &amp; Evo of the Human Species","T, TH","1:40 PM - 2:55 PM","Gonzalez Alvarez, Eimy","KY 150","15","110","In-Person",
"005","27209","ANTH 102 (3, 3)","Bio &amp; Evo of the Human Species","T, TH","3:10 PM - 4:25 PM","Shibata, Chihiro","KY 250","6","50","In-Person",
"010","27207","ANTH 102 (3, 3)","Bio &amp; Evo of the Human Species","M, W","9:15 AM - 10:30 AM","Lamela Lopez, Raquel","KY 150","17","70","In-Person",
"002","27212","ANTH 102 (3, 3)","Bio &amp; Evo of the Human Species","T, TH","10:45 AM - 12:00 PM","Madimenos, Felicia","KY 150","27","110","In-Person",
"001","27205","ANTH 103 (3, 3)","Introduction to Archaeology","M, W","1:40 PM - 2:55 PM","Pugh, Timothy","KY 150","11","110","In-Person",
"004","27204","ANTH 103 (3, 3)","Introduction to Archaeology","T, TH","10:45 AM - 12:00 PM","Nyamushosho, Robert","KY 059","10","20","In-Person",
"003","27203","ANTH 103 (3, 3)","Introduction to Archaeology","T, TH","9:15 AM - 10:30 AM","Nyamushosho, Robert","KY 059","8","20","In-Person",
"006","27202","ANTH 103 (3, 3)","Introduction to Archaeology","M, W","9:15 AM - 10:30 AM","Feeley, Francis","KY 250","25","50","In-Person",
"002","27201","ANTH 103 (3, 3)","Introduction to Archaeology","T, TH","12:15 PM - 1:30 PM","Victor, Megan","KY 150","45","110","In-Person",
"007","28280","ANTH 103 (3, 3)","Introduction to Archaeology","M, W","5:00 PM - 6:15 PM","Quinonez Dardon, Jackeline","PH 114","4","35","In-Person",
"005","27206","ANTH 103 (3, 3)","Introduction to Archaeology","M, W","7:45 AM - 9:00 AM","Feeley, Francis","KY 250","8","50","In-Person",
"001","27592","ANTH 104 (3, 3)","Language, Culture, and Society","M, W","3:10 PM - 4:25 PM","Makihara, Miki","KY 150","55","110","In-Person",
"001","27592","ANTH 104 (3, 3)","Language, Culture, and Society","M, W","3:10 PM - 4:25 PM","Sudweeks, Devin","KY 150","55","110","In-Person",
"004","27389","ANTH 104 (3, 3)","Language, Culture, and Society","M, W","10:45 AM - 12:00 PM","Ariza Garcia, Andrea","PH 114","27","40","In-Person",
"003","27391","ANTH 104 (3, 3)","Language, Culture, and Society","M, W","9:15 AM - 10:30 AM","Ariza Garcia, Andrea","PH 114","24","40","In-Person",
"002","27587","ANTH 104 (3, 3)","Language, Culture, and Society","T, TH","3:10 PM - 4:25 PM","Rodriguez Aponte, Juan","KY 150","13","110","In-Person",
"005","27588","ANTH 104 (3, 3)","Language, Culture, and Society","T, TH","1:40 PM - 2:55 PM","Yanovskaya, Yelizaveta","PH 114","24","40","In-Person",
"002","27233","ANTH 200 (3, 3)","History of Anthropology","M, W","1:40 PM - 2:55 PM","Birth, Kevin","PH 351","10","18","In-Person",
"001","27234","ANTH 200 (3, 3)","History of Anthropology","M, W","10:45 AM - 12:00 PM","Birth, Kevin","PH 351","9","18","In-Person",
"001","27231","ANTH 201 (3, 3)","Essentials Of Cultural Anthro","T, TH","1:40 PM - 2:55 PM","Limbert, Mandana","PH 112","10","30","In-Person",
"001","29648","ANTH 206 (3, 3)","Peoples of South America","M, W","1:40 PM - 2:55 PM","Collins, John","PH 114","15","30","In-Person",
"001","27229","ANTH 225 (3, 3)","Medical Anthropology","T, TH","9:15 AM - 10:30 AM","Halliburton, Murphy","PH 115","16","30","In-Person",
"001","27227","ANTH 238 (3, 3)","Research Design and Method","T, TH","1:40 PM - 2:55 PM","Victor, Megan","KY 059","14","15","In-Person",
"001","27228","ANTH 240 (3, 3)","Essentials of Archaeology","T, TH","3:10 PM - 4:25 PM","Nyamushosho, Robert","KY 059","8","15","In-Person",
"001","27312","ANTH 241 (3, 3)","Archaeology of Mesoamerica","M, W","10:45 AM - 12:00 PM","Pugh, Timothy","KY 059","15","18","In-Person",
"001","27232","ANTH 260 (3, 3)","Essent Biol Anthro","M, W","10:45 AM - 12:00 PM","Lamela Lopez, Raquel","PH 311","10","18","In-Person",
"001","28281","ANTH 262 (3, 3)","The Nonhuman Primates","T, TH","9:15 AM - 10:30 AM","Gorgone, Louis","PH 351","4","18","In-Person",
"001","28281","ANTH 262 (3, 3)","The Nonhuman Primates","T, TH","9:15 AM - 10:30 AM","Swedell, Larissa","PH 351","4","18","In-Person",
"001","29649","ANTH 264 (3, 3)","Faunal Analysis","T, TH","10:45 AM - 12:00 PM","Plummer, Thomas","PH 311","13","18","In-Person",
"001","29649","ANTH 264 (3, 3)","Faunal Analysis","T, TH","10:45 AM - 12:00 PM","Shinn, Ryan","PH 311","13","18","In-Person",
"001","27300","ANTH 280 (3, 3)","Language and Social Identity","T, TH","12:15 PM - 1:30 PM","Rodriguez Aponte, Juan","PH 302","18","18","In-Person",
"001","27297","ANTH 330 (3, 3)","Sem In Cult Anthro","T, TH","3:10 PM - 4:25 PM","Halliburton, Murphy","PH 302","8","18","In-Person",
"001","29647","ANTH 361 (3, 3)","Human Variation","T, TH","1:40 PM - 2:55 PM","Madimenos, Felicia","PH 311","6","18","In-Person",
"001","27292","ANTH 380 (3, 3)","Seminar In Linguistic Anthro","M, W","10:45 AM - 12:00 PM","Makihara, Miki","PH 304","4","18","In-Person",
"001","54486","ANTH 3973 (3, 3)","Directed Research in Anthro","T, TH","10:45 AM - 12:00 PM","Halliburton, Murphy"," ","1","1","In-Person",
"01","27274","ARAB 101 (4, 4)","Elementary Arabic I","T, TH","10:05 AM - 11:55 AM","Abdelghany, Hala","QH 265H","7","20","In-Person",
"02","27276","ARAB 101 (4, 4)","Elementary Arabic I","M, W","10:05 AM - 11:55 AM","Masood, Hajara","OL 01","20","20","Online Sync",
"01","27273","ARAB 203 (3, 3)","Intermediate Arabic I","M, W","5:00 PM - 6:15 PM","Beck, Kirsten","QH 265H","1","15","In-Person",
"01","27272","ARAB 305 (3, 3)","Advanced Arabic I","T, TH","5:00 PM - 6:15 PM","Abdelghany, Hala","OL 01","2","15","Online Sync",
"002","29087","ARTH 001 (3, 3)","Introduction to Art","W","9:10 AM - 12:00 PM","Waldron, Lawrence","KP 403","18","45","In-Person",
"001","29088","ARTH 001 (3, 3)","Introduction to Art","M","9:10 AM - 12:00 PM","Peredo, Roberto","KP 404","45","45","In-Person",
"003","29055","ARTH 101 (3, 3)","History of Western Art I","T","10:00 AM - 12:50 PM","Horton, Heather","KP 403","32","45","In-Person",
"001","29054","ARTH 102 (3, 3)","History of Western Art II","M","1:40 PM - 4:30 PM","Hartel Jr, Herbert","KP 404","21","45","In-Person",
"002","29053","ARTH 102 (3, 3)","History of Western Art II","TH","10:00 AM - 12:50 PM","Horton, Heather","KP 404","36","45","In-Person",
"001","28836","ARTH 111 (3, 3)","Survey of Medieval Art","M","1:40 PM - 4:30 PM",", ","KP 403","17","45","In-Person",
"001","29051","ARTH 114 (3, 3)","Survey of Asian Art","T","9:10 AM - 12:00 PM","Waldron, Lawrence","KP 401","9","40","In-Person",
"001","29036","ARTH 200 (3, 3)","Studies in The History of Art","T","1:40 PM - 4:30 PM","Waldron, Lawrence","KP 401","2","18","In-Person",
"001","29050","ARTH 220 (3, 3)","Renaiss Art &amp; Modernity","T","1:40 PM - 4:30 PM","Horton, Heather","KP 403","24","45","In-Person",
"001","29049","ARTH 254W (3, 3)","Twentieth-Century Art","TH","10:00 AM - 12:50 PM","Powers, Edward","KP 174","10","18","In-Person",
"001","29048","ARTH 256 (3, 3)","Contemporary Art Practices","TH","1:40 PM - 4:30 PM","Powers, Edward","KP 174","3","18","In-Person",
"001","29047","ARTH 258 (3, 3)","History of Photography","T","1:40 PM - 4:30 PM","Bauman, Emily","KP 404","21","45","In-Person",
"001","28894","ARTH 300 (3, 3)","Sr Coll: Art Hist Mthds","W","6:00 PM - 7:40 PM","Nelson, Michael","OL 01","7","7","Hybrid Sync",
"001","29044","ARTH 505 (3, 3)","Variable Topics: Modern Art","TH","6:00 PM - 7:40 PM","Powers, Edward","KP 404","7","10","In-Person",
"001","29045","ARTH 740 (2, 3)","Art History Methods Colloquium","W","6:00 PM - 7:40 PM","Nelson, Michael","OL 01","0","5","Hybrid Sync",
"001","29043","ARTH 7555 (2, 3)","Seminar in Modern Art","TH","6:00 PM - 7:40 PM","Powers, Edward","KP 404","4","10","In-Person",
"001","53781","ARTH 7603 (3, 3)","Special Problems in Renaissanc","&nbsp;"," - ","Horton, Heather"," ","1","1","In-Person",
"001","53782","ARTH 7604 (3, 3)","Special Problems in Baroque Ar","&nbsp;"," - ","Horton, Heather"," ","1","1","In-Person",
"001","29154","ARTS 150 (4, 3)","Fundamentals of Art","M","8:00 AM - 11:50 AM","Esposito, Christopher","KP 284","19","18","In-Person",
"001","28159","ARTS 151 (4, 3)","Drawing I","M","6:00 PM - 9:50 PM","Ahn, Seongmin","OL 01","14","14","Online Sync",
"QI1","52640","ARTS 151 (4, 3)","Drawing I","T","3:00 PM - 7:00 PM","Esposito, Christopher"," ","0","0","In-Person",
"002","28350","ARTS 151 (4, 3)","Drawing I","T","2:00 PM - 5:50 PM",", ","KP 483","12","18","In-Person",
"003","28334","ARTS 151 (4, 3)","Drawing I","W","8:00 AM - 11:50 AM","Powhida, William","KP 483","9","14","In-Person",
"004","28348","ARTS 151 (4, 3)","Drawing I","W","6:00 PM - 9:50 PM","Purse, Elliot","KP 483","3","18","In-Person",
"003","28347","ARTS 161 (4, 3)","Painting I","T","10:00 AM - 1:50 PM","Smith, Krista-Louise","KP 461","8","16","In-Person",
"004","29078","ARTS 161 (4, 3)","Painting I","W","1:40 PM - 5:30 PM","Rodriguez, Adriana","KP 463","13","18","In-Person",
"001","28858","ARTS 161 (4, 3)","Painting I","T","6:00 PM - 9:50 PM","Ahn, Seongmin"," ","13","14","Online Sync",
"002","28158","ARTS 161 (4, 3)","Painting I","T","2:00 PM - 5:50 PM","Smith, Krista-Louise","KP 461","7","16","In-Person",
"002","28346","ARTS 182 (4, 3)","Introduction to Sculpture","M","8:00 AM - 11:50 AM","Lieb, Nathaniel","KP 263","6","12","In-Person",
"003","28345","ARTS 182 (4, 3)","Introduction to Sculpture","M","1:40 PM - 5:30 PM","Lieb, Nathaniel","KP 263","12","12","In-Person",
"004","28344","ARTS 182 (4, 3)","Introduction to Sculpture","TH","10:00 AM - 1:50 PM","Macdougall Iii, Malcolm","KP 263","9","17","In-Person",
"001","29064","ARTS 185 (4, 3)","Contemporary Art","T","10:00 AM - 1:50 PM","Kauper, Kurt","KP 672","18","18","In-Person",
"001","28315","ARTS 186 (4, 3)","Ceramics I","M","8:00 AM - 11:50 AM","Marino-Jones, Mary","KP 181","17","17","In-Person",
"004","28341","ARTS 186 (4, 3)","Ceramics I","TH","2:00 PM - 5:50 PM","Mulford, Anne","KP 181","14","17","In-Person",
"002","28343","ARTS 186 (4, 3)","Ceramics I","W","1:40 PM - 5:30 PM","Ebner, Rosanne","KP 181","17","18","In-Person",
"003","28342","ARTS 186 (4, 3)","Ceramics I","T","2:00 PM - 5:50 PM","Mittal, Puneeta","KP 181","17","17","In-Person",
"001","28340","ARTS 240 (4, 3)","Drawing ll","W","1:40 PM - 5:30 PM","Powhida, William","KP 483","6","8","In-Person",
"001","28339","ARTS 253 (4, 3)","Drawing III","W","1:40 PM - 5:30 PM","Powhida, William","KP 483","6","6","In-Person",
"001","28338","ARTS 254 (4, 3)","Drawing Special Projects","W","1:40 PM - 5:30 PM","Powhida, William","KP 483","1","1","In-Person",
"003","28351","ARTS 254 (4, 3)","Drawing Special Projects","M","6:00 PM - 9:50 PM","Ahn, Seongmin","OL 01","1","4","Online Sync",
"003","29006","ARTS 256 (4, 3)","Painting Special Projects","T","6:00 PM - 9:50 PM","Ahn, Seongmin"," ","2","1","Online Sync",
"002","28330","ARTS 256 (4, 3)","Painting Special Projects","T","2:00 PM - 5:50 PM","Smith, Krista-Louise","KP 461","3","4","In-Person",
"004","28307","ARTS 256 (4, 3)","Painting Special Projects","TH","2:00 PM - 5:50 PM",", ","KP 461","1","1","In-Person",
"001","28327","ARTS 256 (4, 3)","Painting Special Projects","T","10:00 AM - 1:50 PM","Smith, Krista-Louise","KP 461","1","2","In-Person",
"001","28308","ARTS 260 (4, 3)","Painting II","TH","2:00 PM - 5:50 PM",", ","KP 461","14","14","In-Person",
"001","28306","ARTS 264 (4, 3)","Painting III","TH","2:00 PM - 5:50 PM",", ","KP 461","3","4","In-Person",
"001","40364","ARTS 272 (4, 3)","Intaglio","TH","10:00 AM - 1:50 PM","Mackie, Lisa","KP 433","16","17","In-Person",
"004","28971","ARTS 282 (4, 3)","VT: Ceramics II","T","10:00 AM - 1:50 PM","Greco, Matthew"," ","5","6","In-Person",
"003","28300","ARTS 282 (4, 3)","VT: Ceramics II","F","10:00 AM - 1:50 PM","Ebner, Rosanne","KP 181","8","12","In-Person",
"002","28972","ARTS 282 (4, 3)","VT: Ceramics II","TH","10:00 AM - 1:50 PM","Mittal, Puneeta","KP 181","3","12","In-Person",
"001","28301","ARTS 282 (4, 3)","VT: Ceramics II","T","10:00 AM - 1:50 PM","Marino-Jones, Mary","KP 181","4","12","In-Person",
"001","28297","ARTS 283 (4, 3)","VT: Sculpture II","TH","2:00 PM - 5:50 PM","Macdougall Iii, Malcolm","KP 281","7","10","In-Person",
"001","28296","ARTS 284 (4, 3)","Sculpture III","TH","2:00 PM - 5:50 PM","Macdougall Iii, Malcolm","KP 281","2","4","In-Person",
"003","28324","ARTS 288 (4, 3)","Sculpture Special Projects","M","8:00 AM - 11:50 AM","Lieb, Nathaniel","KP 263","0","1","In-Person",
"001","28295","ARTS 288 (4, 3)","Sculpture Special Projects","TH","2:00 PM - 5:50 PM","Macdougall Iii, Malcolm","KP 281","0","2","In-Person",
"004","28321","ARTS 288 (4, 3)","Sculpture Special Projects","M","1:40 PM - 5:30 PM","Lieb, Nathaniel","KP 263","1","1","In-Person",
"002","27517","ARTS 333 (3, 3)","Intro Social Engaged Art Pract","F","10:00 AM - 1:50 PM","Grullon, Alicia","KP 263","17","18","In-Person",
"001","28944","ARTS 350 (4, 3)","VT: Comparative Analysis","W","1:40 PM - 5:30 PM","Han, Heng-Gil","KP 403","14","18","In-Person",
"001","28943","ARTS 365 (4, 3)","Specialized Topics in Painting","T","6:00 PM - 9:50 PM","Ahn, Seongmin"," ","2","2","Online Sync",
"002","28942","ARTS 369 (4, 3)","VT: Ceramics III","TH","10:00 AM - 1:50 PM","Mittal, Puneeta","KP 181","2","4","In-Person",
"003","28299","ARTS 369 (4, 3)","VT: Ceramics III","F","10:00 AM - 1:50 PM","Ebner, Rosanne","KP 181","3","4","In-Person",
"004","28905","ARTS 369 (4, 3)","VT: Ceramics III","T","10:00 AM - 1:50 PM","Greco, Matthew"," ","3","4","In-Person",
"001","28293","ARTS 369 (4, 3)","VT: Ceramics III","T","10:00 AM - 1:50 PM","Marino-Jones, Mary","KP 181","2","4","In-Person",
"001","40365","ARTS 372 (4, 3)","Intaglio Special Projects","TH","10:00 AM - 1:50 PM","Mackie, Lisa","KP 433","0","1","In-Person",
"001","29061","ARTS 387 (4, 3)","VT: Technical Workshops","TH","10:00 AM - 1:50 PM","Diaz, Marisol","IB 212","0","2","In-Person",
"007","29136","ARTS 387 (4, 3)","VT: Technical Workshops","TH","2:00 PM - 5:50 PM","Minielli, Gina","IB 212","0","3","Hybrid Sync",
"006","29137","ARTS 387 (4, 3)","VT: Technical Workshops","T","6:00 PM - 9:50 PM","Minielli, Gina","IB 212","1","3","Hybrid Sync",
"005","29138","ARTS 387 (4, 3)","VT: Technical Workshops","TH","10:00 AM - 1:50 PM","Mesa-Pelly, Deborah","IB 213","0","3","In-Person",
"004","29139","ARTS 387 (4, 3)","VT: Technical Workshops","TH","6:00 PM - 9:50 PM","Harris, Steven","KP 140","0","3","In-Person",
"003","28900","ARTS 387 (4, 3)","VT: Technical Workshops","W","1:40 PM - 5:30 PM","Gonzalez, Antonio","KP 140","2","2","In-Person",
"002","28901","ARTS 387 (4, 3)","VT: Technical Workshops","M","10:00 AM - 1:50 PM","Dodson, Laura","IB 212","0","2","In-Person",
"001","28323","ARTS 388 (3, 3)","Becoming Insect","M","8:00 AM - 11:50 AM","Lieb, Nathaniel","KP 263","5","6","In-Person",
"002","28320","ARTS 388 (3, 3)","Becoming Insect","M","1:40 PM - 5:30 PM","Lieb, Nathaniel","KP 263","2","6","In-Person",
"002","28899","ARTS 391 (4, 3)","VT: Senior Project","T","2:00 PM - 5:50 PM","Ho, Sin-Ying","KP 174","2","8","In-Person",
"001","28291","ARTS 391 (4, 3)","VT: Senior Project","T","2:00 PM - 5:50 PM","Mulford, Anne","KP 463","5","8","In-Person",
"001","28290","ARTS 392 (4, 3)","Senior Project II","T","2:00 PM - 5:50 PM","Mulford, Anne","KP 463","5","8","In-Person",
"002","28289","ARTS 392 (4, 3)","Senior Project II","T","2:00 PM - 5:50 PM","Ho, Sin-Ying","KP 174","3","8","In-Person",
"001","28898","ARTS 393 (8, 3)","Independent Internship","&nbsp;"," - ","Kauper, Kurt"," ","0","1","In-Person",
"010","27072","ARTS 6203 (4, 3)","Special Projects in Design","W","1:40 PM - 5:30 PM","Gonzalez, Antonio","KP 140","0","1","In-Person",
"005","27073","ARTS 6203 (4, 3)","Special Projects in Design","M","10:00 AM - 1:50 PM","Dodson, Laura","IB 212","0","1","In-Person",
"017","29084","ARTS 6203 (4, 3)","Special Projects in Design","T","6:00 PM - 9:50 PM","Minielli, Gina","IB 212","3","3","Hybrid Sync",
"003","27071","ARTS 6203 (4, 3)","Special Projects in Design","TH","10:00 AM - 1:50 PM","Diaz, Marisol","IB 212","0","1","In-Person",
"015","27070","ARTS 6203 (4, 3)","Special Projects in Design","TH","10:00 AM - 1:50 PM","Mesa-Pelly, Deborah","IB 213","0","3","In-Person",
"016","27069","ARTS 6203 (4, 3)","Special Projects in Design","TH","2:00 PM - 5:50 PM","Minielli, Gina","IB 212","2","3","Hybrid Sync",
"013","27068","ARTS 6203 (4, 3)","Special Projects in Design","TH","6:00 PM - 9:50 PM","Harris, Steven","KP 140","2","3","In-Person",
"018","28314","ARTS 6203 (4, 3)","Special Projects in Design","M","8:00 AM - 11:50 AM","Marino-Jones, Mary","KP 181","1","2","In-Person",
"019","28312","ARTS 6203 (4, 3)","Special Projects in Design","W","1:40 PM - 5:30 PM","Ebner, Rosanne","KP 181","0","1","In-Person",
"020","28310","ARTS 6203 (4, 3)","Special Projects in Design","T","2:00 PM - 5:50 PM","Mittal, Puneeta","KP 181","0","2","In-Person",
"021","28309","ARTS 6203 (4, 3)","Special Projects in Design","TH","2:00 PM - 5:50 PM","Mulford, Anne","KP 181","1","1","In-Person",
"011","28337","ARTS 6213 (4, 3)","Special Projects in Fine Arts","M","6:00 PM - 9:50 PM","Ahn, Seongmin","OL 01","3","1","Online Sync",
"012","28331","ARTS 6213 (4, 3)","Special Projects in Fine Arts","W","6:00 PM - 9:50 PM","Purse, Elliot","KP 483","1","1","In-Person",
"014","28316","ARTS 6213 (4, 3)","Special Projects in Fine Arts","TH","10:00 AM - 1:50 PM","Macdougall Iii, Malcolm","KP 263","1","1","In-Person",
"013","28303","ARTS 6213 (4, 3)","Special Projects in Fine Arts","TH","10:00 AM - 1:50 PM","Mackie, Lisa","KP 433","2","1","In-Person",
"007","28326","ARTS 6213 (4, 3)","Special Projects in Fine Arts","T","10:00 AM - 1:50 PM","Smith, Krista-Louise","KP 461","2","3","In-Person",
"005","28319","ARTS 6213 (4, 3)","Special Projects in Fine Arts","M","1:40 PM - 5:30 PM","Lieb, Nathaniel","KP 263","0","1","In-Person",
"006","28335","ARTS 6213 (4, 3)","Special Projects in Fine Arts","W","8:00 AM - 11:50 AM","Powhida, William","KP 483","0","1","In-Person",
"002","28322","ARTS 6213 (4, 3)","Special Projects in Fine Arts","M","8:00 AM - 11:50 AM","Lieb, Nathaniel","KP 263","1","1","In-Person",
"010","28329","ARTS 6213 (4, 3)","Special Projects in Fine Arts","T","2:00 PM - 5:50 PM","Smith, Krista-Louise","KP 461","0","1","In-Person",
"001","27521","ARTS 7251 (3, 3)","MFA Graduate Seminar I","T","4:00 PM - 7:50 PM","Kauper, Kurt","KP 672","1","4","In-Person",
"001","27519","ARTS 7252 (3, 3)","MFA Graduate Seminar II","T","4:00 PM - 7:50 PM","Kauper, Kurt","KP 672","2","4","In-Person",
"001","27522","ARTS 7253 (3, 3)","MFA Graduate Seminar III","T","4:00 PM - 7:50 PM","Kauper, Kurt","KP 672","0","4","In-Person",
"001","27518","ARTS 7254 (3, 3)","MFA Graduate Seminar IV","T","4:00 PM - 7:50 PM","Kauper, Kurt","KP 672","1","4","In-Person",
"002","28302","ARTS 7271 (4, 3)","Printmaking","TH","10:00 AM - 1:50 PM","Mackie, Lisa","KP 433","1","1","In-Person",
"011","27066","ARTS 7272 (3, 3)","Photography","W","1:40 PM - 5:30 PM","Gonzalez, Antonio","KP 140","0","1","In-Person",
"006","29060","ARTS 7272 (3, 3)","Photography","TH","10:00 AM - 1:50 PM","Diaz, Marisol","IB 212","0","1","In-Person",
"016","29124","ARTS 7272 (3, 3)","Photography","T","6:00 PM - 9:50 PM","Minielli, Gina","IB 212","2","3","Hybrid Sync",
"015","29126","ARTS 7272 (3, 3)","Photography","TH","2:00 PM - 5:50 PM","Minielli, Gina","IB 212","0","3","Hybrid Sync",
"014","29127","ARTS 7272 (3, 3)","Photography","TH","10:00 AM - 1:50 PM","Mesa-Pelly, Deborah","IB 213","0","3","In-Person",
"010","27067","ARTS 7272 (3, 3)","Photography","M","10:00 AM - 1:50 PM","Dodson, Laura","IB 212","0","1","In-Person",
"012","29076","ARTS 7272 (3, 3)","Photography","TH","6:00 PM - 9:50 PM","Harris, Steven","KP 140","2","3","In-Person",
"005","28294","ARTS 728 (4, 3)","Sculpture Techniques","TH","2:00 PM - 5:50 PM","Macdougall Iii, Malcolm","KP 281","1","1","In-Person",
"009","28298","ARTS 728 (4, 3)","Sculpture Techniques","F","10:00 AM - 1:50 PM","Ebner, Rosanne","KP 181","0","1","In-Person",
"003","28318","ARTS 728 (4, 3)","Sculpture Techniques","M","1:40 PM - 5:30 PM","Lieb, Nathaniel","KP 263","0","1","In-Person",
"004","28317","ARTS 728 (4, 3)","Sculpture Techniques","TH","10:00 AM - 1:50 PM","Macdougall Iii, Malcolm","KP 263","0","1","In-Person",
"002","28867","ARTS 728 (4, 3)","Sculpture Techniques","M","8:00 AM - 11:50 AM","Lieb, Nathaniel"," ","0","1","In-Person",
"007","28292","ARTS 728 (4, 3)","Sculpture Techniques","T","10:00 AM - 1:50 PM","Marino-Jones, Mary","KP 181","0","1","In-Person",
"011","28865","ARTS 728 (4, 3)","Sculpture Techniques","TH","2:00 PM - 5:50 PM","Mulford, Anne"," ","1","1","In-Person",
"012","28864","ARTS 728 (4, 3)","Sculpture Techniques","T","10:00 AM - 1:50 PM","Greco, Matthew"," ","0","1","In-Person",
"006","28313","ARTS 728 (4, 3)","Sculpture Techniques","M","8:00 AM - 11:50 AM","Marino-Jones, Mary","KP 181","1","1","In-Person",
"008","28311","ARTS 728 (4, 3)","Sculpture Techniques","W","1:40 PM - 5:30 PM","Ebner, Rosanne","KP 181","0","1","In-Person",
"010","28866","ARTS 728 (4, 3)","Sculpture Techniques","TH","10:00 AM - 1:50 PM","Mittal, Puneeta","KP 181","0","1","In-Person",
"002","28863","ARTS 729 (3, 3)","Individual Criticism","&nbsp;"," - ","Greco, Matthew"," ","1","1","In-Person",
"001","29686","ARTS 729 (3, 3)","Individual Criticism","&nbsp;"," - ","Gonzalez, Antonio"," ","1","1","In-Person",
"004","28861","ARTS 729 (3, 3)","Individual Criticism","&nbsp;"," - ","Kauper, Kurt"," ","1","1","In-Person",
"003","28862","ARTS 729 (3, 3)","Individual Criticism","&nbsp;"," - ","Ho, Sin-Ying"," ","1","1","In-Person",
"001","52637","ARTS 731 (4, 3)","Seminar Problems of Represent","T","10:00 AM - 1:50 PM","Kauper, Kurt","KP 672","0","1","In-Person",
"006","40518","ARTS 735 (4, 3)","VT: Advanced Problems Studio","W","1:40 PM - 5:30 PM","Rodriguez, Adriana"," ","0","35","In-Person",
"002","40488","ARTS 735 (4, 3)","VT: Advanced Problems Studio","TH","2:00 PM - 5:50 PM","Macdougall Iii, Malcolm","KP 281","0","1","In-Person",
"001","28333","ARTS 735 (4, 3)","VT: Advanced Problems Studio","W","8:00 AM - 11:50 AM","Powhida, William","KP 483","0","1","In-Person",
"004","40499","ARTS 735 (4, 3)","VT: Advanced Problems Studio","M","6:00 PM - 9:50 PM","Ahn, Seongmin","OL 01","0","1","In-Person",
"007","40521","ARTS 735 (4, 3)","VT: Advanced Problems Studio","W","1:40 PM - 5:30 PM","Powhida, William","KP 483","0","1","In-Person",
"008","40522","ARTS 735 (4, 3)","VT: Advanced Problems Studio","T","6:00 PM - 9:50 PM","Ahn, Seongmin"," ","0","1","In-Person",
"009","40523","ARTS 735 (4, 3)","VT: Advanced Problems Studio","T","10:00 AM - 1:50 PM","Smith, Krista-Louise","KP 461","0","1","In-Person",
"003","40492","ARTS 735 (4, 3)","VT: Advanced Problems Studio","W","6:00 PM - 9:50 PM","Purse, Elliot","KP 483","0","1","In-Person",
"005","40503","ARTS 735 (4, 3)","VT: Advanced Problems Studio","T","2:00 PM - 5:50 PM","Smith, Krista-Louise","KP 461","1","1","In-Person",
"003","40462","ASL 111 (4, 4)","American Sign Language I","M, W","8:00 AM - 10:00 AM","Flaucher, Robert","QH 335B","19","25","Hybrid Sync",
"001","27390","ASL 111 (4, 4)","American Sign Language I","T, TH","10:05 AM - 11:55 AM","King, Carmen","QH 260","25","25","Hybrid Sync",
"002","40460","ASL 111 (4, 4)","American Sign Language I","F","9:10 AM - 1:00 PM","Flaucher, Robert","QH 335B","19","25","Hybrid Sync",
"03","28078","ASTR 001 (3, 3)","General Astronomy","T, TH","10:45 AM - 12:00 PM","Gangji, Al-Karim","RE 100","38","75","In-Person",
"5","28079","ASTR 001 (3, 3)","General Astronomy","SU","11:00 AM - 1:50 PM","Civiletti, Matthew","OL 01","73","100","Online Sync",
"01","27911","ASTR 001 (3, 3)","General Astronomy","M, W","3:40 PM - 4:55 PM","Gangji, Al-Karim","SB C201","21","100","In-Person",
"LAB1","28065","ASTR 002 (5, 4)","General Astronomy with Lab","T","12:10 PM - 2:00 PM","Dublin, Andrew","QH 174","10","25","In-Person",
"01","28064","ASTR 002 (5, 4)","General Astronomy with Lab","T, TH","10:45 AM - 12:00 PM","Gangji, Al-Karim","RE 100","10","25","In-Person",
"003","52978","ASTR 201 (4, 4)","Introduction to Astrophysics I","M, W","3:40 PM - 5:30 PM","Bell, Keaton","SB A143","2","25","In-Person",
"005C","27401","BALA 101 (3, 3)","Business and Society","M, W","4:30 PM - 5:45 PM","Leventhal, Steven","PH 212","0","25","In-Person",
"008","27399","BALA 101 (3, 3)","Business and Society","T, TH","10:45 AM - 12:00 PM","Adsetts, Philip","RA 202","9","40","In-Person",
"007","29690","BALA 101 (3, 3)","Business and Society","M","6:30 PM - 9:20 PM",", ","PH 152","0","40","In-Person",
"001","27398","BALA 101 (3, 3)","Business and Society","T, TH","12:15 PM - 1:30 PM","Kelly, Charles","OL 01","28","32","Online Sync",
"002","27397","BALA 101 (3, 3)","Business and Society","T, TH","10:45 AM - 12:00 PM","Kelly, Charles","OL 01","14","32","Online Sync",
"009","31682","BALA 101 (3, 3)","Business and Society","TH","6:30 PM - 9:20 PM","Hull, Geordan","OL 01","30","30","Online Sync",
"011","54478","BALA 101 (3, 3)","Business and Society","F","1:40 PM - 4:30 PM","Asif, Salma","PH 112","0","40","In-Person",
"004","27396","BALA 101 (3, 3)","Business and Society","T, TH","9:15 AM - 10:30 AM","Nazerian, Arda","HH 17","0","13","In-Person",
"002","27086","BALA 103W (3, 3)","Critical Thinking in Business","T, TH","9:15 AM - 10:30 AM","Underwood, Jocelyn","KY 417","15","25","In-Person",
"001","27089","BALA 103W (3, 3)","Critical Thinking in Business","M, W","9:15 AM - 10:30 AM","Kuhn, Susan","KY 419","19","25","In-Person",
"001","27579","BALA 200 (3, 3)","Entrepreneurship &amp; Innovation","M, W","10:45 AM - 12:00 PM","Leventhal, Steven","PH 212","20","25","In-Person",
"003","29744","BALA 200 (3, 3)","Entrepreneurship &amp; Innovation","M, W","1:40 PM - 2:55 PM","Leventhal, Steven","PH 212","18","25","In-Person",
"001","27527","BALA 201W (3, 3)","Business Communications","M, W","10:45 AM - 12:00 PM","Kuhn, Susan","KY 419","12","25","In-Person",
"002","27528","BALA 201W (3, 3)","Business Communications","T, TH","10:45 AM - 12:00 PM","Nazerian, Arda","HH 17","18","25","In-Person",
"001","28513","BALA 250 (3, 3)","Principles of Marketing","T, TH","3:10 PM - 4:25 PM",", ","HH 17","11","25","Hybrid Sync",
"001","29700","BALA 302 (3, 3)","Law and Ethics of Business","T, TH","9:15 AM - 10:30 AM","Morrison, Tariqua","KY 419","12","25","In-Person",
"002","27081","BALA 302 (3, 3)","Law and Ethics of Business","M, W","10:45 AM - 12:00 PM",", ","HH 17","8","25","In-Person",
"001","27080","BALA 303 (3, 3)","Strategic Mgmt &amp; Leadership","T, TH","9:15 AM - 10:30 AM","Adsetts, Philip","PH 212","6","25","In-Person",
"002","28788","BALA 303 (3, 3)","Strategic Mgmt &amp; Leadership","M, W","9:15 AM - 10:30 AM","Leventhal, Steven","PH 212","12","25","In-Person",
"1F","27318","BIOL 011 (6, 4)","Intro to College Biology","TH","5:00 PM - 7:50 PM","Emmett, Joseph","CH 204","19","20","In-Person",
"1F","27318","BIOL 011 (6, 4)","Intro to College Biology","TH","5:00 PM - 7:50 PM","Muehlbauer, Esther","CH 204","19","20","In-Person",
"1","27332","BIOL 011 (6, 4)","Intro to College Biology","T, TH","12:15 PM - 1:30 PM","Muehlbauer, Esther","RE 100","120","200","In-Person",
"1E","27319","BIOL 011 (6, 4)","Intro to College Biology","TH","9:10 AM - 12:00 PM","Emmett, Joseph","CH 204","18","20","In-Person",
"1E","27319","BIOL 011 (6, 4)","Intro to College Biology","TH","9:10 AM - 12:00 PM","Muehlbauer, Esther","CH 204","18","20","In-Person",
"1H","27322","BIOL 011 (6, 4)","Intro to College Biology","S","9:10 AM - 12:00 PM","Emmett, Joseph","CH 204","5","20","In-Person",
"1H","27322","BIOL 011 (6, 4)","Intro to College Biology","S","9:10 AM - 12:00 PM","Muehlbauer, Esther","CH 204","5","20","In-Person",
"1A","27323","BIOL 011 (6, 4)","Intro to College Biology","M","5:00 PM - 7:50 PM","Emmett, Joseph","CH 204","13","20","In-Person",
"1A","27323","BIOL 011 (6, 4)","Intro to College Biology","M","5:00 PM - 7:50 PM","Muehlbauer, Esther","CH 204","13","20","In-Person",
"1D","27324","BIOL 011 (6, 4)","Intro to College Biology","W","1:40 PM - 4:30 PM","Emmett, Joseph","CH 204","20","20","In-Person",
"1D","27324","BIOL 011 (6, 4)","Intro to College Biology","W","1:40 PM - 4:30 PM","Muehlbauer, Esther","CH 204","20","20","In-Person",
"1J","27325","BIOL 011 (6, 4)","Intro to College Biology","TH","1:40 PM - 4:30 PM","Emmett, Joseph","CH 204","19","20","In-Person",
"1J","27325","BIOL 011 (6, 4)","Intro to College Biology","TH","1:40 PM - 4:30 PM","Muehlbauer, Esther","CH 204","19","20","In-Person",
"1G","27327","BIOL 011 (6, 4)","Intro to College Biology","F","1:40 PM - 4:30 PM","Emmett, Joseph","CH 204","9","20","In-Person",
"1G","27327","BIOL 011 (6, 4)","Intro to College Biology","F","1:40 PM - 4:30 PM","Muehlbauer, Esther","CH 204","9","20","In-Person",
"1I","27328","BIOL 011 (6, 4)","Intro to College Biology","T","1:40 PM - 4:30 PM","Emmett, Joseph","CH 204","20","20","In-Person",
"1I","27328","BIOL 011 (6, 4)","Intro to College Biology","T","1:40 PM - 4:30 PM","Muehlbauer, Esther","CH 204","20","20","In-Person",
"1C","27329","BIOL 011 (6, 4)","Intro to College Biology","W","6:30 PM - 9:20 PM","Emmett, Joseph","CH 204","7","20","In-Person",
"1C","27329","BIOL 011 (6, 4)","Intro to College Biology","W","6:30 PM - 9:20 PM","Muehlbauer, Esther","CH 204","7","20","In-Person",
"1EVE","27330","BIOL 011 (6, 4)","Intro to College Biology","T","6:30 PM - 9:20 PM","Emmett, Joseph","RE 100","27","180","In-Person",
"1EVE","27330","BIOL 011 (6, 4)","Intro to College Biology","T","6:30 PM - 9:20 PM","Muehlbauer, Esther","RE 100","27","180","In-Person",
"1B","27331","BIOL 011 (6, 4)","Intro to College Biology","T","9:10 AM - 12:00 PM","Emmett, Joseph","CH 204","17","20","In-Person",
"1B","27331","BIOL 011 (6, 4)","Intro to College Biology","T","9:10 AM - 12:00 PM","Muehlbauer, Esther","CH 204","17","20","In-Person",
"1","27332","BIOL 011 (6, 4)","Intro to College Biology","T, TH","12:15 PM - 1:30 PM","Emmett, Joseph","RE 100","120","200","In-Person",
"2","27576","BIOL 013 (3, 3)","Writing Sci - Life Sci Themes","TH","9:10 AM - 12:00 PM","Muehlbauer, Esther","SB D139","11","25","In-Person",
"1","27577","BIOL 013 (3, 3)","Writing Sci - Life Sci Themes","T","9:10 AM - 12:00 PM","Muehlbauer, Esther","SB D139","12","25","In-Person",
"E","52884","BIOL 040 (6, 4)","Anatomy and Physiology I","TH","9:10 AM - 12:00 PM","Ilyayev, Reuven","SB B245","24","24","In-Person",
"1B","27566","BIOL 040 (6, 4)","Anatomy and Physiology I","W","9:10 AM - 12:00 PM","Ilyayev, Reuven","SB B245","24","24","In-Person",
"1C","27568","BIOL 040 (6, 4)","Anatomy and Physiology I","TH","1:40 PM - 4:30 PM","Ilyayev, Reuven","SB B245","24","24","In-Person",
"1A","27569","BIOL 040 (6, 4)","Anatomy and Physiology I","M","5:00 PM - 7:50 PM","Ilyayev, Reuven","SB B245","24","24","In-Person",
"1D","27570","BIOL 040 (6, 4)","Anatomy and Physiology I","S","9:10 AM - 12:00 PM","Ilyayev, Reuven","SB B245","24","24","In-Person",
"1","27572","BIOL 040 (6, 4)","Anatomy and Physiology I","TH","5:00 PM - 7:20 PM","Ilyayev, Reuven","KY 150","120","120","In-Person",
"1C","27562","BIOL 041 (6, 4)","Anatomy and Physiology II","W","5:00 PM - 7:50 PM","Sheridan, Eva","SB B243","24","24","In-Person",
"1A","27563","BIOL 041 (6, 4)","Anatomy and Physiology II","T","1:40 PM - 4:30 PM","Sheridan, Eva","SB B243","24","24","In-Person",
"1D","27564","BIOL 041 (6, 4)","Anatomy and Physiology II","TH","9:10 AM - 12:00 PM","Sheridan, Eva","SB B243","24","24","In-Person",
"1","27565","BIOL 041 (6, 4)","Anatomy and Physiology II","T","5:00 PM - 7:50 PM","Sheridan, Eva","KY 150","72","72","In-Person",
"1A","27315","BIOL 044 (6, 4)","Food and Human Microbiology","W","1:40 PM - 4:30 PM","Cheema, Saima","SB D341","12","18","In-Person",
"1","27316","BIOL 044 (6, 4)","Food and Human Microbiology","M","1:40 PM - 4:30 PM","Cheema, Saima","SB D139","12","18","In-Person",
"1A","27506","BIOL 045 (6, 4)","Microbiology for Health Profes","W","5:00 PM - 7:50 PM","Cheema, Saima","SB D341","18","18","In-Person",
"1","27507","BIOL 045 (6, 4)","Microbiology for Health Profes","M","1:40 PM - 4:30 PM","Cheema, Saima","SB D139","18","36","In-Person",
"1A","27288","BIOL 105 (6, 4)","Physiol &amp; Cell Biol","M","9:10 AM - 12:00 PM","Fath, Karl","SB B237","20","20","In-Person",
"1J","27287","BIOL 105 (6, 4)","Physiol &amp; Cell Biol","TH","1:40 PM - 4:30 PM","Garofalo, Salvatore","SB B237","21","20","In-Person",
"1D","27290","BIOL 105 (6, 4)","Physiol &amp; Cell Biol","T","9:10 AM - 12:00 PM","Fath, Karl","SB B237","20","20","In-Person",
"1D","27290","BIOL 105 (6, 4)","Physiol &amp; Cell Biol","T","9:10 AM - 12:00 PM","Garofalo, Salvatore","SB B237","20","20","In-Person",
"1B","27291","BIOL 105 (6, 4)","Physiol &amp; Cell Biol","M","1:40 PM - 4:30 PM","Fath, Karl","SB B237","10","10","In-Person",
"1B","27291","BIOL 105 (6, 4)","Physiol &amp; Cell Biol","M","1:40 PM - 4:30 PM","Garofalo, Salvatore","SB B237","10","10","In-Person",
"1F","27293","BIOL 105 (6, 4)","Physiol &amp; Cell Biol","T","5:00 PM - 7:50 PM","Fath, Karl","SB B237","12","15","In-Person",
"1F","27293","BIOL 105 (6, 4)","Physiol &amp; Cell Biol","T","5:00 PM - 7:50 PM","Garofalo, Salvatore","SB B237","12","15","In-Person",
"1G","27294","BIOL 105 (6, 4)","Physiol &amp; Cell Biol","W","9:10 AM - 12:00 PM","Fath, Karl","SB B237","20","20","In-Person",
"1G","27294","BIOL 105 (6, 4)","Physiol &amp; Cell Biol","W","9:10 AM - 12:00 PM","Garofalo, Salvatore","SB B237","20","20","In-Person",
"1K","27295","BIOL 105 (6, 4)","Physiol &amp; Cell Biol","F","9:10 AM - 12:00 PM","Fath, Karl","SB B237","16","15","In-Person",
"1K","27295","BIOL 105 (6, 4)","Physiol &amp; Cell Biol","F","9:10 AM - 12:00 PM","Garofalo, Salvatore","SB B237","16","15","In-Person",
"1M","27296","BIOL 105 (6, 4)","Physiol &amp; Cell Biol","W","5:00 PM - 7:50 PM","Fath, Karl","SB B237","6","20","In-Person",
"1M","27296","BIOL 105 (6, 4)","Physiol &amp; Cell Biol","W","5:00 PM - 7:50 PM","Garofalo, Salvatore","SB B237","6","20","In-Person",
"1L","27298","BIOL 105 (6, 4)","Physiol &amp; Cell Biol","F","1:40 PM - 4:30 PM","Fath, Karl","SB B237","5","10","In-Person",
"1L","27298","BIOL 105 (6, 4)","Physiol &amp; Cell Biol","F","1:40 PM - 4:30 PM","Garofalo, Salvatore","SB B237","5","10","In-Person",
"1E","27301","BIOL 105 (6, 4)","Physiol &amp; Cell Biol","T","1:40 PM - 4:30 PM","Fath, Karl","SB B237","20","20","In-Person",
"1E","27301","BIOL 105 (6, 4)","Physiol &amp; Cell Biol","T","1:40 PM - 4:30 PM","Garofalo, Salvatore","SB B237","20","20","In-Person",
"1C","27302","BIOL 105 (6, 4)","Physiol &amp; Cell Biol","M","5:00 PM - 7:50 PM","Fath, Karl","SB B237","11","20","In-Person",
"1C","27302","BIOL 105 (6, 4)","Physiol &amp; Cell Biol","M","5:00 PM - 7:50 PM","Garofalo, Salvatore","SB B237","11","20","In-Person",
"1H","27303","BIOL 105 (6, 4)","Physiol &amp; Cell Biol","W","1:40 PM - 4:30 PM","Fath, Karl","SB B237","20","20","In-Person",
"1H","27303","BIOL 105 (6, 4)","Physiol &amp; Cell Biol","W","1:40 PM - 4:30 PM","Garofalo, Salvatore","SB B237","20","20","In-Person",
"1I","27304","BIOL 105 (6, 4)","Physiol &amp; Cell Biol","TH","9:10 AM - 12:00 PM","Fath, Karl","SB B237","20","20","In-Person",
"1I","27304","BIOL 105 (6, 4)","Physiol &amp; Cell Biol","TH","9:10 AM - 12:00 PM","Garofalo, Salvatore","SB B237","20","20","In-Person",
"1","27305","BIOL 105 (6, 4)","Physiol &amp; Cell Biol","T, TH","12:15 PM - 1:30 PM","Fath, Karl","KY 170","201","260","In-Person",
"1","27305","BIOL 105 (6, 4)","Physiol &amp; Cell Biol","T, TH","12:15 PM - 1:30 PM","Garofalo, Salvatore","KY 170","201","260","In-Person",
"1J","27287","BIOL 105 (6, 4)","Physiol &amp; Cell Biol","TH","1:40 PM - 4:30 PM","Fath, Karl","SB B237","21","20","In-Person",
"1A","27288","BIOL 105 (6, 4)","Physiol &amp; Cell Biol","M","9:10 AM - 12:00 PM","Garofalo, Salvatore","SB B237","20","20","In-Person",
"1A","27277","BIOL 106 (6, 4)","Life-Form&amp;Ecosystems","T","9:10 AM - 12:00 PM","Baker, Mitchell","SB B241","15","15","In-Person",
"1A","27277","BIOL 106 (6, 4)","Life-Form&amp;Ecosystems","T","9:10 AM - 12:00 PM","Coleman, Joanna","SB B241","15","15","In-Person",
"1E","27278","BIOL 106 (6, 4)","Life-Form&amp;Ecosystems","W","1:40 PM - 4:30 PM","Baker, Mitchell","SB B241","19","20","In-Person",
"1E","27278","BIOL 106 (6, 4)","Life-Form&amp;Ecosystems","W","1:40 PM - 4:30 PM","Coleman, Joanna","SB B241","19","20","In-Person",
"1F","27279","BIOL 106 (6, 4)","Life-Form&amp;Ecosystems","W","5:00 PM - 7:50 PM","Baker, Mitchell","SB B241","14","15","In-Person",
"1F","27279","BIOL 106 (6, 4)","Life-Form&amp;Ecosystems","W","5:00 PM - 7:50 PM","Coleman, Joanna","SB B241","14","15","In-Person",
"1G","27283","BIOL 106 (6, 4)","Life-Form&amp;Ecosystems","TH","9:10 AM - 12:00 PM","Baker, Mitchell","SB B241","13","20","In-Person",
"1G","27283","BIOL 106 (6, 4)","Life-Form&amp;Ecosystems","TH","9:10 AM - 12:00 PM","Coleman, Joanna","SB B241","13","20","In-Person",
"1B","27284","BIOL 106 (6, 4)","Life-Form&amp;Ecosystems","T","1:40 PM - 4:30 PM","Baker, Mitchell","SB B241","15","20","In-Person",
"1B","27284","BIOL 106 (6, 4)","Life-Form&amp;Ecosystems","T","1:40 PM - 4:30 PM","Coleman, Joanna","SB B241","15","20","In-Person",
"1C","27285","BIOL 106 (6, 4)","Life-Form&amp;Ecosystems","T","5:00 PM - 7:30 PM","Baker, Mitchell","SB B241","15","20","In-Person",
"1C","27285","BIOL 106 (6, 4)","Life-Form&amp;Ecosystems","T","5:00 PM - 7:30 PM","Coleman, Joanna","SB B241","15","20","In-Person",
"01","27286","BIOL 106 (6, 4)","Life-Form&amp;Ecosystems","TH","6:30 PM - 9:20 PM","Baker, Mitchell","KY 170","91","120","In-Person",
"01","27286","BIOL 106 (6, 4)","Life-Form&amp;Ecosystems","TH","6:30 PM - 9:20 PM","Coleman, Joanna","KY 170","91","120","In-Person",
"1","29155","BIOL 200 (2, 2)","Foundations Of Research In Bio","TH","2:15 PM - 4:05 PM","Tajerian, Maral","SB D139","40","40","In-Person",
"1","29155","BIOL 200 (2, 2)","Foundations Of Research In Bio","TH","2:15 PM - 4:05 PM","Alvarado, Sebastian","SB D139","40","40","In-Person",
"1","27271","BIOL 201 (6, 4)","General Microbiology","W","2:15 PM - 4:05 PM","Cheema, Saima","RA 205","49","54","In-Person",
"1C","27270","BIOL 201 (6, 4)","General Microbiology","TH","6:30 PM - 10:20 PM","Cheema, Saima","SB D341","17","18","In-Person",
"1A","27269","BIOL 201 (6, 4)","General Microbiology","T","1:40 PM - 5:30 PM","Cheema, Saima","SB D341","14","18","In-Person",
"1B","27267","BIOL 201 (6, 4)","General Microbiology","W","8:10 AM - 12:00 PM","Cheema, Saima","SB D341","18","18","In-Person",
"1","45133","BIOL 245 (3, 3)","Evolution and Culture","T","9:10 AM - 12:00 PM",", ","RA 219","20","20","In-Person",
"1","29161","BIOL 286 (3, 3)","Principles of Cell Biology","M, W","1:40 PM - 2:55 PM","Fath, Karl","RE 100","108","121","In-Person",
"1","27349","BIOL 301 (3, 3)","Eco &amp; Evo of Infect Diseases","T","2:30 PM - 5:20 PM","Dennehy, John","SB D139","12","12","In-Person",
"1","27242","BIOL 325 (7, 4)","Adv Human Anatomy&amp;Physiology I","M","9:10 AM - 12:00 PM","Vesanen, Mika","SB D139","20","19","In-Person",
"1A","27241","BIOL 325 (7, 4)","Adv Human Anatomy&amp;Physiology I","T","8:10 AM - 12:00 PM","Vesanen, Mika","SB D101","20","19","In-Person",
"1","29046","BIOL 339 (6, 4)","Urban Ecology","M","1:40 PM - 4:30 PM",", ","CH 203","7","15","In-Person",
"1","29046","BIOL 339 (6, 4)","Urban Ecology","W","1:40 PM - 4:30 PM","Coleman, Joanna","SB D139","7","15","In-Person",
"1","28263","BIOL 360 (6, 4)","Vertebrate Histology","T","6:30 PM - 8:20 PM","Ma, Pokay","SB D135","15","15","In-Person",
"1A","28565","BIOL 360 (6, 4)","Vertebrate Histology","TH","6:30 PM - 10:20 PM","Ma, Pokay","SB D101","15","15","In-Person",
"1","27263","BIOL 363 (5, 3)","Lab Tech Cellular","F","9:10 AM - 2:00 PM","Cheema, Saima","SB D335","18","18","In-Person",
"1","28447","BIOL 366 (3, 3)","Immunology","W","6:30 PM - 9:20 PM","Vesanen, Mika","SB D139","2","20","Hybrid Sync",
"1","28914","BIOL 373 (4, 4)","Neurobiology","T","12:10 PM - 2:00 PM","Tajerian, Maral","PH 130","31","60","In-Person",
"1","29065","BIOL 381 (1, 1)","Colloquium in Biology","W","11:10 AM - 12:00 PM","Alvarado, Sebastian","SB D139","7","20","In-Person",
"1","28459","BIOL 3853 (3, 3)","Special Topics I","M","1:40 PM - 4:30 PM","Dubuc, Timothy","QH 270A","14","15","In-Person",
"1","29702","BIOL 3854 (4, 4)","Special Topics I","W","1:40 PM - 4:30 PM",", ","SB D141","5","20","In-Person",
"2","29063","BIOL 3854 (4, 4)","Special Topics I","W","9:10 AM - 12:00 PM",", ","QH 260","8","20","In-Person",
"2","29063","BIOL 3854 (4, 4)","Special Topics I","M","9:10 AM - 12:00 PM",", ","SB D141","8","20","In-Person",
"1","29702","BIOL 3854 (4, 4)","Special Topics I","W","9:10 AM - 12:00 PM",", ","SB D141","5","20","In-Person",
"1","44106","BIOL 3903 (3, 3)","Research in Biology I","&nbsp;"," - ","Dennehy, John"," ","3","5","In-Person",
"1","27348","BIOL 601 (3, 3)","Eco &amp; Evo of Infect Diseases","T","2:30 PM - 5:20 PM","Dennehy, John","SB D139","2","5","In-Person",
"1","45134","BIOL 645 (3, 3)","Evol &amp; Cult Beh","T","9:10 AM - 12:00 PM",", ","RA 219","2","4","In-Person",
"1","28446","BIOL 666 (3, 3)","Immunology.","W","6:30 PM - 9:20 PM","Vesanen, Mika","SB D139","0","5","Hybrid Sync",
"1","33751","BIOL 6804 (6, 4)","VT: Field Biology Studies","W","1:40 PM - 4:30 PM","Coleman, Joanna","SB D139","0","5","In-Person",
"1","33751","BIOL 6804 (6, 4)","VT: Field Biology Studies","M","1:40 PM - 4:30 PM",", ","CH 203","0","5","In-Person",
"1","29029","BIOL 6853 (3, 3)","Special Topics","M","1:40 PM - 4:30 PM","Dubuc, Timothy","QH 270A","0","5","In-Person",
"1","27260","BIOL 6854 (6, 4)","Special Topics","T","6:30 PM - 8:20 PM","Ma, Pokay","SB D135","0","5","In-Person",
"2","27258","BIOL 6854 (6, 4)","Special Topics","M","9:10 AM - 12:00 PM","Vesanen, Mika","SB D139","0","2","In-Person",
"2A","27256","BIOL 6854 (6, 4)","Special Topics","T","8:10 AM - 12:00 PM","Vesanen, Mika","SB D101","0","2","In-Person",
"1A","27257","BIOL 6854 (6, 4)","Special Topics","TH","6:30 PM - 10:20 PM","Ma, Pokay","SB D101","0","5","In-Person",
"1","29030","BIOL 700 (4, 4)","Genetics","F","1:00 PM - 4:30 PM","Melendez, Alicia","OC OFFCAMP","0","5","In-Person",
"1","27200","BIOL 710 (5, 5)","Molecular Biology","T, TH","6:30 PM - 9:20 PM","Short, Timothy","SB D139","9","15","In-Person",
"1","29057","BIOL 791 (1, 1)","Colloquium","W","11:10 AM - 12:00 PM","Alvarado, Sebastian","SB D139","3","5","In-Person",
"001","28016","BUS 101 (3, 3)","Personal Finance &amp; Investment","M, W","10:45 AM - 12:00 PM","Wang, Tao","RO 230","74","85","In-Person",
"002","28940","BUS 101 (3, 3)","Personal Finance &amp; Investment","T, TH","3:10 PM - 4:25 PM","Nix, Joan","SB C203","53","85","In-Person",
"001","28180","BUS 111 (3, 3)","Introduction to Management","T, TH","5:00 PM - 6:15 PM","Asif, Salma","PH 116","45","45","In-Person",
"002","55019","BUS 111 (3, 3)","Introduction to Management","M, W","5:00 PM - 6:15 PM","Mitchell, Karl","KY 264","2","50","In-Person",
"002","34526","BUS 140 (3, 3)","Intro to Business Analytics","T, TH","12:15 PM - 1:30 PM","Penaranda Tomas, Francisco","RE 101","82","115","In-Person",
"002","27991","BUS 160W (3, 3)","Intro To Bus Writ","T, TH","1:40 PM - 2:55 PM","Mitchell, Karl","KY 419","9","25","In-Person",
"003","27992","BUS 160W (3, 3)","Intro To Bus Writ","M","6:30 PM - 9:20 PM","Mitchell, Karl","KY 419","0","25","In-Person",
"004","28712","BUS 160W (3, 3)","Intro To Bus Writ","M, W","1:40 PM - 2:55 PM","Kuhn, Susan","KY 271","13","25","In-Person",
"007","27990","BUS 241 (3, 3)","Corporate Finance","T, TH","3:10 PM - 4:25 PM","Asif, Salma","PH 117","26","45","In-Person",
"009","28363","BUS 241 (3, 3)","Corporate Finance","M, W","6:30 PM - 7:45 PM","Abreu, Dorian","PH 155","44","45","In-Person",
"008","28932","BUS 241 (3, 3)","Corporate Finance","M, W","10:45 AM - 12:00 PM","Yildirim, Alev","KY 170","92","115","In-Person",
"002","28025","BUS 241 (3, 3)","Corporate Finance","T, TH","5:00 PM - 6:15 PM","Michel, Roland","PH 155","9","45","In-Person",
"003","28040","BUS 241 (3, 3)","Corporate Finance","M, W","3:10 PM - 4:25 PM","Debora, David","PH 154","42","45","In-Person",
"006","28037","BUS 241 (3, 3)","Corporate Finance","T, TH","9:15 AM - 10:30 AM","Hwang, Daniel","PH 154","33","45","In-Person",
"005","28008","BUS 241 (3, 3)","Corporate Finance","S","1:00 PM - 3:50 PM","Michel, Roland","PH 113","9","45","In-Person",
"003","28036","BUS 243 (3, 3)","Econ of Distribution&amp;Marketing","M, W","9:15 AM - 10:30 AM","Price, Cristina","PH 154","30","50","In-Person",
"002","27989","BUS 243 (3, 3)","Econ of Distribution&amp;Marketing","T, TH","6:30 PM - 7:45 PM","Sun, Jing","PH 154","7","50","In-Person",
"001","27988","BUS 247 (3, 3)","Managerial Economics","T, TH","5:00 PM - 6:15 PM","Liu, Gaoquan","PH 156","27","45","In-Person",
"003","27998","BUS 247 (3, 3)","Managerial Economics","M, W","5:00 PM - 6:15 PM","Candelo-Londono, Natalia","KY 270","55","85","Hybrid Async",
"002","28012","BUS 341W (3, 3)","Intermediate Finance","T, TH","1:40 PM - 2:55 PM","Marest, Luc","KY 317","14","25","In-Person",
"004","53307","BUS 341W (3, 3)","Intermediate Finance","T, TH","5:00 PM - 6:15 PM","Nix, Joan","PH 157","6","25","Hybrid Sync",
"003","28007","BUS 341W (3, 3)","Intermediate Finance","M, W","1:40 PM - 2:55 PM","Yildirim, Alev","KY 281","23","25","In-Person",
"001","28011","BUS 350 (3, 3)","Investment Analysis","M, W","10:45 AM - 12:00 PM","Marest, Luc","RA 202","32","35","In-Person",
"001","28706","BUS 351 (3, 3)","Financial Markets","M, W","1:40 PM - 2:55 PM","Thurston, Thom","KY 419","12","25","Hybrid Sync",
"001","28024","BUS 353 (3, 3)","Options and Futures Market","TH","6:55 PM - 9:45 PM","Talisse, Edward","PH 108","20","25","Hybrid Sync",
"001","28014","BUS 356 (3, 3)","Applied Financial Analysis","&nbsp;"," - ","Marshall, Cara"," ","15","30","Hybrid Async",
"001","28023","BUS 383 (3, 3)","Seminar In Business","&nbsp;"," - ","Wolk, Marianne","KY 281","16","20","Hybrid Async",
"001","28023","BUS 383 (3, 3)","Seminar In Business","&nbsp;"," - ","Horwitz, Richard","KY 281","16","20","Hybrid Async",
"001","28017","BUS 390 (3, 3)","Artificial Intelligence","M, W","10:45 AM - 12:00 PM","Pitschner, Stefan","RA 214","6","20","In-Person",
"001","44060","CERT 499 (0, 0)","Cert Full Time","&nbsp;"," - ",", "," ","0","35","In-Person",
"001","44059","CERT 899 (0, 0)","Certified Full Time","&nbsp;"," - ",", "," ","0","35","In-Person",
"5","29507","CHEM 1011 (3, 1)","Basic Chemistry Laboratory","W","1:40 PM - 4:30 PM","Pathak, Sanjai","RE 151","14","24","In-Person",
"4","29508","CHEM 1011 (3, 1)","Basic Chemistry Laboratory","W","9:10 AM - 12:00 PM","Pathak, Sanjai","RE 151","20","24","In-Person",
"3","29526","CHEM 1011 (3, 1)","Basic Chemistry Laboratory","T","9:10 AM - 12:00 PM","Pathak, Sanjai","RE 151","23","24","In-Person",
"2","29527","CHEM 1011 (3, 1)","Basic Chemistry Laboratory","M","1:40 PM - 4:30 PM","Pathak, Sanjai","RE 151","11","24","In-Person",
"6","29506","CHEM 1011 (3, 1)","Basic Chemistry Laboratory","T","6:30 PM - 9:20 PM","Pathak, Sanjai","RE 151","18","24","In-Person",
"1","29529","CHEM 1011 (3, 1)","Basic Chemistry Laboratory","T","1:40 PM - 4:30 PM","Pathak, Sanjai","RE 151","24","24","In-Person",
"7","29505","CHEM 1011 (3, 1)","Basic Chemistry Laboratory","F","9:10 AM - 12:00 PM","Pathak, Sanjai","RE 151","24","24","In-Person",
"8","29443","CHEM 1011 (3, 1)","Basic Chemistry Laboratory","TH","1:40 PM - 4:30 PM","Pathak, Sanjai","RE 151","24","24","In-Person",
"2","29432","CHEM 1013 (3, 3)","Basic Chemistry","M, W","3:10 PM - 4:25 PM","Burdett, Iva","RE 101","48","80","In-Person",
"1","29188","CHEM 1013 (3, 3)","Basic Chemistry","T, TH","10:45 AM - 12:00 PM","Burdett, Iva","RE 101","80","80","In-Person",
"4","29388","CHEM 1013 (3, 3)","Basic Chemistry","W","9:10 AM - 11:00 AM","Burdett, Iva","RE 017","50","50","Hybrid Sync",
"4","29388","CHEM 1013 (3, 3)","Basic Chemistry","W","9:10 AM - 11:00 AM","Sanders, Sheila","RE 017","50","50","Hybrid Sync",
"3","29393","CHEM 1013 (3, 3)","Basic Chemistry","TH","6:30 PM - 9:20 PM","Burdett, Iva","RE 017","0","80","In-Person",
"2","29404","CHEM 1021 (3, 1)","Basic Org Chem Lab","W","9:10 AM - 12:00 PM","Chen, Yu","RE 351","19","20","In-Person",
"1","29439","CHEM 1021 (3, 1)","Basic Org Chem Lab","T","1:40 PM - 4:30 PM","Chen, Yu","RE 351","18","20","In-Person",
"4","29402","CHEM 1021 (3, 1)","Basic Org Chem Lab","T","6:30 PM - 9:20 PM","Chen, Yu","RE 352","16","16","In-Person",
"1","28605","CHEM 1023 (3, 3)","Basic Organic Chemistry","M, W","3:10 PM - 4:25 PM",", ","RE 100","55","80","In-Person",
"3","29358","CHEM 1031 (3, 1)","Basic Biochemistry Laboratory","W","1:40 PM - 4:30 PM","Pathak, Sanjai","RE 153","12","24","In-Person",
"2","29359","CHEM 1031 (3, 1)","Basic Biochemistry Laboratory","TH","6:30 PM - 9:20 PM","Pathak, Sanjai","RE 151","10","24","In-Person",
"1","29311","CHEM 1033 (3, 3)","Basic Biochemistry","W","5:30 PM - 8:20 PM","Burdett, Iva","RE 017","28","90","In-Person",
"3","29348","CHEM 1131 (3, 1)","Intro Chem Tech","T","9:10 AM - 12:00 PM","Sanders, Sheila","RE 156","9","24","In-Person",
"4","29328","CHEM 1131 (3, 1)","Intro Chem Tech","T","1:40 PM - 4:30 PM","Sanders, Sheila","RE 156","16","24","In-Person",
"11","29346","CHEM 1131 (3, 1)","Intro Chem Tech","TH","6:30 PM - 9:20 PM","Sanders, Sheila","RE 156","11","24","In-Person",
"5","29326","CHEM 1131 (3, 1)","Intro Chem Tech","W","9:10 AM - 12:00 PM","Sanders, Sheila","RE 156","12","24","In-Person",
"7","29325","CHEM 1131 (3, 1)","Intro Chem Tech","TH","9:10 AM - 12:00 PM","Sanders, Sheila","RE 156","24","24","In-Person",
"8","29324","CHEM 1131 (3, 1)","Intro Chem Tech","TH","1:40 PM - 4:30 PM","Sanders, Sheila","RE 156","7","24","In-Person",
"12","29322","CHEM 1131 (3, 1)","Intro Chem Tech","W","1:40 PM - 4:30 PM","Sanders, Sheila","RE 156","15","24","In-Person",
"1","29349","CHEM 1131 (3, 1)","Intro Chem Tech","M","9:10 AM - 12:00 PM","Sanders, Sheila","RE 156","23","24","In-Person",
"1","29321","CHEM 1134 (4, 4)","General Chemistry I","T, TH","1:40 PM - 2:55 PM","Sanders, Sheila","RE 101","67","85","In-Person",
"1A","29320","CHEM 1134 (4, 4)","General Chemistry I","T","11:10 AM - 12:00 PM",", ","RE 105","22","40","In-Person",
"1B","29319","CHEM 1134 (4, 4)","General Chemistry I","T","3:00 PM - 3:50 PM",", ","RE 105","45","45","In-Person",
"2","29318","CHEM 1134 (4, 4)","General Chemistry I","M, W","1:40 PM - 2:55 PM","Samuni, Uri","RE 101","46","85","In-Person",
"2A","29316","CHEM 1134 (4, 4)","General Chemistry I","W","10:10 AM - 11:00 AM",", ","RE 105","22","40","In-Person",
"2B","29315","CHEM 1134 (4, 4)","General Chemistry I","TH","1:40 PM - 2:30 PM",", ","RE 105","24","45","In-Person",
"3","29314","CHEM 1134 (4, 4)","General Chemistry I","T","6:30 PM - 9:20 PM",", ","RE 101","37","60","In-Person",
"3A","29313","CHEM 1134 (4, 4)","General Chemistry I","T","5:30 PM - 6:20 PM",", ","RE 105","26","30","In-Person",
"3C","29312","CHEM 1134 (4, 4)","General Chemistry I","TH","5:30 PM - 6:20 PM",", ","RE 105","11","30","In-Person",
"4","28829","CHEM 1134 (4, 4)","General Chemistry I","W","6:30 PM - 7:20 PM",", ","RE 101","0","60","Hybrid Sync",
"4","28829","CHEM 1134 (4, 4)","General Chemistry I","M","8:00 AM - 9:50 AM","Sanders, Sheila","OL 01","0","60","Hybrid Sync",
"4","28829","CHEM 1134 (4, 4)","General Chemistry I","M","8:00 AM - 9:50 AM","Evans, Cherice","OL 01","0","60","Hybrid Sync",
"4A","28485","CHEM 1134 (4, 4)","General Chemistry I","W","7:30 PM - 8:20 PM","Evans, Cherice","RE 101","0","60","In-Person",
"2","29318","CHEM 1134 (4, 4)","General Chemistry I","M, W","1:40 PM - 2:55 PM","Sanders, Sheila","RE 101","46","85","In-Person",
"6","29167","CHEM 1141 (3, 1)","Quant&amp;Qual Analysis","T","6:30 PM - 9:20 PM","Wang, Chen","RE 153","16","24","In-Person",
"5","29170","CHEM 1141 (3, 1)","Quant&amp;Qual Analysis","TH","1:40 PM - 4:30 PM","Wang, Chen","RE 153","24","24","In-Person",
"4","29172","CHEM 1141 (3, 1)","Quant&amp;Qual Analysis","M","1:40 PM - 4:30 PM","Wang, Chen","RE 153","22","24","In-Person",
"3","29174","CHEM 1141 (3, 1)","Quant&amp;Qual Analysis","F","9:10 AM - 12:00 PM","Wang, Chen","RE 153","17","24","In-Person",
"2","29177","CHEM 1141 (3, 1)","Quant&amp;Qual Analysis","W","9:10 AM - 12:00 PM","Wang, Chen","RE 153","24","24","In-Person",
"3","29183","CHEM 1144 (4, 4)","General Chemistry II","M","9:10 AM - 12:00 PM","Mirkin, Michael","RE 017","9","45","In-Person",
"3","29183","CHEM 1144 (4, 4)","General Chemistry II","M","9:10 AM - 12:00 PM","Sanders, Sheila","RE 017","9","45","In-Person",
"1","29187","CHEM 1144 (4, 4)","General Chemistry II","T, TH","9:30 AM - 11:20 AM","Sanders, Sheila","RE 017","51","51","In-Person",
"2","29184","CHEM 1144 (4, 4)","General Chemistry II","T, TH","1:40 PM - 3:30 PM","Jang, Seogjoo","RE 017","38","45","In-Person",
"3","29183","CHEM 1144 (4, 4)","General Chemistry II","W","9:10 AM - 10:00 AM",", ","RE 105","9","45","In-Person",
"4","28285","CHEM 1144 (4, 4)","General Chemistry II","M","6:30 PM - 8:20 PM","Evans, Cherice","RE 017","17","45","Hybrid Sync",
"4","28285","CHEM 1144 (4, 4)","General Chemistry II","W","8:00 AM - 9:50 AM","Evans, Cherice","OL 01","17","45","Hybrid Sync",
"4","28285","CHEM 1144 (4, 4)","General Chemistry II","M","6:30 PM - 8:20 PM","Sanders, Sheila","RE 017","17","45","Hybrid Sync",
"1","29153","CHEM 163 (3, 3)","Chemistry in Modern Society","F","10:00 AM - 12:50 PM",", ","RE 017","6","60","In-Person",
"1","28288","CHEM 211 (4, 4)","Chem Therm&amp;Kinetics","T, TH","6:00 PM - 8:00 PM","Evans, Cherice","RE 205","7","20","Hybrid Sync",
"6","29141","CHEM 2511 (4, 1)","Organic Chemistry Laboratory I","T","6:30 PM - 10:20 PM","Choi, Jun Yong","RE 351","18","20","In-Person",
"3","29142","CHEM 2511 (4, 1)","Organic Chemistry Laboratory I","W","1:40 PM - 5:30 PM","Choi, Jun Yong","RE 351","16","20","In-Person",
"2","29147","CHEM 2511 (4, 1)","Organic Chemistry Laboratory I","T","8:10 AM - 12:00 PM","Choi, Jun Yong","RE 351","20","20","In-Person",
"1","29152","CHEM 2514 (4, 4)","Organic Chemistry I","T, TH","3:00 PM - 4:50 PM","Choi, Jun Yong","RE 101","56","120","In-Person",
"1","29133","CHEM 2521 (4, 1)","Organic Chem Lab II","TH","8:10 AM - 12:00 PM","Chen, Yu","RE 352","16","16","In-Person",
"3","29131","CHEM 2521 (4, 1)","Organic Chem Lab II","W","1:40 PM - 5:30 PM","Chen, Yu","RE 352","11","16","In-Person",
"4","29129","CHEM 2521 (4, 1)","Organic Chem Lab II","TH","6:30 PM - 10:20 PM","Chen, Yu","RE 352","16","16","In-Person",
"1","28934","CHEM 2524 (4, 4)","Organic Chem II","T, TH","4:00 PM - 5:55 PM","Chen, Yu","RE 100","46","120","In-Person",
"3","29125","CHEM 291 (3, 1)","Intr Rsch Chem&amp;Bioch","&nbsp;"," - ",", "," ","0","10","In-Person",
"2","29128","CHEM 291 (3, 1)","Intr Rsch Chem&amp;Bioch","&nbsp;"," - ",", "," ","2","30","In-Person",
"2","29122","CHEM 3211 (4, 1)","Practicum In Chem Edu","&nbsp;"," - ",", "," ","0","10","In-Person",
"3","29121","CHEM 3211 (4, 1)","Practicum In Chem Edu","&nbsp;"," - ",", "," ","0","10","In-Person",
"1","29123","CHEM 3211 (4, 1)","Practicum In Chem Edu","&nbsp;"," - ",", "," ","0","10","In-Person",
"1","29117","CHEM 3311W (4, 1)","Phys Inorg Chem Lab","F","9:15 AM - 1:05 PM","Wang, Chen","RE 354","7","14","In-Person",
"1","28286","CHEM 3313 (3, 3)","Inorganic Chemistry","W","4:20 PM - 6:50 PM","Wang, Chen","RE 105","8","15","In-Person",
"1","52537","CHEM 3411 (4, 1)","Instrumental Methods Lab","F","9:15 AM - 12:05 PM","Liu, Jianbo","RE 355","6","10","In-Person",
"1","29116","CHEM 3413 (3, 3)","Instrumental Methods","W","3:00 PM - 4:15 PM","Liu, Jianbo","RE 205","3","12","Hybrid Sync",
"1","29116","CHEM 3413 (3, 3)","Instrumental Methods","M","3:00 PM - 4:15 PM","Liu, Jianbo","OL 01","3","12","Hybrid Sync",
"1","28913","CHEM 371 (4, 4)","Biochemistry I","T, TH","1:10 PM - 3:00 PM","Rotenberg, Susan","CD 134","24","88","In-Person",
"1","29115","CHEM 381 (2, 2)","Seminar","M","11:15 AM - 12:05 PM","Choi, Jun Yong","RE 105","1","15","Hybrid Async",
"1","29115","CHEM 381 (2, 2)","Seminar","M","11:15 AM - 12:05 PM","Gianti, Eleonora","RE 105","1","15","Hybrid Async",
"1","29112","CHEM 3911 (4, 1)","Rsch Chem &amp; Biochem","&nbsp;"," - ","Gianti, Eleonora"," ","0","2","In-Person",
"1","53359","CHEM 3913 (12, 3)","Rsch Chem &amp; Biochem","&nbsp;"," - ","Choi, Jun Yong"," ","2","3","In-Person",
"1","29113","CHEM 395W (3, 3)","Senior Thesis","&nbsp;"," - ","Gianti, Eleonora"," ","0","20","In-Person",
"1","28464","CHEM 501 (2, 2)","Mod Concpt Gen Chem","T","6:30 PM - 9:20 PM",", ","RE 101","0","60","In-Person",
"1","28435","CHEM 503 (3, 3)","Selected Topics in Chemistry","M","6:30 PM - 8:20 PM","Evans, Cherice","RE 017","0","20","In-Person",
"1","28435","CHEM 503 (3, 3)","Selected Topics in Chemistry","W","8:00 AM - 9:50 AM","Evans, Cherice","OL 01","0","20","In-Person",
"1","28435","CHEM 503 (3, 3)","Selected Topics in Chemistry","M","6:30 PM - 8:20 PM","Sanders, Sheila","RE 017","0","20","In-Person",
"1","28919","CHEM 650 (4, 4)","Biochemistry","T, TH","1:10 PM - 3:00 PM","Rotenberg, Susan","CD 134","0","10","In-Person",
"1","28284","CHEM 710 (3, 3)","Advanced Inorganic Chemistry","W","4:20 PM - 6:50 PM","Wang, Chen","RE 105","0","8","In-Person",
"1","28287","CHEM 770 (3, 3)","Chem Thermodynamics","T, TH","6:00 PM - 8:00 PM","Evans, Cherice","RE 205","0","10","Hybrid Sync",
"1","29114","CHEM 781 (2, 2)","Advanced Seminar","M","11:15 AM - 12:05 PM","Gianti, Eleonora","RE 105","0","10","Hybrid Sync",
"1","29114","CHEM 781 (2, 2)","Advanced Seminar","M","11:15 AM - 12:05 PM","Choi, Jun Yong","RE 105","0","10","Hybrid Sync",
"1","53288","CHEM 7901 (8, 4)","Lab Techinique Analy&amp;Phys Chem","W","3:00 PM - 4:15 PM","Liu, Jianbo","RE 205","0","12","Hybrid Sync",
"2","53360","CHEM 7901 (8, 4)","Lab Techinique Analy&amp;Phys Chem","F","9:15 AM - 12:05 PM","Liu, Jianbo","RE 355","0","10","In-Person",
"1","53288","CHEM 7901 (8, 4)","Lab Techinique Analy&amp;Phys Chem","M","3:00 PM - 4:15 PM","Liu, Jianbo","OL 01","0","12","Hybrid Sync",
"1","29110","CHEM 7951 (1, 1)","Research","&nbsp;"," - ","Pathak, Sanjai"," ","0","5","In-Person",
"02","27261","CHIN 101 (4, 4)","Elementary Chinese I","M, W","10:05 AM - 11:55 AM","Ma, Li","QH 007","7","20","Hyflex",
"01","27262","CHIN 101 (4, 4)","Elementary Chinese I","T, TH","10:05 AM - 11:55 AM","Li, Xiao","QH 345C","9","20","In-Person",
"01","29028","CHIN 203 (3, 3)","Intermediate Chinese I","T, TH","5:00 PM - 6:15 PM","Li, Xiao","OL 01","8","15","Online Sync",
"01","27254","CHIN 250 (3, 3)","Classical Chinese I","W, F","1:40 PM - 2:55 PM","Shu, Yunzhong","QH 270A","7","20","In-Person",
"01","27253","CHIN 311 (3, 3)","Advanced Modern Chinese","M, W","1:40 PM - 2:55 PM","Ma, Li","QH 265H","7","20","In-Person",
"01","27252","CHIN 318 (3, 3)","Int Appl Chin Ling","T, TH","12:15 PM - 1:30 PM","Li, Xiao","QH 345C","7","20","In-Person",
"01","28912","CHIN 320 (3, 3)","Chinese Drama","T, TH","12:15 PM - 1:30 PM","Shih, Wen-Shan","QH 270A","11","25","In-Person",
"01","27251","CHIN 360 (3, 3)","Traditional Chinese Literature","W, F","10:45 AM - 12:00 PM","Shu, Yunzhong","QH 270A","1","20","In-Person",
"01","28911","CHIN 370 (3, 3)","Chinese Short Story","T, TH","3:10 PM - 4:25 PM","Shih, Wen-Shan","QH 270A","4","25","In-Person",
"01","28888","CLAS 130 (3, 3)","Roman Civilization","T, TH","3:10 PM - 4:25 PM","Allen, Joel","OL 01","5","5","Online Sync",
"01","28910","CLAS 140 (3, 3)","Classical Mythology","T","1:40 PM - 2:55 PM","Ranck, Jennifer","QH 270F","4","25","Hybrid Sync",
"01","28910","CLAS 140 (3, 3)","Classical Mythology","TH","1:40 PM - 2:55 PM","Ranck, Jennifer","OL 01","4","25","Hybrid Sync",
"02","27250","CLAS 150 (3, 3)","Grk/Lat Class Trans","M, W","10:45 AM - 12:00 PM",", ","QH 265H","17","25","In-Person",
"01","27249","CLAS 150 (3, 3)","Grk/Lat Class Trans","T","5:00 PM - 7:50 PM","Cassano Reed, Chaya","QH 270F","1","25","In-Person",
"01","51760","CLAS 240 (3, 3)","Religion Ancient Greeks&amp;Romans","&nbsp;"," - ",", "," ","0","5","In-Person",
"01","44081","CLAS 3003 (3, 3)","Topics in Classical Studies","W","6:40 PM - 8:40 PM","Allen, Joel","PH 115","1","2","In-Person",
"004","28397","CMLIT 101H (3, 3)","Global Literatures I","M, W","5:00 PM - 6:15 PM","Yamato, Lori","QH 181","1","25","In-Person",
"002","28722","CMLIT 101H (3, 3)","Global Literatures I","M, W","1:40 PM - 2:55 PM","Amatulli, Rosa","QH 181","4","25","In-Person",
"001","28755","CMLIT 101H (3, 3)","Global Literatures I","M, W","10:45 AM - 12:00 PM","Amatulli, Rosa","QH 181","4","25","In-Person",
"003","28721","CMLIT 101H (3, 3)","Global Literatures I","M, W","3:10 PM - 4:25 PM","Amatulli, Rosa","QH 181","2","20","In-Person",
"004","28756","CMLIT 101W (3, 3)","Global Literatures I","M","10:45 AM - 12:00 PM","Moudrov, Alexandre","QH 179","25","25","Hybrid Async",
"002","28652","CMLIT 101W (3, 3)","Global Literatures I","T, TH","9:15 AM - 10:30 AM","Lipyanskiy, Mikhail","QH 179","25","25","In-Person",
"001","28653","CMLIT 101W (3, 3)","Global Literatures I","T, TH","7:45 AM - 9:00 AM","Lipyanskiy, Mikhail","QH 179","12","25","In-Person",
"007","29151","CMLIT 101W (3, 3)","Global Literatures I","&nbsp;"," - ","Skafidas, Michael","OL 02","25","25","Online Async",
"008","29150","CMLIT 101W (3, 3)","Global Literatures I","&nbsp;"," - ","Skafidas, Michael","OL 02","25","25","Online Async",
"006","29213","CMLIT 101W (3, 3)","Global Literatures I","T, TH","3:10 PM - 4:25 PM","Skafidas, Michael","OL 01","25","25","Online Sync",
"005","28703","CMLIT 101W (3, 3)","Global Literatures I","M","1:40 PM - 2:55 PM","Moudrov, Alexandre","QH 179","25","25","Hybrid Async",
"003","28757","CMLIT 101W (3, 3)","Global Literatures I","M","9:15 AM - 10:30 AM","Moudrov, Alexandre","QH 179","20","25","Hybrid Async",
"004","28656","CMLIT 102W (3, 3)","Global Literatures II","T, TH","1:40 PM - 2:55 PM","Rupprecht, Caroline","QH 179","4","25","In-Person",
"002","29215","CMLIT 102W (3, 3)","Global Literatures II","M, W","9:15 AM - 10:30 AM","Ali, Ashna","OL 01","20","25","Online Sync",
"003","29214","CMLIT 102W (3, 3)","Global Literatures II","M, W","10:45 AM - 12:00 PM","Ali, Ashna","OL 01","24","25","Online Sync",
"005","28655","CMLIT 102W (3, 3)","Global Literatures II","T, TH","3:10 PM - 4:25 PM","Rupprecht, Caroline","QH 179","2","25","In-Person",
"001","28754","CMLIT 102W (3, 3)","Global Literatures II","M, W","10:45 AM - 12:00 PM","Thomas, Parker","QH 182","2","25","In-Person",
"001","28654","CMLIT 215W (3, 3)","Topics in Modern Literature","T, TH","10:45 AM - 12:00 PM","Rupprecht, Caroline","QH 179","9","25","In-Person",
"002","28719","CMLIT 215W (3, 3)","Topics in Modern Literature","M, W","3:10 PM - 4:25 PM","Yamato, Lori","QH 182","11","25","In-Person",
"001","33781","CMLIT 218 (3, 3)","Russia and the West","&nbsp;"," - ","Cheloukhina, Svetlana","OL 02","2","5","Online Async",
"001","27677","CMLIT 220W (3, 3)","East Asian Literature I","M, W","1:40 PM - 2:55 PM","Rogers, Joshua","KY 312","3","25","Hyflex",
"001","27677","CMLIT 220W (3, 3)","East Asian Literature I","M, W","1:40 PM - 2:55 PM","Rogers, Joshua","KY 312","3","25","Hyflex",
"001","28651","CMLIT 229W (3, 3)","Vt: Women In Modern World Lit","T, TH","1:40 PM - 2:55 PM","Winks, Christopher","QH 181","0","25","In-Person",
"001","28648","CMLIT 336 (3, 3)","Forms of Fiction","T, TH","3:10 PM - 4:25 PM","Katsan, Gerasimus","QH 181","1","5","In-Person",
"001","28720","CMLIT 383W (3, 3)","Advanced Seminars","M, W","1:40 PM - 2:55 PM","Yamato, Lori","QH 182","4","25","In-Person",
"HON1","40447","COOP 2011 (1, 1)","Orientation to World of Work","T","1:30 PM - 2:30 PM","Greene, Chrystle Claire","HH 17","0","24","In-Person",
"711","27725","CSCI 012 (4, 3)","Intro Computers &amp; Computation","SU","8:00 AM - 9:50 AM","Huang, Xiu","SB B131","6","25","In-Person",
"711A","27726","CSCI 012 (4, 3)","Intro Computers &amp; Computation","SU","10:05 AM - 11:55 AM","Huang, Xiu","SB B131","6","25","In-Person",
"131","27834","CSCI 048 (4, 3)","Spreadsheet Programming","M, W","6:30 PM - 7:20 PM","Jagdeo, Mellisa","SB C205","50","80","In-Person",
"211","27833","CSCI 048 (4, 3)","Spreadsheet Programming","T, TH","10:05 AM - 10:55 AM","Fried, Matthew","SB C205","100","100","In-Person",
"211A","27832","CSCI 048 (4, 3)","Spreadsheet Programming","T, TH","9:00 AM - 9:50 AM",", ","SB A223","25","25","In-Person",
"121A","27817","CSCI 048 (4, 3)","Spreadsheet Programming","M, W","2:45 PM - 3:35 PM",", ","SB B131","17","25","In-Person",
"211C","27830","CSCI 048 (4, 3)","Spreadsheet Programming","T, TH","11:10 AM - 12:00 PM",", ","SB B131","25","25","In-Person",
"121","27829","CSCI 048 (4, 3)","Spreadsheet Programming","M, W","1:40 PM - 2:30 PM","Steinberg, Oren","SB C205","31","80","In-Person",
"211D","27827","CSCI 048 (4, 3)","Spreadsheet Programming","T, TH","11:10 AM - 12:00 PM","Svitak, Joseph","SB A135H","25","25","In-Person",
"131B","27823","CSCI 048 (4, 3)","Spreadsheet Programming","M, W","7:30 PM - 8:20 PM","Jagdeo, Mellisa","SB B131","25","25","In-Person",
"211B","27821","CSCI 048 (4, 3)","Spreadsheet Programming","T, TH","9:00 AM - 9:50 AM",", ","SB A135H","25","25","In-Person",
"131A","27819","CSCI 048 (4, 3)","Spreadsheet Programming","M, W","5:30 PM - 6:20 PM",", ","SB B131","25","25","In-Person",
"121B","28906","CSCI 048 (4, 3)","Spreadsheet Programming","M, W","2:45 PM - 3:35 PM","Svitak, Joseph","SB A135H","14","25","In-Person",
"121A","52896","CSCI 080 (4, 3)","Problem Solving with Computers","T, TH","9:00 AM - 9:50 AM","Fried, Matthew","SB B131","0","25","In-Person",
"121","52893","CSCI 080 (4, 3)","Problem Solving with Computers","M, W","1:40 PM - 2:30 PM","Waxman, Jerry","SB B141","0","25","In-Person",
"221","27791","CSCI 111 (4, 3)","Intro Algorithmic Problem Solv","T, TH","1:40 PM - 2:30 PM","Akinlar, Cuneyt","SB C205","65","120","In-Person",
"231B","27788","CSCI 111 (4, 3)","Intro Algorithmic Problem Solv","T, TH","7:30 PM - 8:20 PM","Svitak, Joseph","SB A135H","4","25","In-Person",
"231","27789","CSCI 111 (4, 3)","Intro Algorithmic Problem Solv","T, TH","6:30 PM - 7:20 PM","Steinberg, Oren","SB C205","8","70","In-Person",
"221A","27783","CSCI 111 (4, 3)","Intro Algorithmic Problem Solv","T, TH","12:15 PM - 1:05 PM",", ","SB B131","22","25","In-Person",
"221B","27784","CSCI 111 (4, 3)","Intro Algorithmic Problem Solv","T, TH","12:15 PM - 1:05 PM",", ","SB A135H","15","25","In-Person",
"221C","27785","CSCI 111 (4, 3)","Intro Algorithmic Problem Solv","T, TH","2:45 PM - 3:35 PM",", ","SB B131","14","25","In-Person",
"231A","27786","CSCI 111 (4, 3)","Intro Algorithmic Problem Solv","T, TH","7:30 PM - 8:20 PM",", ","SB B131","4","25","In-Person",
"221D","27787","CSCI 111 (4, 3)","Intro Algorithmic Problem Solv","T, TH","2:45 PM - 3:35 PM",", ","SB A135H","14","25","In-Person",
"231A","28895","CSCI 112 (4, 3)","Intro Algori Prob Solving Java","T, TH","6:00 PM - 6:50 PM","Connor, Timothy","SB A135B","10","24","In-Person",
"231","28896","CSCI 112 (4, 3)","Intro Algori Prob Solving Java","T, TH","5:00 PM - 5:50 PM","Connor, Timothy","SB A135B","10","24","In-Person",
"111C","27711","CSCI 211 (4, 3)","Object-Oriented Program in C++","M, W","1:40 PM - 2:30 PM",", ","SB A135H","9","25","In-Person",
"111D","27709","CSCI 211 (4, 3)","Object-Oriented Program in C++","M, W","1:40 PM - 2:30 PM","Huang, Zhewen","SB A223","9","25","In-Person",
"111A","27710","CSCI 211 (4, 3)","Object-Oriented Program in C++","M, W","7:55 AM - 8:45 AM",", ","SB B131","6","25","In-Person",
"111","27715","CSCI 211 (4, 3)","Object-Oriented Program in C++","M, W","11:10 AM - 12:00 PM","Waxman, Jerry","SB C205","32","100","In-Person",
"231","27714","CSCI 211 (4, 3)","Object-Oriented Program in C++","T, TH","5:00 PM - 5:50 PM","Chyn, Xinying","SB C205","21","70","In-Person",
"111B","27712","CSCI 211 (4, 3)","Object-Oriented Program in C++","M, W","1:40 PM - 2:30 PM",", ","SB B131","8","25","In-Person",
"231A","27708","CSCI 211 (4, 3)","Object-Oriented Program in C++","T, TH","6:30 PM - 7:20 PM",", ","SB B131","17","25","In-Person",
"231B","27707","CSCI 211 (4, 3)","Object-Oriented Program in C++","M, W","6:30 PM - 7:20 PM",", ","SB A135H","4","25","In-Person",
"231B","27792","CSCI 212 (4, 3)","Object-Oriented Prog in Java","T, TH","8:30 PM - 9:20 PM",", ","SB A135H","14","25","In-Person",
"221B","27794","CSCI 212 (4, 3)","Object-Oriented Prog in Java","T, TH","1:40 PM - 2:30 PM",", ","SB A135H","18","25","In-Person",
"231A","27795","CSCI 212 (4, 3)","Object-Oriented Prog in Java","T, TH","8:30 PM - 9:20 PM",", ","SB B131","13","25","In-Person",
"221D","27796","CSCI 212 (4, 3)","Object-Oriented Prog in Java","M, W","3:50 PM - 4:40 PM","Huang, Zhewen","SB A135H","3","25","In-Person",
"221A","27797","CSCI 212 (4, 3)","Object-Oriented Prog in Java","T, TH","1:40 PM - 2:30 PM",", ","SB B131","18","25","In-Person",
"221C","27798","CSCI 212 (4, 3)","Object-Oriented Prog in Java","T, TH","3:50 PM - 4:40 PM",", ","SB B131","8","25","In-Person",
"231","27799","CSCI 212 (4, 3)","Object-Oriented Prog in Java","T, TH","7:30 PM - 8:20 PM","Akinlar, Cuneyt","SB C205","27","70","In-Person",
"221","27800","CSCI 212 (4, 3)","Object-Oriented Prog in Java","T, TH","12:15 PM - 1:05 PM","Chyn, Xinying","SB C205","47","100","In-Person",
"211","27721","CSCI 220 (3, 3)","Discrete Structures","T, TH","9:15 AM - 10:30 AM","Kahrobaei, Delaram","SB D133","25","25","In-Person",
"131","27722","CSCI 220 (3, 3)","Discrete Structures","M, W","5:00 PM - 6:15 PM","He, Kathy","PH 113","7","25","In-Person",
"121","27723","CSCI 220 (3, 3)","Discrete Structures","M, W","3:10 PM - 4:25 PM","Goldberg, Robert","OL 01","25","25","Online Sync",
"111","27724","CSCI 220 (3, 3)","Discrete Structures","M, W","9:15 AM - 10:30 AM","Obrenic, Bojana","SB B145","9","25","In-Person",
"221","27745","CSCI 240 (3, 3)","Computer Org &amp; Assembly Lang","T, TH","1:40 PM - 2:55 PM","Steinberg, Oren","QH 260","25","25","In-Person",
"222","27746","CSCI 240 (3, 3)","Computer Org &amp; Assembly Lang","T, TH","3:10 PM - 4:25 PM","Chyn, Xinying","PH 115","25","25","In-Person",
"131","27747","CSCI 240 (3, 3)","Computer Org &amp; Assembly Lang","M, W","6:30 PM - 7:45 PM","Telang, Gaurish","QH 260","8","25","In-Person",
"211","27749","CSCI 240 (3, 3)","Computer Org &amp; Assembly Lang","T, TH","10:45 AM - 12:00 PM","Fluture, Simina","PH 113","19","25","In-Person",
"131","27757","CSCI 313 (3, 3)","Data Structures","M, W","5:00 PM - 6:15 PM","Telang, Gaurish","QH 260","19","25","In-Person",
"222","27758","CSCI 313 (3, 3)","Data Structures","T, TH","1:40 PM - 2:55 PM","Phillips, Tsaiyun","SB B145","15","25","In-Person",
"111","27760","CSCI 313 (3, 3)","Data Structures","M, W","10:45 AM - 12:00 PM","Smith-Thompson, Anne","OL 01","28","28","Online Sync",
"221","27759","CSCI 313 (3, 3)","Data Structures","T, TH","12:15 PM - 1:30 PM","Steinberg, Oren","QH 260","28","28","In-Person",
"121","27698","CSCI 316 (3, 3)","Principles of Programming Lang","M, W","3:10 PM - 4:25 PM","Svadlenka, John","QH 250","38","38","In-Person",
"211","27701","CSCI 316 (3, 3)","Principles of Programming Lang","T, TH","10:45 AM - 12:00 PM","Smith-Thompson, Anne","OL 01","48","48","Online Sync",
"221","27700","CSCI 316 (3, 3)","Principles of Programming Lang","T, TH","12:15 PM - 1:30 PM","Tsai, Chialing","PH 132","38","38","In-Person",
"131","27702","CSCI 316 (3, 3)","Principles of Programming Lang","M, W","6:30 PM - 7:45 PM","Kong, Tatyung","PH 113","38","38","In-Person",
"122","27704","CSCI 320 (3, 3)","Theory of Computation","M, W","3:10 PM - 4:25 PM","Obrenic, Bojana","SB C205","59","59","In-Person",
"231","27703","CSCI 320 (3, 3)","Theory of Computation","T, TH","6:30 PM - 7:45 PM","Goswami, Mayank","SB B145","38","38","In-Person",
"111","27705","CSCI 320 (3, 3)","Theory of Computation","M, W","9:15 AM - 10:30 AM","Mitchell, Timothy","KY 417","35","35","In-Person",
"221","27743","CSCI 323 (3, 3)","Design &amp; Analysis Algorithms","T, TH","12:15 PM - 1:30 PM","Kahrobaei, Delaram","SB D133","32","32","In-Person",
"222","27742","CSCI 323 (3, 3)","Design &amp; Analysis Algorithms","T, TH","1:40 PM - 2:55 PM","Goswami, Mayank","SB B141","32","32","In-Person",
"111","27744","CSCI 323 (3, 3)","Design &amp; Analysis Algorithms","M, W","9:15 AM - 10:30 AM","Smith-Thompson, Anne","OL 01","40","40","Online Sync",
"231","27741","CSCI 323 (3, 3)","Design &amp; Analysis Algorithms","T, TH","5:00 PM - 6:15 PM","Phillips, Tsaiyun","SB B145","35","35","In-Person",
"213","27825","CSCI 325 (3, 3)","Machine Learning","T, TH","10:45 AM - 12:00 PM","Tsai, Chialing","PH 132","30","30","In-Person",
"232","27813","CSCI 328 (3, 3)","Algorithms for Big Data","T, TH","5:00 PM - 6:15 PM","Goswami, Mayank","SB D133","30","30","In-Person",
"121","27781","CSCI 331 (3, 3)","Database Systems","M, W","1:40 PM - 2:55 PM","Obrenic, Bojana","SB B145","40","40","In-Person",
"131","27780","CSCI 331 (3, 3)","Database Systems","M, W","8:00 PM - 9:15 PM","Telang, Gaurish","QH 260","40","40","In-Person",
"222","27778","CSCI 331 (3, 3)","Database Systems","T, TH","3:10 PM - 4:25 PM","Svadlenka, John","SB B145","38","40","In-Person",
"231","53991","CSCI 331 (3, 3)","Database Systems","T, TH","8:00 PM - 9:15 PM","Law, Raymond","SB A101","10","25","In-Person",
"221","27776","CSCI 331 (3, 3)","Database Systems","T, TH","1:40 PM - 2:55 PM","Chyn, Xinying","PH 115","40","40","In-Person",
"121","27756","CSCI 340 (3, 3)","Operating Systems Principles","M, W","1:40 PM - 2:55 PM","Svadlenka, John","QH 250","38","38","In-Person",
"111","53996","CSCI 340 (3, 3)","Operating Systems Principles","M, W","7:45 AM - 9:00 AM","Cesaretti, Paul","SB B141","25","25","In-Person",
"212","27753","CSCI 340 (3, 3)","Operating Systems Principles","T, TH","10:45 AM - 12:00 PM","Rahman, Md Mahbubur","SB B141","38","38","In-Person",
"211","27755","CSCI 340 (3, 3)","Operating Systems Principles","T, TH","7:45 AM - 9:00 AM","Fluture, Simina","PH 113","38","38","In-Person",
"231","27752","CSCI 340 (3, 3)","Operating Systems Principles","T, TH","5:00 PM - 6:15 PM","Akinlar, Cuneyt","QH 260","38","38","In-Person",
"222","27736","CSCI 343 (3, 3)","Computer Architecture","T, TH","3:10 PM - 4:25 PM","Rahman, Md Mahbubur","PH 116","35","35","In-Person",
"121","27740","CSCI 343 (3, 3)","Computer Architecture","M, W","3:10 PM - 4:25 PM","Telang, Gaurish","QH 260","35","35","In-Person",
"211","27738","CSCI 343 (3, 3)","Computer Architecture","T, TH","9:15 AM - 10:30 AM","Smith-Thompson, Anne","OL 01","45","45","Online Sync",
"221","27737","CSCI 343 (3, 3)","Computer Architecture","T, TH","1:40 PM - 2:55 PM","Fluture, Simina","PH 113","35","35","In-Person",
"212","27706","CSCI 344 (3, 3)","Distributed Systems","T, TH","9:15 AM - 10:30 AM","Fluture, Simina","PH 113","30","30","In-Person",
"223","27695","CSCI 348 (3, 3)","Data Communications","T, TH","3:10 PM - 4:25 PM","Akinlar, Cuneyt","QH 260","30","30","In-Person",
"231","27773","CSCI 355 (3, 3)","Internet and Web Technologies","T, TH","6:30 PM - 7:45 PM","Law, Raymond","SB A101","14","25","In-Person",
"131","27775","CSCI 355 (3, 3)","Internet and Web Technologies","M, W","5:00 PM - 6:15 PM","Svitak, Joseph","SB B145","30","30","In-Person",
"132","27774","CSCI 355 (3, 3)","Internet and Web Technologies","M, W","8:00 PM - 9:15 PM","Law, Raymond","SB A101","29","30","In-Person",
"112","28278","CSCI 361 (3, 3)","Numerical Methods","M, W","10:45 AM - 12:00 PM","Mitchell, Timothy","KY 417","25","25","In-Person",
"123","28787","CSCI 363 (3, 3)","Artificial Intelligence","M, W","3:10 PM - 4:25 PM","Gryak, Jonathan","SB B141","30","30","In-Person",
"221","27718","CSCI 370 (3, 3)","Software Engineering","T, TH","3:10 PM - 4:25 PM","Tsai, Chialing","PH 132","36","36","In-Person",
"231","27717","CSCI 370 (3, 3)","Software Engineering","T, TH","5:00 PM - 6:15 PM","Svadlenka, John","SB D135","36","36","In-Person",
"111","27719","CSCI 370 (3, 3)","Software Engineering","M, W","9:15 AM - 10:30 AM","Goldberg, Robert","OL 01","48","48","Online Sync",
"112","27720","CSCI 370 (3, 3)","Software Engineering","M, W","10:45 AM - 12:00 PM","Brown, Theodore","SB B141","36","36","In-Person",
"131","44981","CSCI 381 (3, 3)","VT: Special Topics in Comp Sci","M, W","6:30 PM - 7:45 PM","Law, Raymond","SB A101","30","30","In-Person",
"113","33806","CSCI 381 (3, 3)","VT: Special Topics in Comp Sci","M, W","10:45 AM - 12:00 PM",", ","SB B145","25","25","In-Person",
"221","27729","CSCI 381 (3, 3)","VT: Special Topics in Comp Sci","T, TH","12:15 PM - 1:30 PM","Phillips, Tsaiyun","SB B145","30","30","In-Person",
"233","27727","CSCI 381 (3, 3)","VT: Special Topics in Comp Sci","T, TH","6:30 PM - 7:45 PM","Boklan, Kent","SB B141","8","25","In-Person",
"111","27735","CSCI 381 (3, 3)","VT: Special Topics in Comp Sci","M, W","9:15 AM - 10:30 AM","Brown, Theodore","SB B141","30","30","In-Person",
"121","27734","CSCI 381 (3, 3)","VT: Special Topics in Comp Sci","M, W","1:40 PM - 2:55 PM","Goldberg, Robert","OL 01","35","35","Online Sync",
"122","27733","CSCI 381 (3, 3)","VT: Special Topics in Comp Sci","M, W","3:10 PM - 4:25 PM","Waxman, Jerry","SB B145","30","30","In-Person",
"222","27728","CSCI 381 (3, 3)","VT: Special Topics in Comp Sci","T, TH","1:40 PM - 2:55 PM","Rahman, Md Mahbubur","PH 116","30","30","In-Person",
"211","27730","CSCI 381 (3, 3)","VT: Special Topics in Comp Sci","T, TH","7:45 AM - 9:00 AM","Kahrobaei, Delaram","SB D133","30","30","In-Person",
"231","27731","CSCI 381 (3, 3)","VT: Special Topics in Comp Sci","T, TH","5:00 PM - 6:15 PM","Steinberg, Oren","SB B141","30","30","In-Person",
"231A","27826","CSCI 611 (4, 3)","Advanced Programming in C++","T, TH","6:30 PM - 7:20 PM",", ","SB B131","0","1","In-Person",
"231","27820","CSCI 611 (4, 3)","Advanced Programming in C++","T, TH","5:00 PM - 5:50 PM","Chyn, Xinying","SB C205","0","1","In-Person",
"231A","27824","CSCI 612 (4, 3)","Advanced Programming in Java","T, TH","8:30 PM - 9:20 PM",", ","SB B131","0","1","In-Person",
"231","27816","CSCI 612 (4, 3)","Advanced Programming in Java","T, TH","7:30 PM - 8:20 PM","Akinlar, Cuneyt","SB C205","0","1","In-Person",
"131","27818","CSCI 613 (3, 3)","Data Structures","M, W","5:00 PM - 6:15 PM","Telang, Gaurish","QH 260","0","1","In-Person",
"131","27828","CSCI 620 (3, 3)","Discrete Structures","M, W","5:00 PM - 6:15 PM","He, Kathy","PH 113","0","1","In-Person",
"131","27814","CSCI 640 (3, 3)","Comp Org &amp; Assembly Lang","M, W","6:30 PM - 7:45 PM","Telang, Gaurish","QH 260","0","1","In-Person",
"131","27815","CSCI 655 (3, 3)","Internet and Web Technologies","M, W","5:00 PM - 6:15 PM","Svitak, Joseph","SB B145","0","1","In-Person",
"231","27763","CSCI 700 (3, 3)","Algorithms I","T, TH","5:00 PM - 6:15 PM","Phillips, Tsaiyun","SB B145","0","4","In-Person",
"111","27767","CSCI 700 (3, 3)","Algorithms I","M, W","9:15 AM - 10:30 AM","Smith-Thompson, Anne","OL 01","2","4","Online Sync",
"221","27766","CSCI 700 (3, 3)","Algorithms I","T, TH","12:15 PM - 1:30 PM","Kahrobaei, Delaram","SB D133","2","4","In-Person",
"222","27765","CSCI 700 (3, 3)","Algorithms I","T, TH","1:40 PM - 2:55 PM","Goswami, Mayank","SB B141","0","4","In-Person",
"121","27771","CSCI 711 (3, 3)","Database Systems","M, W","1:40 PM - 2:55 PM","Obrenic, Bojana","SB B145","1","4","In-Person",
"131","27770","CSCI 711 (3, 3)","Database Systems","M, W","8:00 PM - 9:15 PM","Telang, Gaurish","QH 260","0","2","In-Person",
"222","27769","CSCI 711 (3, 3)","Database Systems","T, TH","3:10 PM - 4:25 PM","Svadlenka, John","SB B145","0","2","In-Person",
"221","27768","CSCI 711 (3, 3)","Database Systems","T, TH","1:40 PM - 2:55 PM","Chyn, Xinying","PH 115","2","2","In-Person",
"212","27716","CSCI 715 (3, 3)","Distributed Computing","T, TH","9:15 AM - 10:30 AM","Fluture, Simina","PH 113","8","10","In-Person",
"121","27762","CSCI 722 (3, 3)","Computability and Complexity","M, W","1:40 PM - 2:55 PM","Goldberg, Robert","OL 01","6","8","Online Sync",
"222","28619","CSCI 744 (3, 3)","Comp Architecture &amp; Networks","T, TH","3:10 PM - 4:25 PM","Rahman, Md Mahbubur","PH 116","0","5","In-Person",
"221","27750","CSCI 744 (3, 3)","Comp Architecture &amp; Networks","T, TH","1:40 PM - 2:55 PM","Fluture, Simina","PH 113","1","5","In-Person",
"121","27751","CSCI 744 (3, 3)","Comp Architecture &amp; Networks","M, W","3:10 PM - 4:25 PM","Telang, Gaurish","QH 260","2","5","In-Person",
"223","27693","CSCI 748 (3, 3)","Computer Networks","T, TH","3:10 PM - 4:25 PM","Akinlar, Cuneyt","QH 260","4","4","In-Person",
"112","28277","CSCI 761 (3, 3)","Numerical Methods","M, W","10:45 AM - 12:00 PM","Mitchell, Timothy","KY 417","0","2","In-Person",
"111","27812","CSCI 780 (3, 3)","Special Topics in Computer Sci","M, W","9:15 AM - 10:30 AM","Brown, Theodore","SB B141","1","2","In-Person",
"122","27811","CSCI 780 (3, 3)","Special Topics in Computer Sci","M, W","3:10 PM - 4:25 PM","Waxman, Jerry","SB B145","0","4","In-Person",
"123","27810","CSCI 780 (3, 3)","Special Topics in Computer Sci","M, W","3:10 PM - 4:25 PM","Gryak, Jonathan","SB B141","4","4","In-Person",
"232","27808","CSCI 780 (3, 3)","Special Topics in Computer Sci","T, TH","5:00 PM - 6:15 PM","Goswami, Mayank","SB D133","4","4","In-Person",
"211","27807","CSCI 780 (3, 3)","Special Topics in Computer Sci","T, TH","7:45 AM - 9:00 AM","Kahrobaei, Delaram","SB D133","2","2","In-Person",
"213","27806","CSCI 780 (3, 3)","Special Topics in Computer Sci","T, TH","10:45 AM - 12:00 PM","Tsai, Chialing","PH 132","2","2","In-Person",
"233","27804","CSCI 780 (3, 3)","Special Topics in Computer Sci","T, TH","6:30 PM - 7:45 PM","Boklan, Kent","SB B141","3","4","In-Person",
"221","27803","CSCI 780 (3, 3)","Special Topics in Computer Sci","T, TH","12:15 PM - 1:30 PM","Phillips, Tsaiyun","SB B145","3","4","In-Person",
"222","27802","CSCI 780 (3, 3)","Special Topics in Computer Sci","T, TH","1:40 PM - 2:55 PM","Rahman, Md Mahbubur","PH 116","2","3","In-Person",
"231","27801","CSCI 780 (3, 3)","Special Topics in Computer Sci","T, TH","5:00 PM - 6:15 PM","Steinberg, Oren","SB B141","4","4","In-Person",
"113","33807","CSCI 780 (3, 3)","Special Topics in Computer Sci","M, W","10:45 AM - 12:00 PM",", ","SB B145","4","4","In-Person",
"131","44982","CSCI 780 (3, 3)","Special Topics in Computer Sci","M, W","6:30 PM - 7:45 PM","Law, Raymond","SB A101","3","4","In-Person",
"004","29523","DANCE 150 (3, 3)","Introduction to Dance","&nbsp;"," - ","Critchell, Yinmei","OL 02","25","25","Online Async",
"001","28857","DANCE 150 (3, 3)","Introduction to Dance","T, TH","12:15 PM - 1:30 PM","Davis, Marshall","RA 101B","0","0","In-Person",
"003","29149","DANCE 150 (3, 3)","Introduction to Dance","&nbsp;"," - ","Fittante, Carlos","OL 02","25","25","Online Async",
"002","29524","DANCE 150 (3, 3)","Introduction to Dance","T, TH","10:45 AM - 12:00 PM","Weeks, Edisa","RA 101A","30","30","In-Person",
"001","27678","DANCE 151 (3, 3)","Dance And Culture","M, W","1:40 PM - 2:55 PM","Lieber, Molly","RA 101B","22","25","In-Person",
"002","29522","DANCE 151 (3, 3)","Dance And Culture","&nbsp;"," - ","Fittante, Carlos","OL 02","25","25","Online Async",
"001","29444","DANCE 160 (3, 2)","Modern Dance I","M, W","10:45 AM - 12:00 PM","Hui, Guanglei","RA 101B","9","25","In-Person",
"001","29521","DANCE 161 (3, 2)","Ballet I","M, W","9:15 AM - 10:30 AM","Hui, Guanglei","RA 101A","14","24","In-Person",
"001","29369","DANCE 165 (3, 2)","Chi Gong","M, W","9:15 AM - 10:30 AM","Critchell, Yinmei","RA 101B","8","20","In-Person",
"001","29449","DANCE 173 (3, 3)","Choreography I","T, TH","1:40 PM - 2:55 PM","Weeks, Edisa","RA 101A","7","15","In-Person",
"001","29447","DANCE 199 (3, 1)","Dance Technique Practicum","&nbsp;"," - ","Weeks, Edisa"," ","0","6","In-Person",
"001","29452","DANCE 259 (3, 3)","Analysis of Dance Movement","F","12:30 PM - 3:20 PM","Carstens, Marie","RA 101A","5","20","In-Person",
"001","29442","DANCE 269 (3, 2)","Jazz II","T, TH","12:15 PM - 1:30 PM","Lee, David","RA 101A","11","24","In-Person",
"001","27092","DANCE 290 (1, 1)","Practicum in Technical Theatre","&nbsp;"," - ","Griffith, William"," ","0","14","In-Person",
"001","27531","DANCE 350W (3, 3)","Time &amp; Dance Image In U.S. I","M","1:40 PM - 4:30 PM","Mylechreest, Kellyn","RA 101A","10","20","In-Person",
"003","29435","DANCE 3803 (3, 3)","Dance Production","T, TH","3:10 PM - 4:25 PM",", ","RA 101A","0","10","In-Person",
"002","29437","DANCE 3803 (3, 3)","Dance Production","T, TH","1:40 PM - 2:55 PM","Davis, Marshall","RA 101B","0","10","In-Person",
"001","29438","DANCE 3803 (3, 3)","Dance Production","M, W","10:45 AM - 12:00 PM","Critchell, Yinmei","RA 101A","0","10","In-Person",
"004","29434","DANCE 3803 (3, 3)","Dance Production","T, TH","5:00 PM - 6:15 PM","Weeks, Edisa","RA 101A","0","10","In-Person",
"JM2A","29204","DATA 205 (6, 4)","Introductory Analytics","TH","5:00 PM - 6:50 PM",", ","OL 01","8","30","Online Sync",
"JM2B","29203","DATA 205 (6, 4)","Introductory Analytics","TH","5:00 PM - 6:50 PM",", ","OL 01","13","30","Online Sync",
"JM2C","29202","DATA 205 (6, 4)","Introductory Analytics","TH","5:00 PM - 6:50 PM",", ","OL 01","13","30","Online Sync",
"JM2D","29201","DATA 205 (6, 4)","Introductory Analytics","TH","5:00 PM - 6:50 PM",", ","OL 01","14","30","Online Sync",
"JUM2","29200","DATA 205 (6, 4)","Introductory Analytics","T","5:00 PM - 6:50 PM","Zhang, Yinxian","OL 01","48","120","Online Sync",
"JM1D","28552","DATA 205 (6, 4)","Introductory Analytics","W","10:05 AM - 11:55 AM",", ","QH 179","8","24","Hybrid Sync",
"JM1C","28553","DATA 205 (6, 4)","Introductory Analytics","W","10:05 AM - 11:55 AM",", ","IB 213","8","24","Hybrid Sync",
"JM1B","28554","DATA 205 (6, 4)","Introductory Analytics","W","10:05 AM - 11:55 AM",", ","KY 323","6","24","Hybrid Sync",
"JUM1","28918","DATA 205 (6, 4)","Introductory Analytics","M","10:05 AM - 11:55 AM","Ore, Peter","SB B137","24","80","Hybrid Sync",
"JM1A","28555","DATA 205 (6, 4)","Introductory Analytics","W","10:05 AM - 11:55 AM",", ","KY 319","2","24","Hybrid Sync",
"JM3C","29197","DATA 212W (6, 4)","Research Methods","TH","6:30 PM - 8:20 PM",", ","OL 01","11","25","Online Sync",
"1A","28707","DATA 212W (6, 4)","Research Methods","W","1:40 PM - 3:30 PM","Sperry, Ryan","KY 319","25","25","In-Person",
"2","28626","DATA 212W (6, 4)","Research Methods","T","1:40 PM - 3:30 PM","Strickland, Suzanne","KY 429","8","25","In-Person",
"1","28708","DATA 212W (6, 4)","Research Methods","M","1:40 PM - 3:30 PM","Sperry, Ryan","KY 319","25","25","In-Person",
"2A","28625","DATA 212W (6, 4)","Research Methods","TH","1:40 PM - 3:30 PM","Strickland, Suzanne","KY 429","8","25","In-Person",
"JM3A","29199","DATA 212W (6, 4)","Research Methods","TH","6:30 PM - 8:20 PM",", ","OL 01","9","25","Online Sync",
"JM3B","29198","DATA 212W (6, 4)","Research Methods","TH","6:30 PM - 8:20 PM",", ","OL 01","10","25","Online Sync",
"JM3D","29196","DATA 212W (6, 4)","Research Methods","TH","6:30 PM - 8:20 PM",", ","OL 01","10","25","Online Sync",
"JUM3","29195","DATA 212W (6, 4)","Research Methods","T","6:30 PM - 8:20 PM","Strickland, Suzanne","OL 01","40","100","Online Sync",
"2","28429","DATA 235 (3, 3)","Data and Society","M, W","6:30 PM - 8:20 PM","Morello, Michael","KY 317","5","25","In-Person",
"3","29194","DATA 235 (3, 3)","Data and Society","F","9:10 AM - 12:00 PM","Rosales, Kristine","OL 01","37","50","Online Sync",
"1","28705","DATA 306 (3, 3)","Data Analysis and Modeling","M, W","1:40 PM - 2:55 PM","Cohen, Joseph","KY 427","24","25","In-Person",
"1","28758","DATA 333 (3, 3)","Data Mngt, Processing, &amp; Vis","M, W","10:45 AM - 12:00 PM","Xu, Hongwei","KY 429","17","25","In-Person",
"2A","28878","DATA 334 (6, 4)","Applied Research","W","1:40 PM - 3:30 PM","Skarpelis, Anna","PH 208","16","24","In-Person",
"1","28630","DATA 334 (6, 4)","Applied Research","M","10:05 AM - 11:55 AM","Tang, Joyce","KY 319","6","24","In-Person",
"1A","28784","DATA 334 (6, 4)","Applied Research","W","10:05 AM - 11:55 AM","Tang, Joyce","PH 208","6","24","In-Person",
"2","28584","DATA 334 (6, 4)","Applied Research","M","1:40 PM - 3:30 PM","Skarpelis, Anna","RA 210","16","25","In-Person",
"3","28166","DATA 334 (6, 4)","Applied Research","T","5:00 PM - 6:50 PM","Rhindress, Mindy","PH 351","25","25","Hybrid Sync",
"3A","28163","DATA 334 (6, 4)","Applied Research","TH","5:00 PM - 6:50 PM","Rhindress, Mindy","PH 351","25","25","Hybrid Sync",
"1","28356","DATA 710 (6, 4)","Basic Analytics","M","6:30 PM - 8:20 PM","Xu, Hongwei","PH 304","1","25","Hybrid Sync",
"2","51818","DATA 716 (3, 3)","Prof Writ&amp;Comm Social Research","TH","6:30 PM - 8:20 PM","Weinberg, Dana","PH 253","2","25","Hybrid Sync",
"1","28167","DATA 734 (3, 3)","Appl Soc Rsrch Marketing I","T","6:55 PM - 8:35 PM","Rhindress, Mindy","PH 351","2","20","Hybrid Sync",
"1","28193","DATA 736 (3, 3)","Demography","T","6:30 PM - 8:30 PM","Reed, Holly","PH 108","1","35","In-Person",
"2","51819","DATA 765 (6, 4)","Special Topics Research Method","W","6:30 PM - 8:20 PM","Song, Shige","PH 204","0","20","Hybrid Sync",
"1","29193","DATA 7893 (3, 3)","Internship Soc Res","&nbsp;"," - ","Sperry, Ryan","OL 02","0","15","Hybrid Async",
"4","51820","DATA 790 (3, 3)","Vt:Sem Select Topics","M","6:30 PM - 8:20 PM","Cohen, Joseph","PH 351","2","20","Hybrid Sync",
"3","51822","DATA 790 (3, 3)","Vt:Sem Select Topics","W","6:30 PM - 8:20 PM","Weinberg, Dana","PH 351","1","20","Hybrid Sync",
"1","29192","DATA 791 (3, 3)","Tutorial","&nbsp;"," - ","Sperry, Ryan","OL 02","0","15","Hybrid Async",
"1","29191","DATA 793 (3, 3)","Thesis Research","&nbsp;"," - ","Sperry, Ryan","OL 02","0","15","Hybrid Async",
"001","27513","DESN 172 (4, 3)","Game Design","M","8:10 AM - 12:00 PM","Marzec, Amelia","OL 01","17","17","Online Sync",
"002","29005","DESN 187 (4, 3)","Graphic Novel I","M","1:40 PM - 5:30 PM","Thurber, Matthew","KP 481","17","17","In-Person",
"001","27657","DESN 187 (4, 3)","Graphic Novel I","F","2:00 PM - 5:50 PM","Price, Ada","IB 213","8","8","In-Person",
"002","29004","DESN 188 (4, 3)","Illustration I","TH","2:00 PM - 5:50 PM","Jones, Raymond","KP 481","16","17","In-Person",
"003","29003","DESN 188 (4, 3)","Illustration I","T","10:00 AM - 1:50 PM","Lee, Hye Su","KP 481","14","17","In-Person",
"004","29002","DESN 188 (4, 3)","Illustration I","M","8:10 AM - 12:00 PM",", ","KP 481","6","17","In-Person",
"005","29001","DESN 188 (4, 3)","Illustration I","T","2:00 PM - 5:50 PM","Verdi, Colin","OL 01","15","17","Online Sync",
"003","27548","DESN 190 (4, 3)","Design Foundations","F","10:00 AM - 1:50 PM","Tolstikova, Daria","IB 213","2","17","In-Person",
"001","27549","DESN 190 (4, 3)","Design Foundations","W","8:10 AM - 12:00 PM","Mork, Robin","IB 203","8","17","In-Person",
"002","27551","DESN 190 (4, 3)","Design Foundations","F","10:00 AM - 1:50 PM","Mork, Robin","OL 01","13","17","Online Sync",
"005","29000","DESN 190 (4, 3)","Design Foundations","TH","10:00 AM - 1:50 PM","Zender, Daniel","KP 107","7","17","In-Person",
"004","27550","DESN 190 (4, 3)","Design Foundations","M","8:10 AM - 12:00 PM","Won, Annie","OL 01","10","17","Online Sync",
"001","28999","DESN 191 (4, 3)","Basic Software for Design","SU","1:00 PM - 4:50 PM","Gruendler, Benjamin","KP 107","7","17","In-Person",
"003","28997","DESN 191 (4, 3)","Basic Software for Design","W","8:10 AM - 12:00 PM","Rho, Yisun","OL 01","11","17","Online Sync",
"004","28996","DESN 191 (4, 3)","Basic Software for Design","W","1:40 PM - 5:30 PM","Rho, Yisun","OL 01","5","17","Online Sync",
"002","28998","DESN 191 (4, 3)","Basic Software for Design","TH","9:00 AM - 12:50 PM","Jones, Raymond","PH 208","13","17","In-Person",
"001","27512","DESN 192 (4, 3)","Storyboarding &amp; Storytelling","W","1:40 PM - 5:30 PM","Lee, John","KP 481","17","17","In-Person",
"003","28994","DESN 193 (4, 3)","Motion Graphics I","SU","1:00 PM - 4:50 PM","Zhao, Cong","OL 01","17","17","Online Sync",
"002","28893","DESN 193 (4, 3)","Motion Graphics I","F","2:00 PM - 5:50 PM","Salcer, Alana","IB 203","11","17","Online Sync",
"004","40316","DESN 193 (4, 3)","Motion Graphics I","M","1:40 PM - 5:30 PM","Grella, Dustin","OL 01","17","17","Online Sync",
"001","28995","DESN 193 (4, 3)","Motion Graphics I","W","1:40 PM - 5:30 PM","Grella, Dustin","IB 203","12","17","In-Person",
"001","27350","DESN 194 (4, 3)","Risograph Printing","F","10:00 AM - 1:50 PM","Ruiz Lopez, Cecilia","KP 107","11","17","In-Person",
"002","28991","DESN 195 (4, 3)","Photoshop Basics","S","8:10 AM - 12:00 PM","Won, Annie","OL 01","17","17","Online Sync",
"001","28993","DESN 195 (4, 3)","Photoshop Basics","TH","10:00 AM - 1:50 PM","Price, Ada","OL 01","17","17","Online Sync",
"001","28990","DESN 207 (4, 3)","Intro to Video Editing I","M","1:40 PM - 5:30 PM","Dabrowska, Marta","OL 01","17","17","Online Sync",
"002","27648","DESN 211 (4, 3)","Intro to Adobe Illustrator","TH","2:00 PM - 5:50 PM","Lindner, Ellen","OL 01","8","17","Online Sync",
"001","27649","DESN 211 (4, 3)","Intro to Adobe Illustrator","S","1:00 PM - 4:50 PM","Grella, Drew","OL 01","6","17","Online Sync",
"001","28989","DESN 213 (4, 3)","3D Modeling","TH","2:00 PM - 5:50 PM","Voldman, Benjamin","IB 203","17","17","In-Person",
"001","27644","DESN 214 (4, 3)","Web Design I","F","10:00 AM - 1:50 PM","Marzec, Amelia","IB 212","17","17","In-Person",
"001","28988","DESN 215 (4, 3)","Traditional Animation","M","8:10 AM - 12:00 PM","Thurber, Matthew","IB 203","17","17","In-Person",
"003","28985","DESN 222 (4, 3)","Interaction Design","T","10:00 AM - 1:50 PM","Rozanova, Katya","OL 01","17","17","Online Sync",
"001","28987","DESN 222 (4, 3)","Interaction Design","TH","10:00 AM - 1:50 PM","Iijima, Chika","OL 01","17","17","Online Sync",
"002","28986","DESN 222 (4, 3)","Interaction Design","W","6:00 PM - 9:50 PM","Iijima, Chika","OL 01","17","17","Online Sync",
"001","28984","DESN 241 (4, 3)","Design I","S","1:00 PM - 4:50 PM","Guo, Jiacheng","KP 107","3","17","In-Person",
"004","28981","DESN 241 (4, 3)","Design I","F","10:00 AM - 1:50 PM","Salcer, Alana","IB 203","12","17","In-Person",
"003","28982","DESN 241 (4, 3)","Design I","F","2:00 PM - 5:50 PM","Ruiz Lopez, Cecilia","KP 107","12","17","In-Person",
"002","28983","DESN 241 (4, 3)","Design I","M","8:10 AM - 12:00 PM","Lindner, Ellen","IB 213","17","17","In-Person",
"002","28979","DESN 242 (4, 3)","Typography I","T","2:00 PM - 5:50 PM","Korpijaakko, Tuomas","IB 212","17","17","In-Person",
"004","28977","DESN 242 (4, 3)","Typography I","W","8:10 AM - 12:00 PM","Wu, Esther","OL 01","17","17","Online Sync",
"003","28978","DESN 242 (4, 3)","Typography I","W","6:00 PM - 9:50 PM","Wheeler, Jason","OL 01","6","17","Online Sync",
"001","28980","DESN 242 (4, 3)","Typography I","S","8:10 AM - 12:00 PM","Guo, Jiacheng","KP 107","4","17","In-Person",
"003","28974","DESN 245 (4, 3)","Typography II","W","8:10 AM - 12:00 PM","Delahanty, Amy","KP 107","8","17","In-Person",
"002","28975","DESN 245 (4, 3)","Typography II","W","1:40 PM - 5:30 PM","Delahanty, Amy","KP 107","17","17","In-Person",
"004","28973","DESN 245 (4, 3)","Typography II","SU","8:10 AM - 12:00 PM","Wu, Esther","OL 01","17","17","Online Sync",
"001","28976","DESN 245 (4, 3)","Typography II","T","2:00 PM - 5:50 PM","Bowles, Jennifer","OL 01","14","17","Online Sync",
"005","28835","DESN 246 (4, 3)","Design II","M","1:40 PM - 5:30 PM","Balnova, Natalya","KP 107","11","17","In-Person",
"003","28969","DESN 246 (4, 3)","Design II","TH","2:00 PM - 5:50 PM",", ","KP 107","13","17","In-Person",
"004","28968","DESN 246 (4, 3)","Design II","W","8:10 AM - 12:00 PM","Hummel, Julia","IB 212","17","17","In-Person",
"001","28970","DESN 246 (4, 3)","Design II","T","10:00 AM - 1:50 PM","Derosa, Andrew","IB 203","17","17","In-Person",
"001","27656","DESN 247 (4, 3)","Graphic Novel II","F","2:00 PM - 5:50 PM","Price, Ada","IB 213","8","8","In-Person",
"002","28834","DESN 248 (4, 3)","Book Design and Production","TH","2:00 PM - 5:50 PM","Balnova, Natalya","OL 01","13","17","Online Sync",
"001","27547","DESN 249 (4, 3)","Creative Coding","M","6:00 PM - 9:50 PM","Wiriadjaja, Antonius","OL 01","17","17","Online Sync",
"002","28966","DESN 259 (4, 3)","Illustration II","W","8:10 AM - 12:00 PM","Lee, John","KP 481","17","17","In-Person",
"001","28967","DESN 259 (4, 3)","Illustration II","T","2:00 PM - 5:50 PM","Caldwell, Kristy","KP 481","8","8","In-Person",
"001","27511","DESN 263 (4, 3)","App Design","F","8:10 AM - 12:00 PM","Rozanova, Katya","OL 01","14","17","Online Sync",
"001","27510","DESN 266 (4, 3)","Children&#226;€™s Book Illustration","F","2:00 PM - 5:50 PM","Tolstikova, Daria","KP 481","17","17","In-Person",
"001","44170","DESN 270 (4, 3)","Data Visualization","TH","10:00 AM - 1:50 PM","Woo, Danne","OL 01","6","17","Online Sync",
"001","28965","DESN 279 (4, 3)","Animation and 3-D Modeling","TH","10:00 AM - 1:50 PM","Voldman, Benjamin","IB 203","17","17","In-Person",
"001","28964","DESN 289 (4, 3)","Publication Design","T","10:00 AM - 1:50 PM","Korpijaakko, Tuomas","KP 107","17","17","In-Person",
"002","28962","DESN 290 (4, 3)","Motion Graphics II","TH","6:00 PM - 9:50 PM","Jafri Jr, Syed","OL 01","11","17","Online Sync",
"001","28963","DESN 290 (4, 3)","Motion Graphics II","T","10:00 AM - 1:50 PM","Jafri Jr, Syed","OL 01","9","17","Online Sync",
"001","28961","DESN 296 (4, 3)","Advertising Design","T","6:00 PM - 9:50 PM","Cavitt, Ashlyn","OL 01","17","17","Online Sync",
"001","40303","DESN 320 (4, 3)","Brand Identity","W","8:10 AM - 12:00 PM","Derosa, Andrew","KP 284","10","17","In-Person",
"001","27373","DESN 321 (4, 3)","Animation Production","T","10:00 AM - 1:50 PM","Smith, Christen","KP 284","2","8","Hybrid Sync",
"003","28958","DESN 345 (4, 3)","Design III","W","1:40 PM - 5:30 PM","Hummel, Julia","IB 212","17","17","In-Person",
"004","28957","DESN 345 (4, 3)","Design III","F","2:00 PM - 5:50 PM","Wheeler, Jason","IB 212","9","17","In-Person",
"001","28960","DESN 345 (4, 3)","Design III","M","8:10 AM - 12:00 PM","Derosa, Andrew","KP 107","13","17","In-Person",
"002","28959","DESN 345 (4, 3)","Design III","F","10:00 AM - 1:50 PM","Mello Trimarco, Eugenia","KP 672","10","17","In-Person",
"001","27655","DESN 347 (4, 3)","Graphic Novel III","F","2:00 PM - 5:50 PM","Price, Ada","IB 213","4","2","In-Person",
"001","28956","DESN 359 (4, 3)","Illustration Portfolio","T","2:00 PM - 5:50 PM","Caldwell, Kristy","KP 481","9","10","In-Person",
"004","28954","DESN 370 (4, 3)","VT: Special Topics in Design","TH","10:00 AM - 1:50 PM","Delahanty, Amy","KP 481","4","17","In-Person",
"003","28955","DESN 370 (4, 3)","VT: Special Topics in Design","W","1:40 PM - 5:30 PM","Caldwell, Kristy","KP 284","17","17","In-Person",
"005","40306","DESN 370 (4, 3)","VT: Special Topics in Design","T","2:00 PM - 5:50 PM","Grella, Dustin","KP 284","4","17","Hybrid Sync",
"006","40308","DESN 370 (4, 3)","VT: Special Topics in Design","M","1:40 PM - 5:30 PM","Woo, Danne","IB 203","3","17","In-Person",
"001","28953","DESN 393 (9, 3)","Independent Internship","&nbsp;"," - ","Caldwell, Kristy"," ","0","0","In-Person",
"003","28951","DESN 393 (9, 3)","Independent Internship","&nbsp;"," - ","Derosa, Andrew"," ","0","0","In-Person",
"005","28949","DESN 393 (9, 3)","Independent Internship","&nbsp;"," - ","Woo, Danne"," ","0","0","In-Person",
"002","28952","DESN 393 (9, 3)","Independent Internship","&nbsp;"," - ","Delahanty, Amy"," ","0","0","In-Person",
"004","28950","DESN 393 (9, 3)","Independent Internship","&nbsp;"," - ","Grella, Dustin"," ","0","0","In-Person",
"001","28948","DESN 395 (4, 3)","Senior Capstone","M","1:40 PM - 5:30 PM","Caldwell, Kristy","OL 01","17","17","Online Sync",
"002","28947","DESN 395 (4, 3)","Senior Capstone","T","2:00 PM - 5:50 PM","Lee, Hye Su","KP 107","9","17","In-Person",
"004","28945","DESN 395 (4, 3)","Senior Capstone","TH","2:00 PM - 5:50 PM","Zender, Daniel","KP 672","10","17","In-Person",
"003","28946","DESN 395 (4, 3)","Senior Capstone","T","10:00 AM - 1:50 PM","Smith, Christen","KP 284","7","10","Hybrid Sync",
"002","29148","DRAM 001 (3, 3)","Intro Dram And Theat","&nbsp;"," - ","Ahmadinejad, Tara","OL 02","25","25","Online Async",
"001","29098","DRAM 001 (3, 3)","Intro Dram And Theat","T","1:40 PM - 4:30 PM","Rowe, Stephen","OL 01","25","25","Online Sync",
"005","27196","DRAM 100 (3, 3)","Introduction to Acting","W","9:10 AM - 12:00 PM","Andrickson, Carlos","KG 115","0","0","In-Person",
"010","27195","DRAM 100 (3, 3)","Introduction to Acting","S","9:10 AM - 12:00 PM","Boyd, Julie","OL 01","20","30","Online Sync",
"007","27189","DRAM 100 (3, 3)","Introduction to Acting","W","4:30 PM - 7:20 PM","Price, Elyse","KG 115","0","0","In-Person",
"009","27194","DRAM 100 (3, 3)","Introduction to Acting","TH","5:00 PM - 7:50 PM","Steinberger, Joel","KG 115","15","30","In-Person",
"008","27193","DRAM 100 (3, 3)","Introduction to Acting","TH","1:40 PM - 4:30 PM","Steinberger, Joel","RA 11","0","0","In-Person",
"003","27191","DRAM 100 (3, 3)","Introduction to Acting","M","1:40 PM - 4:30 PM","Nelson, Rebecca","RA 11","20","30","In-Person",
"004","27186","DRAM 100 (3, 3)","Introduction to Acting","T","9:10 AM - 12:00 PM",", ","KG 115","0","0","In-Person",
"006","27187","DRAM 100 (3, 3)","Introduction to Acting","W","1:40 PM - 4:30 PM","Price, Elyse","RA 11","30","30","In-Person",
"002","27197","DRAM 100 (3, 3)","Introduction to Acting","M","9:10 AM - 12:00 PM","Nelson, Rebecca","KG 115","8","30","In-Person",
"001","27198","DRAM 100 (3, 3)","Introduction to Acting","M","9:10 AM - 12:00 PM","Andrickson, Carlos","RA 11","28","30","In-Person",
"011","27190","DRAM 100 (3, 3)","Introduction to Acting","S","1:00 PM - 3:50 PM","Boyd, Julie","OL 01","16","30","Online Sync",
"001","27100","DRAM 115 (3, 3)","Intro Tech Theatre","W","9:10 AM - 12:00 PM","Greenberg, Jeffrey","RA 219","3","15","In-Person",
"001","28830","DRAM 120 (3, 3)","Intro to Dramatic Literature","T","9:10 AM - 12:00 PM","Szucs, Aniko","RA 205","9","25","In-Person",
"001","27109","DRAM 121 (3, 3)","Acting I","T","1:40 PM - 4:30 PM","Feldstein, Claudia","KG 115","14","24","In-Person",
"001","27107","DRAM 201 (3, 3)","History of World Theater I","T","1:40 PM - 4:30 PM","Szucs, Aniko","RA 205","12","25","In-Person",
"001","27458","DRAM 218 (3, 3)","Practicum in Technical Theater","&nbsp;"," - ","Griffith, William","GT 150","0","12","In-Person",
"001","27102","DRAM 222 (3, 3)","Acting II","TH","1:40 PM - 4:30 PM","Rowe, Stephen","KG 115","8","20","In-Person",
"001","27099","DRAM 227 (3, 3)","Phys Training for the Actor I","F","1:40 PM - 4:30 PM","Hazas, Teresa","RA 101B","9","16","In-Person",
"001","29289","DRAM 231 (3, 3)","Directing I","F","9:10 AM - 12:00 PM","Ahmadinejad, Tara","KG 115","7","16","In-Person",
"001","28211","DRAM 308 (3, 3)","Adv Topics in Theater Studies","M","1:40 PM - 4:30 PM","Healey, Meghan","RA 205","8","16","In-Person",
"001","29212","DRAM 324 (3, 3)","Acting IV","W","1:40 PM - 4:30 PM","Feldstein, Claudia","KG 115","6","16","In-Person",
"001","27091","DRAM 329 (3, 3)","Acting Projects","&nbsp;"," - ","Ahmadinejad, Tara"," ","0","12","In-Person",
"001","27906","DRAM 344W (3, 3)","Playwriting Workshop","T, TH","10:45 AM - 12:00 PM","Miller, Hillary","KY 323","0","6","In-Person",
"001","28831","DRAM 3903 (3, 3)","VT: Sp Prob Dram &amp;Theatre","&nbsp;"," - ","Feldstein, Claudia"," ","4","5","In-Person",
"02","54781","EAST 130W (3, 3)","East Asian Religion","TH","1:45 PM - 2:55 PM",", ","QH 265H","6","20","Hybrid Sync",
"02","54781","EAST 130W (3, 3)","East Asian Religion","T, TH","1:40 PM - 2:55 PM",", ","OL 01","6","20","Hybrid Sync",
"02","54781","EAST 130W (3, 3)","East Asian Religion","T","1:40 PM - 2:55 PM",", ","QH 265H","6","20","Hybrid Sync",
"02","54639","EAST 152 (3, 3)","Korean Lit In Trans","TH","12:15 PM - 1:30 PM",", ","OL 01","13","25","Hybrid Sync",
"02","54639","EAST 152 (3, 3)","Korean Lit In Trans","T","12:15 PM - 1:30 PM",", ","QH 265H","13","25","Hybrid Sync",
"01","27501","EAST 172 (3, 3)","Music in Korea","M, W","10:45 AM - 12:00 PM","Bae, Yu Jung","QH 345C","5","25","In-Person",
"01","27248","EAST 250 (3, 3)","Modern Chinese Fiction Trans","T, TH","10:45 AM - 12:00 PM","Hartmann, Nan","OL 01","18","25","Online Sync",
"01","27246","EAST 251 (3, 3)","Mod Jpns Fict:Transl","M, W","5:00 PM - 6:15 PM","Hartmann, Nan","QH 265C","9","25","In-Person",
"01","27245","EAST 380 (3, 3)","East Asian Studies","W, F","3:10 PM - 4:25 PM","Shu, Yunzhong","QH 270A","6","15","In-Person",
"001","28035","ECON 100 (3, 3)","Economics and Society","M, W","1:40 PM - 2:55 PM","Belfield, Clive","PH 153","15","40","Hybrid Sync",
"SK1","28039","ECON 101 (3, 3)","Introduction to Macroeconomics","M, W","5:00 PM - 6:15 PM","Jang, Hyeonji","PH 154","11","25","In-Person",
"002","28020","ECON 101 (3, 3)","Introduction to Macroeconomics","S","9:10 AM - 12:00 PM","Hull, Geordan","PH 110","16","40","In-Person",
"003","27995","ECON 101 (3, 3)","Introduction to Macroeconomics","F","9:10 AM - 12:00 PM",", ","PH 110","2","30","In-Person",
"011","27994","ECON 101 (3, 3)","Introduction to Macroeconomics","M, W","1:40 PM - 2:55 PM","Debora, David","PH 154","20","40","In-Person",
"016","27987","ECON 101 (3, 3)","Introduction to Macroeconomics","SU","1:00 PM - 3:50 PM","Liu, Gaoquan","PH 110","8","40","In-Person",
"007","27986","ECON 101 (3, 3)","Introduction to Macroeconomics","M, W","9:15 AM - 10:30 AM","Esteban-Pretel, Julen","RO 230","22","85","In-Person",
"006","28002","ECON 101 (3, 3)","Introduction to Macroeconomics","T, TH","12:15 PM - 1:30 PM","Bradbury, Mathew","PH 155","33","40","In-Person",
"013","28006","ECON 101 (3, 3)","Introduction to Macroeconomics","T, TH","9:15 AM - 10:30 AM","Arroyo Abad, Adriana","RE 100","11","85","In-Person",
"015","28026","ECON 101 (3, 3)","Introduction to Macroeconomics","T, TH","3:10 PM - 4:25 PM","Wu Lohez, Dening","PH 157","9","40","In-Person",
"006","28019","ECON 102 (3, 3)","Introduction to Microeconomics","M, W","10:45 AM - 12:00 PM","Roff, Jennifer","PH 154","36","40","In-Person",
"SEEK","28004","ECON 102 (3, 3)","Introduction to Microeconomics","T, TH","3:10 PM - 4:25 PM","Paizis, Andrew","KY 277","21","20","In-Person",
"011","28001","ECON 102 (3, 3)","Introduction to Microeconomics","T, TH","1:40 PM - 2:55 PM","Bui, Thao","RO 230","13","85","In-Person",
"012","28021","ECON 102 (3, 3)","Introduction to Microeconomics","SU","9:10 AM - 12:00 PM",", ","PH 114","3","30","In-Person",
"010","28038","ECON 102 (3, 3)","Introduction to Microeconomics","M, W","6:30 PM - 7:45 PM","Jang, Hyeonji","PH 154","1","30","In-Person",
"003","28005","ECON 102 (3, 3)","Introduction to Microeconomics","M, W","3:10 PM - 4:25 PM","Belfield, Clive","RO 230","19","85","In-Person",
"001","28028","ECON 102 (3, 3)","Introduction to Microeconomics","T, TH","10:45 AM - 12:00 PM","Balsam, Kevin","PH 154","16","40","In-Person",
"NAV3","28029","ECON 102 (3, 3)","Introduction to Microeconomics","T, TH","1:40 PM - 2:55 PM","Wu Lohez, Dening","PH 157","0","35","In-Person",
"005","28033","ECON 102 (3, 3)","Introduction to Microeconomics","S","1:00 PM - 3:50 PM","Hull, Geordan","PH 110","13","40","In-Person",
"009","28022","ECON 102 (3, 3)","Introduction to Microeconomics","F","1:00 PM - 3:50 PM","Ouyang, Yingru","PH 110","3","30","In-Person",
"001","28000","ECON 201 (3, 3)","Macro-Economic Analysis","M, W","5:00 PM - 6:15 PM","Abreu, Dorian","PH 155","50","50","In-Person",
"004","28667","ECON 201 (3, 3)","Macro-Economic Analysis","T, TH","1:40 PM - 2:55 PM","Devereux, John","PH 154","20","30","Hybrid Sync",
"003","28926","ECON 201 (3, 3)","Macro-Economic Analysis","T, TH","10:45 AM - 12:00 PM","Bradbury, Mathew","KY 270","57","85","In-Person",
"002","28010","ECON 201 (3, 3)","Macro-Economic Analysis","M, W","1:40 PM - 2:55 PM","Balsam, Kevin","PH 155","12","40","In-Person",
"004","28032","ECON 202 (4, 3)","Price Theory","M, W","9:15 AM - 10:30 AM","Roff, Jennifer","KY 270","47","85","In-Person",
"003","28015","ECON 202 (4, 3)","Price Theory","M, W","3:10 PM - 4:25 PM","Balsam, Kevin","PH 155","17","30","In-Person",
"001","27996","ECON 202 (4, 3)","Price Theory","T, TH","5:00 PM - 6:15 PM","Chaghomi Abyazani, Mohammadreza","PH 154","24","30","In-Person",
"001","28639","ECON 204 (3, 3)","Int&#39;L Polit Econ","T, TH","3:10 PM - 4:25 PM","Bradbury, Mathew","SB D133","24","35","In-Person",
"001","28665","ECON 208 (3, 3)","The Process Of Econ Devel","T, TH","9:15 AM - 10:30 AM","Feliciano, Zadia","PH 155","42","45","In-Person",
"001","28186","ECON 213 (3, 3)","Economics of the Labor Force","TH","5:00 PM - 7:50 PM","Rodriguez-Planas, Nuria","PH 113","7","35","Hybrid Sync",
"004","27980","ECON 215 (3, 3)","Money and Banking","T, TH","3:10 PM - 4:25 PM","Marest, Luc","KY 312","14","30","In-Person",
"006","27981","ECON 215 (3, 3)","Money and Banking","M, W","3:10 PM - 4:25 PM","Pitschner, Stefan","KY 250","14","85","In-Person",
"002","27983","ECON 215 (3, 3)","Money and Banking","T, TH","12:15 PM - 1:30 PM","Hwang, Daniel","PH 157","50","50","In-Person",
"003","27982","ECON 215 (3, 3)","Money and Banking","M, W","10:45 AM - 12:00 PM","Thurston, Thom","PH 155","19","30","Hybrid Sync",
"005","27985","ECON 215 (3, 3)","Money and Banking","M, W","5:00 PM - 6:15 PM","Debora, David","PH 157","40","40","In-Person",
"001","27984","ECON 215 (3, 3)","Money and Banking","S","1:00 PM - 3:50 PM","Silatchom Foyou, Francois","PH 114","14","30","In-Person",
"002","31454","ECON 229 (3, 3)","Hist Bus/Fin 1850-Pres","T, TH","10:45 AM - 12:00 PM","Arroyo Abad, Adriana","SB B145","12","35","In-Person",
"001","28009","ECON 245 (3, 3)","Technology, Media and Telecom","T","5:30 PM - 8:20 PM","Gabel, David","PH 113","5","25","In-Person",
"002","27978","ECON 246 (3, 3)","Urban Economics","M, W","10:45 AM - 12:00 PM","De Balanzo Joue, Rafael","RA 208","11","25","In-Person",
"003","28239","ECON 246 (3, 3)","Urban Economics","T","5:30 PM - 8:20 PM","De Balanzo Joue, Rafael","KY 317","7","25","Hybrid Sync",
"001","27971","ECON 249 (4, 3)","Stats in Economics &amp; Business","T, TH","1:40 PM - 2:55 PM","Zhao, Ying","PH 155","35","35","In-Person",
"004","27973","ECON 249 (4, 3)","Stats in Economics &amp; Business","M, W","9:15 AM - 10:30 AM","Gabel, David","PH 155","17","30","In-Person",
"003","27976","ECON 249 (4, 3)","Stats in Economics &amp; Business","M, W","1:40 PM - 2:55 PM","Gabel, David","PH 113","28","40","In-Person",
"002","27977","ECON 249 (4, 3)","Stats in Economics &amp; Business","SU","9:10 AM - 12:00 PM","Ma, Zhen","PH 113","38","40","In-Person",
"005","27975","ECON 249 (4, 3)","Stats in Economics &amp; Business","T, TH","10:45 AM - 12:00 PM","Zhao, Ying","PH 155","30","30","In-Person",
"006","28666","ECON 249 (4, 3)","Stats in Economics &amp; Business","T, TH","3:10 PM - 4:25 PM","Chaghomi Abyazani, Mohammadreza","PH 155","21","30","In-Person",
"001","28624","ECON 260 (3, 3)","Econ of Health &amp; Income Prog","T, TH","10:45 AM - 12:00 PM","Bui, Thao","PH 112","9","35","In-Person",
"001","28041","ECON 302 (3, 3)","Blockchain and Money","W","6:30 PM - 9:20 PM","Wechsler, Michael","PH 156","11","35","In-Person",
"001","27974","ECON 326 (3, 3)","International Economics","T, TH","3:10 PM - 4:25 PM","Devereux, John","PH 154","15","40","Hybrid Sync",
"001","27972","ECON 328 (3, 3)","International Finance","T, TH","10:45 AM - 12:00 PM","Marest, Luc","PH 108","23","40","In-Person",
"003","27968","ECON 382 (4, 3)","Econometrics I","T, TH","1:40 PM - 2:55 PM","Kwon, Alexander","RA 214","24","24","In-Person",
"003","27968","ECON 382 (4, 3)","Econometrics I","TH","3:10 PM - 4:00 PM","Kwon, Alexander","PH 206","24","24","In-Person",
"007","27969","ECON 382 (4, 3)","Econometrics I","M, W","6:30 PM - 8:20 PM","Silatchom Foyou, Francois","PH 157","11","35","In-Person",
"001","27967","ECON 382 (4, 3)","Econometrics I","TH","8:10 AM - 9:00 AM","Kwon, Alexander","PH 206","24","24","In-Person",
"001","27967","ECON 382 (4, 3)","Econometrics I","T, TH","9:15 AM - 10:30 AM","Kwon, Alexander","PH 151","24","24","In-Person",
"006","27966","ECON 382 (4, 3)","Econometrics I","T, TH","6:30 PM - 8:20 PM","Paizis, Andrew","PH 155","7","35","In-Person",
"002","27965","ECON 382 (4, 3)","Econometrics I","M, W","9:15 AM - 10:30 AM","Baysal, Anil","PH 151","8","24","In-Person",
"002","27965","ECON 382 (4, 3)","Econometrics I","M","8:10 AM - 9:00 AM","Baysal, Anil","PH 206","8","24","In-Person",
"004","27970","ECON 382 (4, 3)","Econometrics I","SU","1:00 PM - 5:00 PM","Ma, Zhen","PH 113","22","40","In-Person",
"001","28030","ECON 387 (3, 3)","Econometrics II","T, TH","1:40 PM - 2:55 PM","Taspinar, Suleyman","PH 302","10","20","In-Person",
"001","27964","ECON 393 (3, 3)","Internship for Economics","W","6:30 PM - 9:20 PM",", ","KY 271","4","20","Hybrid Sync",
"001","27963","ECON 715 (3, 3)","Corporate Finance","M","6:30 PM - 9:20 PM","Wagner, John","PH 156","5","25","Hybrid Sync",
"002","54579","ECPCE 700 (3, 3)","Foundations School Counseling","M","4:35 PM - 7:05 PM","Gordillo, Franco","HH 17","0","20","Hybrid Sync",
"001","28441","ECPCE 701 (3, 3)","Lab in Self Awareness","M","7:15 PM - 9:45 PM","James, Gabrielle","KY 246","0","15","Hybrid Sync",
"003","28256","ECPCE 701 (3, 3)","Lab in Self Awareness","T","7:15 PM - 9:45 PM","Pellitteri, John","PH 010","0","15","Hybrid Sync",
"002","28440","ECPCE 701 (3, 3)","Lab in Self Awareness","M","7:15 PM - 9:45 PM","Genovese, John","KY 248","0","15","Hybrid Sync",
"004","28251","ECPCE 701 (3, 3)","Lab in Self Awareness","T","7:15 PM - 9:45 PM","Thompson, Vivian","KY 281","0","15","Hybrid Sync",
"001","28206","ECPCE 702 (3, 3)","Theories of Human Development","T","4:35 PM - 7:05 PM","Chase, Nancy","RA 214","0","20","Hybrid Sync",
"006","54582","ECPCE 703 (3, 3)","Lab in Counseling Techniques","T","7:15 PM - 9:45 PM",", ","KY 315","0","10","Hybrid Sync",
"003","28224","ECPCE 703 (3, 3)","Lab in Counseling Techniques","T","4:35 PM - 7:05 PM","Hunt, Joanna","PH 010","0","10","Hybrid Sync",
"004","28360","ECPCE 703 (3, 3)","Lab in Counseling Techniques","T","4:35 PM - 7:05 PM","Thompson, Vivian","KY 325","0","10","Hybrid Sync",
"005","54581","ECPCE 703 (3, 3)","Lab in Counseling Techniques","T","7:15 PM - 9:45 PM","James, Gabrielle","KY 313","0","10","Hybrid Sync",
"002","28405","ECPCE 704 (3, 3)","Counseling Theories","M","4:35 PM - 7:05 PM","Gavilanes, Evelin","PH 104","0","20","Hybrid Sync",
"005","54587","ECPCE 706 (3, 3)","Theories of Group Counseling","T","4:35 PM - 7:05 PM","Rivera, David","KY 321","0","20","Hybrid Sync",
"002","28457","ECPCE 706 (3, 3)","Theories of Group Counseling","TH","1:40 PM - 4:30 PM","Day, Matthew","HH 08","0","20","Hybrid Sync",
"002","28253","ECPCE 708 (3, 3)","Eth, Clin &amp; Crisis Int","TH","7:15 PM - 9:45 PM","Hunt, Joanna","KY 281","0","20","Hybrid Sync",
"001","28257","ECPCE 708 (3, 3)","Eth, Clin &amp; Crisis Int","TH","7:15 PM - 9:45 PM","Sanchez, Michael","KY 271","0","20","Hybrid Sync",
"003","28207","ECPCE 800 (3, 3)","Career Development&amp;Assessment","TH","4:35 PM - 7:05 PM",", ","RA 214","0","20","Hybrid Sync",
"002","31474","ECPCE 800 (3, 3)","Career Development&amp;Assessment","TH","4:35 PM - 7:05 PM","Oconnell, Elizabeth","KY 317","0","15","Hybrid Sync",
"001","28259","ECPCE 800 (3, 3)","Career Development&amp;Assessment","TH","1:40 PM - 4:30 PM","Pellitteri, John","KY 248","0","15","Hybrid Sync",
"002","54596","ECPCE 803 (3, 3)","Multicul Issues in Counseling","M","7:15 PM - 9:45 PM","Gordillo, Franco","KY 417","0","15","Hybrid Sync",
"001","28416","ECPCE 803 (3, 3)","Multicul Issues in Counseling","M","7:15 PM - 9:45 PM","Hackett, Eartha","KY 423","0","15","Hybrid Sync",
"001","27523","ECPCE 810 (3, 3)","College &amp; Career Readiness","TH","4:35 PM - 7:05 PM","Bausone, Antonio","RA 205","0","20","Hybrid Sync",
"002","28258","ECPCE 811 (3, 3)","Mental Health Counseling","TH","4:35 PM - 7:05 PM","Sanchez, Michael","KY 271","0","20","Hybrid Sync",
"001","28254","ECPCE 811 (3, 3)","Mental Health Counseling","TH","4:35 PM - 7:05 PM","Hunt, Joanna","KY 281","0","20","Hybrid Sync",
"001","28417","ECPCE 812 (3, 3)","Psychpath&amp;Diag","M","7:15 PM - 9:45 PM",", ","KY 313","0","20","Hybrid Sync",
"002","28455","ECPCE 813 (3, 3)","Family Dynamics","M","7:15 PM - 9:45 PM","Rizel, Meir","KY 271","0","20","Hybrid Sync",
"001","28456","ECPCE 813 (3, 3)","Family Dynamics","M","4:35 PM - 7:05 PM",", ","KY 423","0","20","Hybrid Sync",
"006","54829","ECPCE 8211 (2, 1)","Internship In Mental Health","TH","7:15 PM - 9:45 PM",", ","KY 317","0","10","Hybrid Sync",
"005","29580","ECPCE 8212 (2, 2)","Interns Mental Health Couns","M","2:30 PM - 4:25 PM","Mora, Susan","PH 031","0","10","Hybrid Sync",
"006","54830","ECPCE 8212 (2, 2)","Interns Mental Health Couns","TH","7:15 PM - 9:45 PM",", ","KY 317","0","10","Hybrid Sync",
"006","54831","ECPCE 8213 (2, 3)","Internship In Mental Health","TH","7:15 PM - 9:45 PM",", ","KY 317","0","10","Hybrid Sync",
"001","29638","ECPCE 8213 (2, 3)","Internship In Mental Health","M","4:35 PM - 7:05 PM","Rizel, Meir","PH 034","0","10","Hybrid Sync",
"003","29585","ECPCE 8213 (2, 3)","Internship In Mental Health","M","4:35 PM - 7:05 PM",", ","HH 12","0","10","Hybrid Sync",
"006","54832","ECPCE 8214 (2, 4)","Internship In Mental Health","TH","7:15 PM - 9:45 PM",", ","KY 317","0","10","Hybrid Sync",
"001","28445","ECPCE 8214 (2, 4)","Internship In Mental Health","M","4:35 PM - 7:05 PM","Rizel, Meir","PH 034","0","10","Hybrid Sync",
"003","28443","ECPCE 8214 (2, 4)","Internship In Mental Health","M","4:35 PM - 7:05 PM",", ","HH 12","0","10","Hybrid Sync",
"002","28444","ECPCE 8214 (2, 4)","Internship In Mental Health","M","2:30 PM - 4:25 PM","Adler Dicker, Nicole","PH 034","0","10","Hybrid Sync",
"004","54837","ECPCE 8291 (2, 1)","Internship in School Counselin","TH","7:15 PM - 9:45 PM","Singh, Mahendra","KY 419","0","10","Hybrid Sync",
"003","54833","ECPCE 8291 (2, 1)","Internship in School Counselin","TH","7:15 PM - 9:45 PM","Bausone, Antonio","KY 417","0","10","Hybrid Sync",
"004","54839","ECPCE 8292 (2, 2)","Internship in School Counselin","TH","7:15 PM - 9:45 PM","Singh, Mahendra","KY 419","0","10","Hybrid Sync",
"003","54834","ECPCE 8292 (2, 2)","Internship in School Counselin","TH","7:15 PM - 9:45 PM","Bausone, Antonio","KY 417","0","10","Hybrid Sync",
"004","54838","ECPCE 8293 (2, 3)","Internship School Counseling","TH","7:15 PM - 9:45 PM","Singh, Mahendra","KY 419","0","10","Hybrid Sync",
"003","54836","ECPCE 8293 (2, 3)","Internship School Counseling","TH","7:15 PM - 9:45 PM","Bausone, Antonio","KY 417","0","10","Hybrid Sync",
"004","54840","ECPCE 8294 (2, 4)","Intrnshp in School Counseling","TH","7:15 PM - 9:45 PM","Singh, Mahendra","KY 419","0","10","Hybrid Sync",
"003","54835","ECPCE 8294 (2, 4)","Intrnshp in School Counseling","TH","7:15 PM - 9:45 PM","Bausone, Antonio","KY 417","0","10","Hybrid Sync",
"001","28210","ECPEL 880 (3, 3)","Leadershp Thry&amp;Pract","T","4:35 PM - 7:05 PM","Genao, Soribel","RA 209","0","15","Hybrid Sync",
"001","28249","ECPEL 881 (3, 3)","Curriculum and Supervision.","T","7:15 PM - 9:45 PM","Wamba, Nathalis","KY 283","0","15","Hybrid Sync",
"001","28232","ECPEL 888 (3, 3)","Critical Issues and Guidelines","TH","7:15 PM - 9:45 PM","Wamba, Nathalis","KY 325","0","15","Hybrid Sync",
"001","27636","ECPEL 891 (3, 3)","Leadership Diverse Populations","TH","4:35 PM - 7:05 PM","Genao, Soribel","RA 210","0","15","Hybrid Sync",
"001","27670","ECPSE 350 (3, 3)","Foundations Of Special Ed","M","4:35 PM - 7:05 PM","Gruber, Deborah","OL 01","22","25","Online Sync",
"004","27669","ECPSE 350 (3, 3)","Foundations Of Special Ed","W","4:35 PM - 7:05 PM","Michaels, Craig","RA 102","25","25","Hybrid Sync",
"006","28903","ECPSE 350 (3, 3)","Foundations Of Special Ed","TH","7:15 PM - 9:45 PM","Genao, Soribel","OL 01","25","25","Online Sync",
"005","27671","ECPSE 350 (3, 3)","Foundations Of Special Ed","W","7:15 PM - 9:45 PM","Ferrara, Denise","OL 01","25","25","Online Sync",
"010","54335","ECPSE 350 (3, 3)","Foundations Of Special Ed","TH","7:15 PM - 9:45 PM",", ","OL 01","22","25","Online Sync",
"009","54334","ECPSE 350 (3, 3)","Foundations Of Special Ed","TH","4:35 PM - 7:05 PM",", ","OL 01","24","25","Online Sync",
"008","54333","ECPSE 350 (3, 3)","Foundations Of Special Ed","TH","4:35 PM - 7:05 PM",", ","OL 01","24","25","Online Sync",
"007","54332","ECPSE 350 (3, 3)","Foundations Of Special Ed","TH","4:35 PM - 7:05 PM",", ","OL 01","25","25","Online Sync",
"002","27674","ECPSE 350 (3, 3)","Foundations Of Special Ed","M","7:15 PM - 9:45 PM","Gruber, Deborah","OL 01","22","25","Online Sync",
"003","27672","ECPSE 350 (3, 3)","Foundations Of Special Ed","T","4:35 PM - 7:05 PM",", ","RA 208","25","25","Hybrid Sync",
"003","27665","ECPSE 550 (3, 3)","Foundations Of Special Ed","TH","4:35 PM - 7:05 PM",", ","OL 01","8","25","Online Sync",
"001","27666","ECPSE 550 (3, 3)","Foundations Of Special Ed","M","4:35 PM - 7:05 PM",", ","OL 01","17","25","Online Sync",
"002","27668","ECPSE 550 (3, 3)","Foundations Of Special Ed","T","4:35 PM - 7:05 PM",", ","OL 01","12","25","Online Sync",
"001","28431","ECPSE 701 (3, 3)","Intro Assessment Early Child","W","7:15 PM - 9:45 PM","Geskie, Jennifer","KY 316","0","15","Hybrid Sync",
"003","28201","ECPSE 704 (3, 3)","Critical Disability Studies","T","4:35 PM - 7:05 PM","Michaels, Craig","PH 104","0","20","Hybrid Sync",
"004","29569","ECPSE 704 (3, 3)","Critical Disability Studies","T","4:35 PM - 7:05 PM",", ","OL 01","0","20","Online Sync",
"002","28412","ECPSE 704 (3, 3)","Critical Disability Studies","M","7:15 PM - 9:45 PM","Ferrara, Denise","KY 425","0","20","Hybrid Sync",
"001","28413","ECPSE 704 (3, 3)","Critical Disability Studies","M","4:35 PM - 7:05 PM","Ferrara, Denise","KY 425","4","20","Hybrid Sync",
"004","29568","ECPSE 705 (3, 3)","Intro to Assessment in Sp Ed","T","7:15 PM - 9:45 PM","Kiely, Mary Theresa","OL 01","0","20","Online Sync",
"001","28427","ECPSE 705 (3, 3)","Intro to Assessment in Sp Ed","M","4:35 PM - 7:05 PM","Kiely, Mary Theresa","KY 323","0","20","Hybrid Sync",
"002","28426","ECPSE 705 (3, 3)","Intro to Assessment in Sp Ed","M","7:15 PM - 9:45 PM","Kiely, Mary Theresa","KY 323","0","20","Hybrid Sync",
"003","28199","ECPSE 705 (3, 3)","Intro to Assessment in Sp Ed","T","7:15 PM - 9:45 PM","Michaels, Craig","PH 104","0","20","Hybrid Sync",
"002","28424","ECPSE 722 (3, 3)","Applied Behavior Analysis","W","4:35 PM - 7:05 PM","Gruber, Deborah","KY 323","0","20","Hybrid Sync",
"003","28423","ECPSE 722 (3, 3)","Applied Behavior Analysis","W","7:15 PM - 9:45 PM","Gruber, Deborah","KY 323","0","20","Hybrid Sync",
"001","28393","ECPSE 722 (3, 3)","Applied Behavior Analysis","W","4:35 PM - 7:05 PM",", ","RA 106","1","20","Hybrid Sync",
"001","27334","ECPSE 724 (3, 3)","Behav &amp; Phil Foundations ABA","W","7:15 PM - 9:45 PM","Gibson, Lenwood","KY 318","0","15","Hybrid Sync",
"001","28433","ECPSE 730 (3, 3)","Curric&amp;Instruc Early Childhood","M","7:15 PM - 9:45 PM","Geskie, Jennifer","KY 283","4","15","Hybrid Sync",
"001","27386","ECPSE 733 (3, 3)","Adv Sem ABA: Org Mgmt &amp; Supv","M","7:15 PM - 9:45 PM","Gibson, Lenwood","KY 277","0","15","Hybrid Sync",
"001","28891","ECPSE 742 (3, 3)","Assistive &amp; Instructional Tech","T","4:35 PM - 7:05 PM","Kim, Sun","PH 020","0","15","Hybrid Sync",
"001","28229","ECPSE 746 (3, 3)","Research in Special Education","TH","4:35 PM - 7:05 PM","Kim, Sun","KY 421","4","15","Hybrid Sync",
"001","29031","ECPSE 750 (3, 3)","Workshop in Special Education","&nbsp;"," - ",", ","OL 02","0","10","Online Async",
"001","28260","ECPSE 755 (3, 3)","Single Case Research in ABA","T","7:15 PM - 9:45 PM","Gibson, Lenwood","KY 246","0","15","Hybrid Sync",
"001","28410","ECPSE 804 (3, 3)","App Behave in Multicult Cntxts","W","4:35 PM - 7:05 PM",", ","PH 010","0","15","Hybrid Sync",
"002","28221","ECPSP 764 (3, 3)","Intro to Research in Sch Psych","T","4:35 PM - 7:05 PM","Yomogida, Maiko","PH 031","0","10","Hybrid Sync",
"001","28219","ECPSP 764 (3, 3)","Intro to Research in Sch Psych","T","4:35 PM - 7:05 PM","Chen, Cliff Yung-Chi","PH 034","0","10","Hybrid Sync",
"003","28220","ECPSP 764 (3, 3)","Intro to Research in Sch Psych","T","7:15 PM - 9:45 PM","Yomogida, Maiko","PH 031","0","10","Hybrid Sync",
"002","28226","ECPSP 770 (3, 3)","Behav Assess Interv","TH","4:35 PM - 7:05 PM","Mccarville, Edel","KY 429","0","15","In-Person",
"001","28231","ECPSP 770 (3, 3)","Behav Assess Interv","TH","4:35 PM - 7:05 PM","Depinna, Caryn","KY 417","0","15","In-Person",
"001","28196","ECPSP 771 (3, 3)","Prof Issues-Sch Psy","TH","4:35 PM - 7:05 PM","Chen, Cliff Yung-Chi","PH 104","0","15","In-Person",
"002","28195","ECPSP 771 (3, 3)","Prof Issues-Sch Psy","TH","7:15 PM - 9:45 PM","Chen, Cliff Yung-Chi","PH 104","0","15","In-Person",
"004","28382","ECPSP 772 (4, 4)","Thry &amp; Pract Asmt Intel &amp; Cog","M","4:35 PM - 8:05 PM","Duke, Deborah","RA 219","0","10","In-Person",
"001","28385","ECPSP 772 (4, 4)","Thry &amp; Pract Asmt Intel &amp; Cog","M","4:35 PM - 8:05 PM","Sebold, Seth","RA 209","0","10","In-Person",
"002","28384","ECPSP 772 (4, 4)","Thry &amp; Pract Asmt Intel &amp; Cog","M","4:35 PM - 8:05 PM","Farrell, Cortney","RA 210","0","10","In-Person",
"003","28383","ECPSP 772 (4, 4)","Thry &amp; Pract Asmt Intel &amp; Cog","M","4:35 PM - 8:05 PM","Looser, Joshua","RA 214","0","10","In-Person",
"001","28408","ECPSP 778 (3, 3)","Counseling Techniq","W","4:35 PM - 7:05 PM","Wershba Gershon, Pamela","PH 031","0","10","In-Person",
"002","28432","ECPSP 778 (3, 3)","Counseling Techniq","W","7:15 PM - 9:45 PM",", ","KY 313","0","10","In-Person",
"003","28452","ECPSP 778 (3, 3)","Counseling Techniq","TH","1:40 PM - 4:30 PM",", ","PH 031","0","10","In-Person",
"004","28172","ECPSP 778 (3, 3)","Counseling Techniq","TH","1:40 PM - 4:30 PM","Wershba Gershon, Pamela","PH 245","0","10","In-Person",
"001","28252","ECPSP 779 (3, 3)","Multicult Iss In Sch","T","4:35 PM - 7:05 PM","Yu, Qiong","KY 281","0","15","In-Person",
"002","28227","ECPSP 779 (3, 3)","Multicult Iss In Sch","TH","4:35 PM - 7:05 PM","Yu, Qiong","KY 427","0","15","In-Person",
"002","28411","ECPSP 781 (3, 3)","Assess Ling &amp; Cultural Diverse","M","4:35 PM - 7:05 PM",", ","PH 010","0","15","In-Person",
"001","28361","ECPSP 781 (3, 3)","Assess Ling &amp; Cultural Diverse","M","4:35 PM - 7:05 PM","Yu, Qiong","PH 231","0","15","In-Person",
"001","28202","ECPSP 860 (3, 3)","Human Development","T","4:35 PM - 7:05 PM",", ","PH 231","0","15","In-Person",
"002","28225","ECPSP 860 (3, 3)","Human Development","TH","4:35 PM - 7:05 PM","Vargas Trujillo, Brendaliz","PH 010","0","15","In-Person",
"001","28448","ECPSP 863 (3, 3)","Exceptionality of Human Devel","W","1:40 PM - 4:30 PM",", ","PH 010","0","15","In-Person",
"002","28402","ECPSP 863 (3, 3)","Exceptionality of Human Devel","W","4:35 PM - 7:05 PM",", ","PH 104","0","15","In-Person",
"004","28197","ECPSP 866 (3, 3)","Seminar in Special Issues","T","7:15 PM - 9:45 PM","Lopez, Emilia","PH 245","0","10","In-Person",
"001","28390","ECPSP 866 (3, 3)","Seminar in Special Issues","M","4:35 PM - 7:05 PM","Lopez, Emilia","RA 205","0","10","In-Person",
"003","28198","ECPSP 866 (3, 3)","Seminar in Special Issues","T","4:35 PM - 7:05 PM","Lopez, Emilia","PH 245","0","10","In-Person",
"002","28450","ECPSP 866 (3, 3)","Seminar in Special Issues","T","1:40 PM - 4:30 PM","Lopez, Emilia","PH 010","0","10","In-Person",
"001","29565","ECPSP 869 (4, 4)","Internship School Psychology","TH","3:15 PM - 4:25 PM","Green, Karen","OL 01","0","10","Online Sync",
"002","29567","ECPSP 869 (4, 4)","Internship School Psychology","TH","3:15 PM - 4:25 PM","Frank, Morton","OL 01","0","10","Online Sync",
"002","29567","ECPSP 869 (4, 4)","Internship School Psychology","TH","3:15 PM - 4:25 PM","Green, Karen","OL 01","0","10","Online Sync",
"001","29566","ECPSP 8691 (4, 4)","Intern Biling/Multi Schl Psych","T","3:15 PM - 4:25 PM","Tuccillo, Maria","OL 01","0","10","Online Sync",
"001","29566","ECPSP 8691 (4, 4)","Intern Biling/Multi Schl Psych","T","3:15 PM - 4:25 PM","Green, Karen","OL 01","0","10","Online Sync",
"005","28526","EECE 201W (3, 3)","Schooling in Diverse Commun","TH","1:00 PM - 3:40 PM","Silverberg, Elaine","PH 016","10","25","In-Person",
"001","28527","EECE 201W (3, 3)","Schooling in Diverse Commun","M","4:35 PM - 7:05 PM","Shady, Ashraf","KY 426","6","25","In-Person",
"004","28594","EECE 201W (3, 3)","Schooling in Diverse Commun","M","1:40 PM - 4:30 PM",", ","PH 015","21","25","In-Person",
"003","28595","EECE 201W (3, 3)","Schooling in Diverse Commun","W","1:40 PM - 4:30 PM","Bradt, Nancy","PH 018","13","25","In-Person",
"002","28400","EECE 220 (3, 3)","Modern Learning Technologies","M","7:15 PM - 9:45 PM","Shin, Sunghee","OL 01","20","25","Online Sync",
"003","28399","EECE 220 (3, 3)","Modern Learning Technologies","M","4:35 PM - 7:05 PM","Shin, Sunghee","OL 01","20","25","Online Sync",
"001","28401","EECE 220 (3, 3)","Modern Learning Technologies","W","4:35 PM - 7:05 PM","Shin, Sunghee","OL 01","19","25","Online Sync",
"001","27589","EECE 240W (3, 3)","Foundations of Bilingual Ed","W","1:40 PM - 4:30 PM","Ossa Parra, Marcela","PH 013","25","25","In-Person",
"003","28590","EECE 310W (3, 3)","Cultural Context I: Child Dev","T","1:00 PM - 3:40 PM","Akiba, Daisuke","PH 018","17","25","In-Person",
"001","28593","EECE 310W (3, 3)","Cultural Context I: Child Dev","M","9:10 AM - 12:00 PM","Perrone, Michael","PH 013","25","25","In-Person",
"004","28592","EECE 310W (3, 3)","Cultural Context I: Child Dev","W","9:10 AM - 12:00 PM","Akiba, Daisuke","PH 018","15","25","In-Person",
"002","28591","EECE 310W (3, 3)","Cultural Context I: Child Dev","M","1:40 PM - 4:30 PM","Akiba, Daisuke","PH 016","24","25","In-Person",
"002","28391","EECE 326 (3, 3)","Tch Biliteracy Early Chld Grds","W","4:35 PM - 7:05 PM","Lee, Michelle","KY 426","19","25","In-Person",
"001","28460","EECE 327 (3, 3)","Tch Biliteracy Elementary Grd","M","1:40 PM - 4:30 PM","Ossa Parra, Marcela","PH 018","19","25","In-Person",
"004","28586","EECE 335 (3, 3)","Intro to Classroom Experience","T","1:00 PM - 3:40 PM",", ","PH 013","16","25","In-Person",
"002","29253","EECE 335 (3, 3)","Intro to Classroom Experience","M","4:35 PM - 7:05 PM",", ","RA 202","25","25","In-Person",
"005","28543","EECE 335 (3, 3)","Intro to Classroom Experience","W","1:40 PM - 4:30 PM","Cox, Kersandra","SB D133","25","25","In-Person",
"001","28583","EECE 335 (3, 3)","Intro to Classroom Experience","M","1:40 PM - 4:30 PM","Cox, Kersandra","PH 013","25","25","In-Person",
"006","28389","EECE 335 (3, 3)","Intro to Classroom Experience","W","4:35 PM - 7:05 PM",", ","PH 015","25","25","In-Person",
"003","28587","EECE 335 (3, 3)","Intro to Classroom Experience","T","9:10 AM - 12:00 PM",", ","PH 013","25","25","In-Person",
"006","28386","EECE 337 (3, 3)","Curr &amp; Environmental Design I","W","4:35 PM - 7:05 PM","Hicks, Tiffany","RA 209","25","25","In-Person",
"001","28582","EECE 337 (3, 3)","Curr &amp; Environmental Design I","M","9:10 AM - 12:00 PM","Cooper, Patricia","PH 018","25","25","In-Person",
"003","29252","EECE 337 (3, 3)","Curr &amp; Environmental Design I","T","1:00 PM - 3:40 PM","Faivre, Geraldine","PH 016","10","25","In-Person",
"005","28541","EECE 337 (3, 3)","Curr &amp; Environmental Design I","W","1:40 PM - 4:30 PM","Faivre, Geraldine","PH 016","25","25","In-Person",
"002","28542","EECE 337 (3, 3)","Curr &amp; Environmental Design I","M","1:40 PM - 4:30 PM","Faivre, Geraldine","KY 416","24","25","In-Person",
"004","28209","EECE 337 (3, 3)","Curr &amp; Environmental Design I","T","4:35 PM - 7:05 PM",", ","PH 016","25","25","In-Person",
"001","29007","EECE 338 (3, 3)","Curr &amp; Environmental Design II","M","4:35 PM - 7:05 PM","Dimelfi, Noelle","KY 431","25","25","In-Person",
"004","28581","EECE 338 (3, 3)","Curr &amp; Environmental Design II","W","4:35 PM - 7:05 PM","Cespedes, Michele","KY 321","10","25","In-Person",
"003","28580","EECE 338 (3, 3)","Curr &amp; Environmental Design II","W","4:35 PM - 7:05 PM","Malyukova, Anna","PH 018","25","25","In-Person",
"005","29010","EECE 338 (3, 3)","Curr &amp; Environmental Design II","TH","4:35 PM - 7:05 PM",", ","PH 013","24","25","In-Person",
"002","29008","EECE 338 (3, 3)","Curr &amp; Environmental Design II","M","4:35 PM - 7:05 PM","Marino, Debbie","RA 206","24","25","In-Person",
"001","28388","EECE 340 (3, 3)","Early Dev Lang&amp; Lit","M","4:35 PM - 7:05 PM","Hicks, Tiffany","KY 271","13","25","In-Person",
"003","28579","EECE 340 (3, 3)","Early Dev Lang&amp; Lit","W","9:10 AM - 12:00 PM","Malyukova, Anna","PH 016","24","25","In-Person",
"005","29012","EECE 340 (3, 3)","Early Dev Lang&amp; Lit","TH","9:10 AM - 12:00 PM",", ","PH 016","25","25","In-Person",
"004","29011","EECE 340 (3, 3)","Early Dev Lang&amp; Lit","W","4:35 PM - 7:05 PM",", ","PH 108","10","25","In-Person",
"005","28792","EECE 341 (3, 3)","Lang &amp; Lit Dev: Tchg Rdg","W","9:10 AM - 12:00 PM",", ","PH 015","25","25","In-Person",
"004","28574","EECE 341 (3, 3)","Lang &amp; Lit Dev: Tchg Rdg","T","4:35 PM - 7:05 PM","Fagundes, Livia","PH 015","25","25","In-Person",
"002","28575","EECE 341 (3, 3)","Lang &amp; Lit Dev: Tchg Rdg","T","1:00 PM - 3:40 PM",", ","PH 015","21","25","In-Person",
"003","28387","EECE 341 (3, 3)","Lang &amp; Lit Dev: Tchg Rdg","M","4:35 PM - 7:05 PM","Fagundes, Livia","PH 108","25","25","In-Person",
"003","28570","EECE 350 (3, 3)","Tchg Elem Math","TH","9:10 AM - 12:00 PM","Pai, Grace","PH 015","25","25","In-Person",
"002","28572","EECE 350 (3, 3)","Tchg Elem Math","W","1:40 PM - 4:30 PM","Pai, Grace","RA 206","25","25","In-Person",
"004","28571","EECE 350 (3, 3)","Tchg Elem Math","TH","1:00 PM - 3:40 PM","Pai, Grace","PH 015","18","25","In-Person",
"004","28566","EECE 351 (3, 3)","Tchg Elem Science","TH","1:00 PM - 3:40 PM","Saint-Hilaire, Line","PH 013","24","25","In-Person",
"002","28568","EECE 351 (3, 3)","Tchg Elem Science","W","4:35 PM - 7:05 PM",", ","PH 013","23","25","In-Person",
"001","28569","EECE 351 (3, 3)","Tchg Elem Science","W","9:10 AM - 12:00 PM","Saint-Hilaire, Line","PH 013","25","25","In-Person",
"001","28564","EECE 352 (3, 3)","Elem-Tchg Soc Stdies","W","4:35 PM - 7:05 PM","Bradt, Nancy","SB D133","20","25","In-Person",
"001","28208","EECE 360 (5, 3)","Pract 1-Curr Action","T","4:35 PM - 7:05 PM",", ","RA 210","0","25","In-Person",
"004","28235","EECE 361 (11, 6)","Practicum II: Student Teaching","TH","4:35 PM - 7:05 PM",", ","KY 423","0","10","In-Person",
"005","28234","EECE 361 (11, 6)","Practicum II: Student Teaching","TH","4:35 PM - 7:05 PM",", ","KY 425","0","10","In-Person",
"003","28236","EECE 361 (11, 6)","Practicum II: Student Teaching","TH","4:35 PM - 7:05 PM",", ","KY 325","0","10","In-Person",
"002","28237","EECE 361 (11, 6)","Practicum II: Student Teaching","TH","4:35 PM - 7:05 PM",", ","KY 323","1","10","In-Person",
"001","28238","EECE 361 (11, 6)","Practicum II: Student Teaching","TH","4:35 PM - 7:05 PM",", ","KY 318","72","10","In-Person",
"002","28246","EECE 391 (3, 3)","Stu Teaching, Early Childhood","T","4:35 PM - 7:05 PM",", ","KY 318","0","10","In-Person",
"001","28247","EECE 391 (3, 3)","Stu Teaching, Early Childhood","T","4:35 PM - 7:05 PM",", ","KY 316","93","10","In-Person",
"003","28245","EECE 391 (3, 3)","Stu Teaching, Early Childhood","T","4:35 PM - 7:05 PM",", ","KY 323","0","10","In-Person",
"007","28241","EECE 391 (3, 3)","Stu Teaching, Early Childhood","T","4:35 PM - 7:05 PM",", ","KY 427","0","10","In-Person",
"006","28242","EECE 391 (3, 3)","Stu Teaching, Early Childhood","T","4:35 PM - 7:05 PM",", ","KY 425","0","10","In-Person",
"005","28243","EECE 391 (3, 3)","Stu Teaching, Early Childhood","T","4:35 PM - 7:05 PM",", ","KY 423","0","10","In-Person",
"004","28244","EECE 391 (3, 3)","Stu Teaching, Early Childhood","T","4:35 PM - 7:05 PM",", ","KY 271","0","10","In-Person",
"004","29247","EECE 520 (3, 3)","Lang Dev &amp; Emerg Literacy","T","7:15 PM - 9:45 PM",", ","PH 018","2","20","In-Person",
"001","29250","EECE 520 (3, 3)","Lang Dev &amp; Emerg Literacy","T","4:35 PM - 7:05 PM",", ","PH 018","2","20","In-Person",
"002","29249","EECE 520 (3, 3)","Lang Dev &amp; Emerg Literacy","M","7:15 PM - 9:45 PM",", ","PH 013","0","20","In-Person",
"003","29248","EECE 520 (3, 3)","Lang Dev &amp; Emerg Literacy","M","4:35 PM - 7:05 PM",", ","PH 013","1","20","In-Person",
"001","28563","EECE 555 (3, 3)","Science In Element School","T","4:35 PM - 7:05 PM","Shady, Ashraf","PH 013","3","20","In-Person",
"002","28562","EECE 555 (3, 3)","Science In Element School","T","7:15 PM - 9:45 PM","Shady, Ashraf","PH 013","2","20","In-Person",
"001","28228","EECE 5653 (3, 3)","Student Teaching","T","4:35 PM - 7:05 PM",", ","KY 421","25","10","In-Person",
"003","29016","EECE 566 (6, 3)","Student Teaching","T","4:35 PM - 7:05 PM",", ","HH 09","0","10","In-Person",
"001","28213","EECE 566 (6, 3)","Student Teaching","T","4:35 PM - 7:05 PM",", ","RA 102","39","10","In-Person",
"002","28212","EECE 566 (6, 3)","Student Teaching","T","4:35 PM - 7:05 PM",", ","RA 106","0","10","In-Person",
"001","29246","EECE 702 (3, 3)","Soc Found Of Educ","W","4:35 PM - 7:05 PM","Leone, Cherylann","KY 325","0","20","In-Person",
"002","28561","EECE 702 (3, 3)","Soc Found Of Educ","TH","4:35 PM - 7:05 PM","Greiner, Mary","PH 016","0","20","In-Person",
"003","28560","EECE 702 (3, 3)","Soc Found Of Educ","TH","7:15 PM - 9:45 PM","Greiner, Mary","PH 016","0","20","In-Person",
"001","27440","EECE 706 (3, 3)","Classroom-based Assess &amp; Rsrch","M","4:35 PM - 7:05 PM","Martinez, Paulette","PH 018","20","20","In-Person",
"002","28422","EECE 710 (3, 3)","Ecological Perspectives on Dev","W","4:35 PM - 7:05 PM","Cooper, Patricia","PH 016","0","20","In-Person",
"001","28425","EECE 710 (3, 3)","Ecological Perspectives on Dev","M","4:35 PM - 7:05 PM","Cooper, Patricia","PH 016","0","20","In-Person",
"004","29242","EECE 711 (3, 3)","Ecol Perspective: Childhood","TH","7:15 PM - 9:45 PM",", ","OL 01","13","20","Online Sync",
"001","29245","EECE 711 (3, 3)","Ecol Perspective: Childhood","T","7:15 PM - 9:45 PM",", ","OL 01","9","20","Online Sync",
"002","29244","EECE 711 (3, 3)","Ecol Perspective: Childhood","TH","4:35 PM - 7:05 PM",", ","PH 018","0","20","In-Person",
"003","29243","EECE 711 (3, 3)","Ecol Perspective: Childhood","TH","7:15 PM - 9:45 PM",", ","PH 018","0","20","In-Person",
"001","29241","EECE 721 (3, 3)","Professional Issue Early Child","W","7:15 PM - 9:45 PM",", ","PH 018","0","20","In-Person",
"002","29240","EECE 724 (3, 3)","Curr&amp;Envir Dsgn Early Child I","M","7:15 PM - 9:45 PM","Marino, Debbie","PH 016","0","20","In-Person",
"001","29688","EECE 724 (3, 3)","Curr&amp;Envir Dsgn Early Child I","W","7:15 PM - 9:45 PM","Schatz, Suzanne","PH 016","0","20","In-Person",
"001","28230","EECE 730 (3, 3)","Practicum in Early Childhood","T","4:35 PM - 7:05 PM",", ","KY 417","9","10","In-Person",
"002","28558","EECE 750 (3, 3)","Learning and Techno in Early","W","4:35 PM - 7:05 PM","Fraboni, Michelle","OL 01","18","20","Online Sync",
"001","28559","EECE 750 (3, 3)","Learning and Techno in Early","M","4:35 PM - 7:05 PM","Fraboni, Michelle","OL 01","19","20","Online Sync",
"001","29239","EECE 761 (3, 3)","Foundations of Bilingual Educ","M","7:15 PM - 9:45 PM",", ","OL 01","4","20","Online Mix",
"001","29239","EECE 761 (3, 3)","Foundations of Bilingual Educ","M","7:15 PM - 9:45 PM",", ","OL 01","4","20","Online Mix",
"002","54648","EECE 769 (3, 2)","Teaching for Biliteracy","TH","7:15 PM - 9:45 PM","Lee, Michelle","OL 01","2","20","Online Mix",
"001","29238","EECE 769 (3, 2)","Teaching for Biliteracy","TH","7:15 PM - 9:45 PM","Salgado, Paola","OL 01","6","20","Online Mix",
"002","29236","EECE 771 (1, 1)","Biliteracy Project","&nbsp;"," - ","Salgado, Paola","OL 02","6","5","Online Async",
"001","29237","EECE 771 (1, 1)","Biliteracy Project","&nbsp;"," - ","Lee, Michelle","OL 02","1","5","Online Async",
"001","27356","EECE 810 (3, 3)","Foundations of Lang and Lit","T","4:35 PM - 7:05 PM","Kesler, Theodore","KY 424","0","20","Hybrid Sync",
"001","27355","EECE 811 (3, 3)","Family, Community &amp; Lit","T","7:15 PM - 9:45 PM","Meehan, Patricia","KY 424","0","20","Hybrid Sync",
"001","27354","EECE 813 (3, 3)","Literacy Assessment","T","4:35 PM - 7:05 PM","Martinez, Paulette","OL 01","13","20","Online Sync",
"001","27352","EECE 814 (3, 3)","Instructional Leaders in Lit","T","7:15 PM - 9:45 PM","Giusto, Michelle","OL 01","13","20","Online Sync",
"001","27437","ENGL 108 (4, 3)","Academic Communication","T, TH","1:40 PM - 3:30 PM","De Jesus, Avril","KY 418","0","18","In-Person",
"001","27436","ENGL 109 (4, 3)","Intro to Academic Writing","T, TH","10:05 AM - 11:55 AM","Le, Khanh","QH 010","2","20","In-Person",
"FY30","29691","ENGL 110 (4, 3)","College Writing I","M, W","8:00 AM - 9:50 AM",", ","KY 248","1","20","In-Person",
"01SK","29704","ENGL 110 (4, 3)","College Writing I","T, TH","10:05 AM - 11:55 AM","Khan, Akhtar","DY G14","10","15","In-Person",
"02SK","29705","ENGL 110 (4, 3)","College Writing I","T, TH","12:10 PM - 2:05 PM","Khan, Akhtar","KY 318","19","15","In-Person",
"16SK","29707","ENGL 110 (4, 3)","College Writing I","M, W","1:40 PM - 3:30 PM","Oliveira, Mattheus","DY G15","20","15","In-Person",
"03SK","29710","ENGL 110 (4, 3)","College Writing I","T, TH","2:15 PM - 4:05 PM","Khan, Akhtar","KY 318","12","15","In-Person",
"17SK","29713","ENGL 110 (4, 3)","College Writing I","M, W","10:05 AM - 11:55 AM","Oliveira, Mattheus","DY G14","16","15","In-Person",
"QI1","52639","ENGL 110 (4, 3)","College Writing I","M, W","8:00 AM - 9:50 AM","Cancellieri, Dawn","KY 431","0","0","In-Person",
"QI3","52643","ENGL 110 (4, 3)","College Writing I","T, TH","10:45 AM - 12:35 PM","Cancellieri, Dawn","KY 431","0","0","In-Person",
"QI2","52644","ENGL 110 (4, 3)","College Writing I","T, TH","9:15 AM - 11:05 AM","Garganourakis, Ioannis","KY 421","0","0","In-Person",
"007","27178","ENGL 110 (4, 3)","College Writing I","M, W","8:00 AM - 9:50 AM","Mitrega, Boguslaw","KY 281","1","20","In-Person",
"FY09","27179","ENGL 110 (4, 3)","College Writing I","T, TH","10:05 AM - 11:55 AM",", ","RA 102","3","20","In-Person",
"012","27180","ENGL 110 (4, 3)","College Writing I","M, W","1:40 PM - 3:30 PM","Rubin, Judah","KY 119A","3","20","In-Person",
"FY23","27181","ENGL 110 (4, 3)","College Writing I","T, TH","1:40 PM - 3:30 PM","Norton, Lee","QH 245G","1","20","In-Person",
"FY20","27182","ENGL 110 (4, 3)","College Writing I","T, TH","1:40 PM - 3:30 PM","Malone, Monica","RA 106","0","20","In-Person",
"CN02","27184","ENGL 110 (4, 3)","College Writing I","M, W","4:00 PM - 5:50 PM",", ","KY 313","0","18","In-Person",
"013","27185","ENGL 110 (4, 3)","College Writing I","M, W","1:40 PM - 3:30 PM","Singh, Radhika","KY 119B","1","20","In-Person",
"FY37","27110","ENGL 110 (4, 3)","College Writing I","T, TH","1:40 PM - 3:30 PM","Mendoza, Noa","QH 265C","1","20","In-Person",
"010","27111","ENGL 110 (4, 3)","College Writing I","T, TH","8:00 AM - 9:50 AM","Pokhrel, Nischal","KY 246","1","20","In-Person",
"FY16","27112","ENGL 110 (4, 3)","College Writing I","T, TH","8:00 AM - 9:50 AM","Lau, Victoria","KY 281","0","20","In-Person",
"FY27","27114","ENGL 110 (4, 3)","College Writing I","M, W","10:05 AM - 11:55 AM","Torres, Amanda","RO 257","5","20","In-Person",
"003","27115","ENGL 110 (4, 3)","College Writing I","M, W","1:40 PM - 3:30 PM","Benavidez, Rachael","OL 01","5","18","Online Sync",
"FY14","27116","ENGL 110 (4, 3)","College Writing I","M, W","10:05 AM - 11:55 AM","Kenney, James","RA 102","4","20","In-Person",
"FY40","27117","ENGL 110 (4, 3)","College Writing I","M, W","1:40 PM - 3:30 PM","Solovay, Manuel","KY 313","0","20","In-Person",
"FY06","27118","ENGL 110 (4, 3)","College Writing I","M, W","1:40 PM - 3:30 PM","Digirolamo, Erika","RA 102","1","20","In-Person",
"005","27119","ENGL 110 (4, 3)","College Writing I","T, TH","4:40 PM - 6:30 PM",", ","KY 248","3","20","In-Person",
"NAV1","27121","ENGL 110 (4, 3)","College Writing I","T, TH","10:05 AM - 11:55 AM","Tecson, Evamargaretisabe","KY 248","0","18","In-Person",
"FY19","27122","ENGL 110 (4, 3)","College Writing I","M, W","10:05 AM - 11:55 AM","Levix, Amanda","KY 317","2","20","In-Person",
"FY32","27123","ENGL 110 (4, 3)","College Writing I","M, W","8:00 AM - 9:50 AM",", ","RA 106","1","20","In-Person",
"FY10","27124","ENGL 110 (4, 3)","College Writing I","T, TH","1:40 PM - 3:30 PM","Hebert, Paul","KY 313","7","20","In-Person",
"FY39","27125","ENGL 110 (4, 3)","College Writing I","T, TH","1:40 PM - 3:30 PM","Yoshioka, Cade","QH 350F","1","20","In-Person",
"FY29","27126","ENGL 110 (4, 3)","College Writing I","M, W","4:40 PM - 6:30 PM","Torres, Amanda","KY 246","1","20","In-Person",
"FY31","27128","ENGL 110 (4, 3)","College Writing I","M, W","8:00 AM - 9:50 AM",", ","RA 102","1","20","In-Person",
"019","27129","ENGL 110 (4, 3)","College Writing I","T, TH","1:40 PM - 3:30 PM","Wynter, Jerome","KY 246","1","20","In-Person",
"006","27130","ENGL 110 (4, 3)","College Writing I","T, TH","10:05 AM - 11:55 AM","Malone, Monica","KY 119A","0","20","In-Person",
"FY03","27132","ENGL 110 (4, 3)","College Writing I","M, W","8:00 AM - 9:50 AM","Arguelles, William","KY 246","5","20","In-Person",
"015","27133","ENGL 110 (4, 3)","College Writing I","T, TH","1:40 PM - 3:30 PM","Srinivasan, Rani","KY 119B","1","20","In-Person",
"21SK","27134","ENGL 110 (4, 3)","College Writing I","T, TH","5:00 PM - 6:50 PM","Johnson, Bianca","DY G14","12","15","In-Person",
"FY17","27135","ENGL 110 (4, 3)","College Writing I","T, TH","10:05 AM - 11:55 AM","Lau, Victoria","RA 206","0","20","In-Person",
"CN01","27136","ENGL 110 (4, 3)","College Writing I","T, TH","4:00 PM - 5:50 PM","Schwetz, Danielle","KY 313","0","18","In-Person",
"FY13","27138","ENGL 110 (4, 3)","College Writing I","M, W","1:40 PM - 3:30 PM","Keane, Alice","RA 106","4","20","In-Person",
"FY24","27139","ENGL 110 (4, 3)","College Writing I","M, W","1:40 PM - 3:30 PM","Norton, Lee","QH 245B","0","20","In-Person",
"FY07","27140","ENGL 110 (4, 3)","College Writing I","T, TH","8:00 AM - 9:50 AM",", ","KY 271","1","20","In-Person",
"FY08","27141","ENGL 110 (4, 3)","College Writing I","M, W","4:40 PM - 6:30 PM","Goff, Farrah","KY 427","1","20","In-Person",
"018","27142","ENGL 110 (4, 3)","College Writing I","T, TH","10:05 AM - 11:55 AM","Wynter, Jerome","KY 313","1","20","In-Person",
"008","27143","ENGL 110 (4, 3)","College Writing I","T, TH","1:40 PM - 3:30 PM","Persaud, Nirvani","KY 119A","1","20","In-Person",
"FY05","27145","ENGL 110 (4, 3)","College Writing I","M, W","10:05 AM - 11:55 AM","Digirolamo, Erika","KY 119B","8","20","In-Person",
"FY15","27146","ENGL 110 (4, 3)","College Writing I","M, W","10:05 AM - 11:55 AM","Kowalski, Katherine","RA 106","1","20","In-Person",
"FY12","27147","ENGL 110 (4, 3)","College Writing I","T, TH","1:40 PM - 3:30 PM","Hizme, Robin","RA 102","1","20","In-Person",
"ML1","27148","ENGL 110 (4, 3)","College Writing I","M, W","10:05 AM - 11:55 AM","Wan, Amy","KY 061","0","15","In-Person",
"FY11","27149","ENGL 110 (4, 3)","College Writing I","T, TH","10:05 AM - 11:55 AM","Hizme, Robin","RA 106","2","20","In-Person",
"FY21","27150","ENGL 110 (4, 3)","College Writing I","M, W","1:40 PM - 3:30 PM","Navarro, Marco","QH 350F","1","20","In-Person",
"004","27152","ENGL 110 (4, 3)","College Writing I","T, TH","10:05 AM - 11:55 AM","Hyatt, Francesca","KY 325","4","20","In-Person",
"FY01","27153","ENGL 110 (4, 3)","College Writing I","T, TH","8:00 AM - 9:50 AM","Altman, Jason","PH 104","5","20","In-Person",
"ML2","27154","ENGL 110 (4, 3)","College Writing I","M, W","1:40 PM - 3:30 PM","Suzuki, Rebecca","QH 322","0","15","In-Person",
"FY34","27155","ENGL 110 (4, 3)","College Writing I","M, W","8:00 AM - 9:50 AM",", ","KY 271","0","20","In-Person",
"FY04","27156","ENGL 110 (4, 3)","College Writing I","M, W","1:40 PM - 3:30 PM","Dean, Joshua","KY 246","4","20","In-Person",
"FY38","27157","ENGL 110 (4, 3)","College Writing I","T, TH","10:05 AM - 11:55 AM",", ","KY 418","0","20","In-Person",
"FY35","27158","ENGL 110 (4, 3)","College Writing I","M, W","10:05 AM - 11:55 AM","Torres, Lucy","RO 258","2","20","In-Person",
"FY33","27159","ENGL 110 (4, 3)","College Writing I","M, W","8:00 AM - 9:50 AM",", ","KY 273","0","20","In-Person",
"NAV2","27160","ENGL 110 (4, 3)","College Writing I","M, W","10:05 AM - 11:55 AM","Liu, Raymond","KY 418","0","18","In-Person",
"001","27161","ENGL 110 (4, 3)","College Writing I","M, W","8:00 AM - 9:50 AM","Benavidez, Rachael","OL 01","3","18","Online Sync",
"FY22","27162","ENGL 110 (4, 3)","College Writing I","T, TH","10:05 AM - 11:55 AM","Norton, Lee","RO 258","0","20","In-Person",
"011","27163","ENGL 110 (4, 3)","College Writing I","M, W","10:05 AM - 11:55 AM","Rubin, Judah","KY 119A","1","20","In-Person",
"017","27164","ENGL 110 (4, 3)","College Writing I","M, W","8:00 AM - 9:50 AM","Torres, Lucy","KY 283","0","20","In-Person",
"FY26","27165","ENGL 110 (4, 3)","College Writing I","M, W","4:40 PM - 6:30 PM","Suzuki, Rebecca","KY 429","0","10","In-Person",
"002","27167","ENGL 110 (4, 3)","College Writing I","M, W","10:05 AM - 11:55 AM","Benavidez, Rachael","OL 01","3","18","Online Sync",
"FY36","27168","ENGL 110 (4, 3)","College Writing I","T, TH","10:05 AM - 11:55 AM","Marzo, Lilian","QH 345H","2","20","In-Person",
"FY02","27169","ENGL 110 (4, 3)","College Writing I","T, TH","10:05 AM - 11:55 AM","Altman, Jason","PH 104","12","20","In-Person",
"014","27170","ENGL 110 (4, 3)","College Writing I","T, TH","10:05 AM - 11:55 AM","Srinivasan, Rani","KY 119B","1","20","In-Person",
"009","27172","ENGL 110 (4, 3)","College Writing I","T, TH","4:40 PM - 6:30 PM","Persaud, Nirvani","KY 246","2","20","In-Person",
"FY18","27173","ENGL 110 (4, 3)","College Writing I","M, W","1:40 PM - 3:30 PM","Lehman, Lindsay","QH 245G","0","20","In-Person",
"FY28","27174","ENGL 110 (4, 3)","College Writing I","M, W","1:40 PM - 3:30 PM","Torres, Amanda","QH 350A","1","20","In-Person",
"016","27176","ENGL 110 (4, 3)","College Writing I","T, TH","8:00 AM - 9:50 AM",", ","KY 248","0","20","In-Person",
"ML3","27177","ENGL 110 (4, 3)","College Writing I","T, TH","10:05 AM - 11:55 AM","De Jesus, Avril","QH 350F","0","15","In-Person",
"002","28588","ENGL 110H (4, 3)","College Writing I","M, W","1:40 PM - 3:30 PM","Williams, Christopher","HH 17","4","18","In-Person",
"003","28481","ENGL 110H (4, 3)","College Writing I","M, W","1:40 PM - 3:30 PM","Murray, William","HH 09","4","18","In-Person",
"001","28596","ENGL 110H (4, 3)","College Writing I","M, W","10:05 AM - 11:55 AM","Williams, Christopher","HH 12","4","18","In-Person",
"005","28479","ENGL 110H (4, 3)","College Writing I","T, TH","10:05 AM - 11:55 AM","Shapiro, Yelizaveta","HH 09","7","18","In-Person",
"004","28480","ENGL 110H (4, 3)","College Writing I","T, TH","1:40 PM - 3:30 PM","Schwetz, Danielle","QH 010","6","18","In-Person",
"NAV2","28478","ENGL 1153 (3, 3)","VT: Topics in Writing","M, W","1:40 PM - 2:55 PM","Liu, Raymond","KY 426","0","18","In-Person",
"NAV1","29456","ENGL 1153 (3, 3)","VT: Topics in Writing","T, TH","12:00 PM - 1:15 PM","Tecson, Evamargaretisabe","KY 246","0","18","In-Person",
"010","27632","ENGL 130 (3, 3)","Writing about Literature Eng","M, W","9:15 AM - 10:30 AM","Riley, Tracy","KY 325","7","20","In-Person",
"002","27633","ENGL 130 (3, 3)","Writing about Literature Eng","T, TH","9:15 AM - 10:30 AM","Gohar, Saba","KY 283","10","20","In-Person",
"012","28547","ENGL 130 (3, 3)","Writing about Literature Eng","T, TH","1:40 PM - 2:55 PM","Schnur, Kate","KY 316","20","20","In-Person",
"005","27630","ENGL 130 (3, 3)","Writing about Literature Eng","M, W","1:40 PM - 2:55 PM","Moon, Gyuri","KY 418","6","20","In-Person",
"001","27629","ENGL 130 (3, 3)","Writing about Literature Eng","M, W","3:10 PM - 4:25 PM","Alexandra, Megan","KY 323","7","20","In-Person",
"007","27627","ENGL 130 (3, 3)","Writing about Literature Eng","M, W","5:00 PM - 6:15 PM","Nicolosi, L S","KY 421","5","20","In-Person",
"011","27625","ENGL 130 (3, 3)","Writing about Literature Eng","M, W","10:45 AM - 12:00 PM","Riley, Tracy","KY 325","10","20","In-Person",
"004","27624","ENGL 130 (3, 3)","Writing about Literature Eng","T, TH","3:10 PM - 4:25 PM","Long, Huan Huan","KY 316","19","20","In-Person",
"009","27623","ENGL 130 (3, 3)","Writing about Literature Eng","M, W","10:45 AM - 12:00 PM","Nicoludis, Nicodemus","KY 414","17","20","In-Person",
"003","27622","ENGL 130 (3, 3)","Writing about Literature Eng","T, TH","10:45 AM - 12:00 PM","Hebert, Paul","KY 416","20","20","In-Person",
"008","27621","ENGL 130 (3, 3)","Writing about Literature Eng","M, W","6:40 PM - 7:55 PM","Nicolosi, L S","KY 421","1","20","In-Person",
"NAV1","40254","ENGL 130 (3, 3)","Writing about Literature Eng","T, TH","12:15 PM - 1:30 PM","Nalerio, Juliana","HH 08","0","20","In-Person",
"16SK","33732","ENGL 130 (3, 3)","Writing about Literature Eng","M, W","3:10 PM - 4:25 PM","Sylvester, Meagan","KY 423","5","15","In-Person",
"13SK","29721","ENGL 130 (3, 3)","Writing about Literature Eng","M, W","10:20 AM - 12:00 PM","Lucken, Walter","KY 316","13","15","In-Person",
"15SK","29716","ENGL 130 (3, 3)","Writing about Literature Eng","M, W","1:40 PM - 2:55 PM","Sylvester, Meagan","KY 325","2","15","In-Person",
"12SK","29715","ENGL 130 (3, 3)","Writing about Literature Eng","M, W","1:40 PM - 3:20 PM","Cordoba, Sandra","DY G14","9","15","In-Person",
"14SK","29714","ENGL 130 (3, 3)","Writing about Literature Eng","M, W","1:40 PM - 3:20 PM","Lucken, Walter","RO 258","15","15","In-Person",
"11SK","29708","ENGL 130 (3, 3)","Writing about Literature Eng","M, W","10:20 AM - 12:00 PM","Cordoba, Sandra","DY G15","14","15","In-Person",
"013","28255","ENGL 130 (3, 3)","Writing about Literature Eng","T, TH","4:40 PM - 5:55 PM","Solin, Serena","KY 148","9","20","In-Person",
"001","40413","ENGL 130H (3, 3)","Writing about Literature","T, TH","12:15 PM - 1:30 PM","Cornetta, Jacqueline","KY 248","9","20","In-Person",
"003","28538","ENGL 151W (3, 3)","Readings in British Literature","T, TH","1:40 PM - 2:55 PM","Sargent, Michael","KY 277","12","22","In-Person",
"004","29317","ENGL 151W (3, 3)","Readings in British Literature","T, TH","10:45 AM - 12:00 PM","Schanoes, Veronica","KY 246","14","22","In-Person",
"005","40250","ENGL 151W (3, 3)","Readings in British Literature","T, TH","9:15 AM - 10:30 AM","Wang, John","KY 315","23","25","In-Person",
"002","28248","ENGL 151W (3, 3)","Readings in British Literature","T, TH","5:00 PM - 6:15 PM","Kemp, Sawyer","KY 283","22","22","In-Person",
"004","28419","ENGL 152W (3, 3)","Readings American Literature","M, W","4:40 PM - 5:55 PM","Keane, Alice","KY 416","25","25","In-Person",
"QI2","52641","ENGL 152W (3, 3)","Readings American Literature","T, TH","10:45 AM - 12:00 PM","Kouakou, Etienne","KY 425","0","0","In-Person",
"001","28548","ENGL 152W (3, 3)","Readings American Literature","M, W","1:40 PM - 2:55 PM","Faherty, Duncan","RA 214","22","22","In-Person",
"QI1","52642","ENGL 152W (3, 3)","Readings American Literature","T, TH","7:45 AM - 9:00 AM","Garganourakis, Ioannis","KY 421","0","0","In-Person",
"002","28477","ENGL 152W (3, 3)","Readings American Literature","M, W","5:00 PM - 6:15 PM","Sirlin, Rhoda","KP 304","10","22","In-Person",
"003","28476","ENGL 152W (3, 3)","Readings American Literature","M, W","6:40 PM - 7:55 PM","Sirlin, Rhoda","KP 333","5","22","In-Person",
"001","28437","ENGL 153W (3, 3)","Introduction to the Bible","M","6:40 PM - 9:30 PM","Shippee, Arthur","KY 250","12","25","In-Person",
"004","28546","ENGL 157W (3, 3)","Readings in Global Literatures","M, W","1:40 PM - 2:55 PM","Deb, Basuli","KY 323","6","20","In-Person",
"002","27537","ENGL 157W (3, 3)","Readings in Global Literatures","T, TH","1:40 PM - 2:55 PM","Currie, Edward","RA 208","20","25","In-Person",
"003","27539","ENGL 157W (3, 3)","Readings in Global Literatures","M, W","10:45 AM - 12:00 PM","Deb, Basuli","KY 426","9","20","In-Person",
"001","27540","ENGL 157W (3, 3)","Readings in Global Literatures","T, TH","12:15 PM - 1:30 PM","Currie, Edward","RA 208","25","25","In-Person",
"002","28540","ENGL 161W (3, 3)","Introduction to Narrative","M, W","3:10 PM - 4:25 PM","Raden, Audrey","KY 248","19","25","In-Person",
"001","28520","ENGL 161W (3, 3)","Introduction to Narrative","T, TH","1:40 PM - 2:55 PM","Weir, John","KY 412","22","22","In-Person",
"003","28475","ENGL 161W (3, 3)","Introduction to Narrative","T, TH","12:15 PM - 1:30 PM","Shapiro, Yelizaveta","PH 102","16","25","In-Person",
"001","28521","ENGL 162W (3, 3)","Literature and Place","T, TH","1:40 PM - 2:55 PM","Gardaphe, Fred","KY 334","16","22","In-Person",
"003","28529","ENGL 162W (3, 3)","Literature and Place","T, TH","9:15 AM - 10:30 AM","Nduka, Uchenna","KY 317","4","25","In-Person",
"002","28539","ENGL 162W (3, 3)","Literature and Place","M, W","3:10 PM - 4:25 PM","Bernstein, Susan","KY 421","15","25","In-Person",
"03SK","29723","ENGL 162W (3, 3)","Literature and Place","T, TH","10:05 AM - 11:55 AM","Cordoba, Sandra","DY G15","7","15","In-Person",
"02SK","29722","ENGL 162W (3, 3)","Literature and Place","M, W","4:00 PM - 5:50 PM","Blackman-Richards, Norka","KY 316","1","15","In-Person",
"05SK","29729","ENGL 162W (3, 3)","Literature and Place","M, W","5:00 PM - 6:50 PM","Singh, Rajiv","KY 318","3","15","In-Person",
"04SK","29724","ENGL 162W (3, 3)","Literature and Place","T, TH","5:00 PM - 6:50 PM","Morgan, Patrice","DY G15","3","15","In-Person",
"001","28530","ENGL 165W (3, 3)","Introduction to Poetry","T, TH","10:45 AM - 12:00 PM","Bowen, Barbara","RA 214","22","22","In-Person",
"002","28544","ENGL 165W (3, 3)","Introduction to Poetry","M, W","1:40 PM - 2:55 PM","Cassvan, Jeffrey","RA 219","15","22","In-Person",
"005","28474","ENGL 165W (3, 3)","Introduction to Poetry","T, TH","10:45 AM - 12:00 PM","Nduka, Uchenna","KY 424","25","25","In-Person",
"007","34464","ENGL 165W (3, 3)","Introduction to Poetry","M, W","3:10 PM - 4:25 PM","Drury, Annmarie","KY 281","25","25","In-Person",
"008","40251","ENGL 165W (3, 3)","Introduction to Poetry","T, TH","12:15 PM - 1:30 PM","Wang, John","KY 315","25","25","In-Person",
"003","29058","ENGL 165W (3, 3)","Introduction to Poetry","T, TH","6:40 PM - 7:55 PM","Chu, Seo-Young","OL 01","23","22","Online Sync",
"004","29264","ENGL 165W (3, 3)","Introduction to Poetry","M, W","1:40 PM - 2:55 PM","Sedarat, Roger","KY 248","22","22","In-Person",
"003","28557","ENGL 170W (4, 4)","Introduction to Literary Study","M, W","10:05 AM - 11:55 AM","Perez, Vanessa","KY 423","5","15","In-Person",
"002","28528","ENGL 170W (4, 4)","Introduction to Literary Study","T, TH","1:40 PM - 3:30 PM","Kemp, Sawyer","RA 202","11","15","In-Person",
"001","29263","ENGL 170W (4, 4)","Introduction to Literary Study","T, TH","10:05 AM - 11:55 AM","Ferguson, Kevin","PH 102","12","15","In-Person",
"004","29262","ENGL 170W (4, 4)","Introduction to Literary Study","M, W","1:40 PM - 3:30 PM","Schaffer, Talia","PH 102","12","15","In-Person",
"02SK","29727","ENGL 200W (3, 3)","Writing about Writing","T, TH","10:45 AM - 12:00 PM","Lucken, Walter","RO 257","5","20","In-Person",
"001","28471","ENGL 200W (3, 3)","Writing about Writing","M, W","10:45 AM - 12:00 PM","Navarro, Marco","KP 708","6","18","In-Person",
"002","28556","ENGL 201W (3, 3)","VT: Writing for Special Fields","M, W","10:40 AM - 11:55 AM","Suzuki, Rebecca","KY 318","7","18","In-Person",
"003","28531","ENGL 201W (3, 3)","VT: Writing for Special Fields","T, TH","10:45 AM - 12:00 PM","Cornetta, Jacqueline","RA 210","13","18","In-Person",
"001","29261","ENGL 201W (3, 3)","VT: Writing for Special Fields","M, W","9:15 AM - 10:30 AM","Efthymiou, Andrea","KP 708","4","18","In-Person",
"001","28430","ENGL 204W (3, 3)","Writing from the Field","M, W","5:00 PM - 6:15 PM","Navarro, Marco","KY 317","3","25","In-Person",
"001","29134","ENGL 209 (3, 3)","Reading as Writers","M, W","1:40 PM - 2:55 PM","Hahn, Kimiko","KP 708","3","25","In-Person",
"002","29259","ENGL 210W (3, 3)","Intro Creative Writing","M, W","3:10 PM - 4:25 PM","Black, Ryan","KP 708","3","18","In-Person",
"001","29260","ENGL 210W (3, 3)","Intro Creative Writing","M, W","1:40 PM - 2:55 PM","Black, Ryan","KP 304","11","18","In-Person",
"008","28551","ENGL 210W (3, 3)","Intro Creative Writing","M, W","9:15 AM - 10:30 AM","Maldonado Rodriguez, Ricardo","KY 427","9","18","In-Person",
"010","28434","ENGL 210W (3, 3)","Intro Creative Writing","M, W","4:40 PM - 5:55 PM","Singh, Radhika","KY 281","0","18","In-Person",
"006","28473","ENGL 210W (3, 3)","Intro Creative Writing","T, TH","5:00 PM - 6:15 PM",", ","KY 416","2","18","In-Person",
"009","28518","ENGL 210W (3, 3)","Intro Creative Writing","T, TH","1:40 PM - 2:55 PM","Marzo, Lilian","KY 414","8","18","In-Person",
"007","28519","ENGL 210W (3, 3)","Intro Creative Writing","T, TH","12:15 PM - 1:30 PM",", ","KP 304","18","18","In-Person",
"005","29056","ENGL 210W (3, 3)","Intro Creative Writing","M, W","5:00 PM - 6:15 PM","Paslawski, Megan","OL 01","11","18","Online Sync",
"004","29257","ENGL 210W (3, 3)","Intro Creative Writing","T, TH","3:10 PM - 4:25 PM","Hyatt, Francesca","KY 325","9","18","In-Person",
"003","29258","ENGL 210W (3, 3)","Intro Creative Writing","M, W","3:10 PM - 4:25 PM","Cooley, Nicole","KY 425","7","18","In-Person",
"005","28550","ENGL 211W (3, 3)","Introduction to Writing Nonfic","M, W","1:40 PM - 2:55 PM","Simon, Heather","PH 151","6","18","In-Person",
"004","28516","ENGL 211W (3, 3)","Introduction to Writing Nonfic","M, W","10:45 AM - 12:00 PM","Simon, Heather","KY 416","7","18","In-Person",
"001","28517","ENGL 211W (3, 3)","Introduction to Writing Nonfic","T, TH","1:40 PM - 2:55 PM","Hyatt, Francesca","KY 416","6","18","In-Person",
"003","28162","ENGL 211W (3, 3)","Introduction to Writing Nonfic","T, TH","4:40 PM - 5:55 PM","Prins, Richard","KY 426","4","18","In-Person",
"001","27394","ENGL 221 (3, 3)","Editorial Practices","M, W","10:45 AM - 12:00 PM","Norton, Lee","KY 420","14","18","In-Person",
"004","29455","ENGL 241 (4, 4)","Text in Its Historical Moment","T, TH","4:40 PM - 6:30 PM","Sargent, Michael","KY 173","10","22","In-Person",
"001","27558","ENGL 241 (4, 4)","Text in Its Historical Moment","M, W","10:05 AM - 11:55 AM","Faherty, Duncan","PH 102","11","22","In-Person",
"001","27557","ENGL 242 (4, 4)","Literary History","M, W","10:05 AM - 11:55 AM","Cassvan, Jeffrey","PH 104","9","22","In-Person",
"001","27556","ENGL 243 (4, 4)","Genre","M, W","10:05 AM - 11:55 AM","Black, Ryan","KY 248","22","22","In-Person",
"002","27555","ENGL 243 (4, 4)","Genre","T, TH","1:40 PM - 3:30 PM","Schanoes, Veronica","PH 104","7","22","In-Person",
"002","27552","ENGL 244 (4, 4)","Theory","T, TH","1:40 PM - 3:30 PM","Kruger, Steven","PH 102","17","22","In-Person",
"001","27553","ENGL 244 (4, 4)","Theory","T, TH","1:40 PM - 3:30 PM","Chu, Seo-Young","OL 01","22","22","Online Sync",
"003","27554","ENGL 244 (4, 4)","Theory","M, W","1:40 PM - 3:30 PM","Paslawski, Megan","KY 173","21","22","In-Person",
"001","28868","ENGL 290W (3, 3)","The History of the English Lan","T, TH","3:10 PM - 4:25 PM","Sargent, Michael","KY 173","6","25","In-Person",
"001","28472","ENGL 2993 (135, 3)","Internship","&nbsp;"," - ","Norton, Lee"," ","1","15","In-Person",
"001","29256","ENGL 301W (3, 3)","Fiction Workshop","T, TH","3:10 PM - 4:25 PM","Weir, John","KP 304","15","18","In-Person",
"001","28533","ENGL 302 (3, 3)","Playwriting Workshop","T, TH","10:45 AM - 12:00 PM","Miller, Hillary","KY 323","5","18","In-Person",
"001","28522","ENGL 303W (3, 3)","Non-fiction Workshop","T, TH","1:40 PM - 2:55 PM","Hopper, Briallen","SB D135","4","18","In-Person",
"001","29130","ENGL 304 (3, 3)","Poetry Workshop","M, W","3:10 PM - 4:25 PM","Sedarat, Roger","KY 325","9","18","In-Person",
"003","51828","ENGL 309 (3, 3)","VT: Studies in Theory","M","5:00 PM - 7:50 PM","Grier, Miles","KY 148","0","20","In-Person",
"001","27505","ENGL 309 (3, 3)","VT: Studies in Theory","T, TH","1:40 PM - 2:55 PM","Weingarten, Karen","KP 304","0","15","In-Person",
"001","28532","ENGL 314 (3, 3)","VT: Studies in Popular Genres","T, TH","10:40 AM - 11:55 AM","Kemp, Sawyer","KP 304","9","20","In-Person",
"002","54932","ENGL 314 (3, 3)","VT: Studies in Popular Genres","M","1:40 PM - 4:30 PM","Healey, Meghan","RA 205","0","20","In-Person",
"001","33752","ENGL 324 (3, 3)","Victorian Poetry and Prose","M, W","1:40 PM - 2:55 PM","Drury, Annmarie","KY 423","25","25","In-Person",
"002","51829","ENGL 348 (3, 3)","The Early Black Atlantic","M, W","10:45 AM - 12:00 PM","Grier, Miles","KY 246","2","25","In-Person",
"001","28156","ENGL 379 (3, 3)","VT: Tran Ntl Post-Col Glob Lit","T, TH","4:40 PM - 5:55 PM","Chu, Seo-Young","OL 01","30","30","Online Sync",
"004","27094","ENGL 391W (4, 4)","Vt: Senior Semi in Lit","M, W","10:05 AM - 11:55 AM","Paslawski, Megan","KP 304","10","15","In-Person",
"001","27093","ENGL 391W (4, 4)","Vt: Senior Semi in Lit","M, W","1:40 PM - 3:30 PM","Sirlin, Rhoda","KP 333","1","15","In-Person",
"003","27095","ENGL 391W (4, 4)","Vt: Senior Semi in Lit","M, W","4:40 PM - 6:30 PM","Cassvan, Jeffrey","KY 248","5","15","In-Person",
"002","27097","ENGL 391W (4, 4)","Vt: Senior Semi in Lit","T, TH","1:40 PM - 3:30 PM","Bowen, Barbara","KY 423","5","15","In-Person",
"001","29140","ENGL 399W (4, 4)","Department Honors Seminar","M","5:00 PM - 8:50 PM","Silyn Roberts, Sian","KP 708","10","15","In-Person",
"002","29209","ENGL 399W (4, 4)","Department Honors Seminar","T","1:40 PM - 5:30 PM","Silyn Roberts, Sian","KP 708","5","15","In-Person",
"001","27098","ENGL 636 (3, 3)","Literary Theory for Grad Study","TH","4:40 PM - 6:30 PM","Kruger, Steven","KP 708","6","10","In-Person",
"001","27098","ENGL 636 (3, 3)","Literary Theory for Grad Study","TH","4:40 PM - 6:30 PM","Kruger, Steven","KP 708","6","10","In-Person",
"001","29454","ENGL 701 (3, 3)","Methods&amp;Writing for Grad Study","W","4:40 PM - 6:30 PM","Ferguson, Kevin","OL 01","4","10","Online Sync",
"001","29454","ENGL 701 (3, 3)","Methods&amp;Writing for Grad Study","W","4:40 PM - 6:30 PM","Ferguson, Kevin","OL 01","4","10","Online Sync",
"001","28418","ENGL 719 (3, 3)","Medieval Literature","M","4:40 PM - 6:30 PM","Burger, Glenn","KY 418","2","15","In-Person",
"001","28418","ENGL 719 (3, 3)","Medieval Literature","M","4:40 PM - 6:30 PM","Burger, Glenn","KY 418","2","15","In-Person",
"001","29453","ENGL 721 (3, 3)","Vt:17th Century Literature","M","4:40 PM - 6:30 PM","Hintz, Carrie","OL 01","3","9","Online Sync",
"001","29132","ENGL 727 (3, 3)","Nineteenth-Century U.S. Lit","T","6:40 PM - 8:30 PM","Sedarat, Roger","OL 01","6","9","Online Sync",
"001","29132","ENGL 727 (3, 3)","Nineteenth-Century U.S. Lit","T","6:40 PM - 8:30 PM","Sedarat, Roger","OL 01","6","9","Online Sync",
"001","28155","ENGL 734 (3, 3)","Native Ameri &amp; Indigenous Lit","M","6:40 PM - 8:30 PM","Orchard, William","OL 01","3","9","Online Sync",
"001","27342","ENGL 745 (3, 3)","Workshop Creative Nonfiction","TH","6:40 PM - 8:30 PM","Hopper, Briallen","KP 708","2","15","In-Person",
"001","29450","ENGL 747 (3, 3)","Workshop in Fiction","TH","6:40 PM - 8:30 PM","Weir, John","KP 304","5","15","In-Person",
"002","54822","ENGL 748 (3, 3)","Workshop in Poetry","M","6:40 PM - 8:30 PM","Hahn, Kimiko","KP 304","2","20","In-Person",
"001","34466","ENGL 758 (3, 3)","MFA Thesis Workshop","W","6:40 PM - 8:30 PM","Cooley, Nicole","KP 304","8","15","In-Person",
"001","29333","ENGL 763 (3, 3)","Translation Theory &amp; Practice","T","6:40 PM - 8:30 PM","Alcalay, Ammiel","QH 245G","5","15","In-Person",
"001","27343","ENGL 765 (3, 3)","Cross-Genre Craft","T","6:40 PM - 8:30 PM",", ","KP 708","7","15","In-Person",
"002","34465","ENGL 781 (3, 3)","Special Seminars","TH","4:40 PM - 6:30 PM","Weingarten, Karen","KY 321","0","15","In-Person",
"001","29332","ENGL 781 (3, 3)","Special Seminars","T","4:40 PM - 6:30 PM","Fisk, Gloria","KP 304","4","10","In-Person",
"001","27650","ENGL 793 (3, 3)","Teaching College Writing","TH","4:40 PM - 6:30 PM","Albracht, Lindsey","KY 316","4","15","In-Person",
"1A","27608","ENSCI 099 (6, 4)","Guide to Environmental Choices","M","1:40 PM - 4:30 PM",", ","SB D235","17","18","In-Person",
"2C","27610","ENSCI 099 (6, 4)","Guide to Environmental Choices","TH","1:40 PM - 4:30 PM",", ","SB D235","13","18","In-Person",
"1E","27611","ENSCI 099 (6, 4)","Guide to Environmental Choices","M","1:40 PM - 4:30 PM",", ","SB A135A","0","18","In-Person",
"1E","27611","ENSCI 099 (6, 4)","Guide to Environmental Choices","M","1:40 PM - 4:30 PM",", ","SB D245","0","18","In-Person",
"2D","27612","ENSCI 099 (6, 4)","Guide to Environmental Choices","T","5:00 PM - 7:50 PM",", ","SB D235","4","18","In-Person",
"1C","27613","ENSCI 099 (6, 4)","Guide to Environmental Choices","T","9:10 AM - 12:00 PM",", ","SB D235","11","18","In-Person",
"1B","29111","ENSCI 099 (6, 4)","Guide to Environmental Choices","W","1:40 PM - 4:30 PM",", ","SB D235","6","18","In-Person",
"2A","27614","ENSCI 099 (6, 4)","Guide to Environmental Choices","T","9:10 AM - 12:00 PM",", ","SB E227","2","18","In-Person",
"1D","27615","ENSCI 099 (6, 4)","Guide to Environmental Choices","TH","9:10 AM - 12:00 PM",", ","SB D235","7","18","In-Person",
"2B","27616","ENSCI 099 (6, 4)","Guide to Environmental Choices","T","1:40 PM - 4:30 PM",", ","SB D235","11","18","In-Person",
"2","27618","ENSCI 099 (6, 4)","Guide to Environmental Choices","T, TH","12:15 PM - 1:30 PM","Yi, Chuixiang","SB C203","30","72","In-Person",
"1","27619","ENSCI 099 (6, 4)","Guide to Environmental Choices","M, W","10:45 AM - 12:00 PM","Ramadhin, Christine","SB C207","41","90","In-Person",
"2A","27614","ENSCI 099 (6, 4)","Guide to Environmental Choices","T","9:10 AM - 12:00 PM",", ","SB D245","2","18","In-Person",
"3","29159","ENSCI 100 (6, 4)","Our Planet In 21st Century","S","9:10 AM - 12:00 PM","Williams, Latisha","SB D135","5","18","In-Person",
"2","29208","ENSCI 100 (6, 4)","Our Planet In 21st Century","T, TH","10:45 AM - 12:00 PM","Bird, Jeffrey","SB C207","17","54","In-Person",
"3A","29158","ENSCI 100 (6, 4)","Our Planet In 21st Century","S","1:00 PM - 3:50 PM","Williams, Latisha","SB E243","5","18","In-Person",
"1A","29042","ENSCI 100 (6, 4)","Our Planet In 21st Century","M","9:10 AM - 12:00 PM",", ","SB E243","10","18","In-Person",
"1D","28799","ENSCI 100 (6, 4)","Our Planet In 21st Century","W","5:00 PM - 7:50 PM",", ","SB A135A","4","18","In-Person",
"1D","28799","ENSCI 100 (6, 4)","Our Planet In 21st Century","W","5:00 PM - 7:50 PM",", ","SB E243","4","18","In-Person",
"1","28917","ENSCI 100 (6, 4)","Our Planet In 21st Century","M, W","1:40 PM - 2:55 PM","Ramadhin, Christine","SB B137","32","72","In-Person",
"2D","29035","ENSCI 100 (6, 4)","Our Planet In 21st Century","W","1:40 PM - 4:30 PM",", ","SB E227","6","18","In-Person",
"2D","29035","ENSCI 100 (6, 4)","Our Planet In 21st Century","W","1:40 PM - 4:30 PM",", ","SB E243","6","18","In-Person",
"2B","29038","ENSCI 100 (6, 4)","Our Planet In 21st Century","TH","1:40 PM - 4:30 PM",", ","SB E227","6","18","In-Person",
"2B","29038","ENSCI 100 (6, 4)","Our Planet In 21st Century","TH","1:40 PM - 4:30 PM",", ","SB E243","6","18","In-Person",
"2A","29039","ENSCI 100 (6, 4)","Our Planet In 21st Century","T","12:10 PM - 3:00 PM",", ","SB E227","3","18","In-Person",
"2A","29039","ENSCI 100 (6, 4)","Our Planet In 21st Century","T","12:10 PM - 3:00 PM",", ","SB E243","3","18","In-Person",
"1C","29040","ENSCI 100 (6, 4)","Our Planet In 21st Century","M","3:10 PM - 6:00 PM",", ","SB E227","13","18","In-Person",
"1C","29040","ENSCI 100 (6, 4)","Our Planet In 21st Century","M","3:10 PM - 6:00 PM",", ","SB E243","13","18","In-Person",
"1B","29041","ENSCI 100 (6, 4)","Our Planet In 21st Century","W","9:10 AM - 12:00 PM",", ","SB E227","5","18","In-Person",
"1B","29041","ENSCI 100 (6, 4)","Our Planet In 21st Century","W","9:10 AM - 12:00 PM",", ","SB E243","5","18","In-Person",
"1A","29042","ENSCI 100 (6, 4)","Our Planet In 21st Century","M","9:10 AM - 12:00 PM",", ","SB E227","10","18","In-Person",
"1","28763","ENSCI 112 (3, 3)","Our Changing Planet","M, W","10:45 AM - 12:00 PM","Blanford, William","PH 115","13","45","In-Person",
"1","28992","ENSCI 200 (3, 3)","Earth System Science","T, TH","12:15 PM - 1:30 PM","Bird, Jeffrey","SB D135","25","25","In-Person",
"1","27634","ENSCI 373W (3, 3)","Environmental Problem Solving","M, W","10:45 AM - 12:00 PM","O'Mullan, Gregory","SB D135","10","20","In-Person",
"1","27654","ENSCI 397 (3, 3)","Internship Environmental Sci","&nbsp;"," - ","Bird, Jeffrey"," ","0","2","In-Person",
"005","54216","EURO 120 (3, 3)","Writing European Lit &amp; Culture","&nbsp;"," - ","Cloarec, Yves","OL 02","20","25","Online Async",
"004","27605","EURO 120 (3, 3)","Writing European Lit &amp; Culture","M, W","1:40 PM - 2:55 PM","Bouhayat, Souad","QH 320","5","25","In-Person",
"002","27604","EURO 120 (3, 3)","Writing European Lit &amp; Culture","T, TH","10:45 AM - 12:00 PM","Cloarec, Yves","QH 270F","6","25","In-Person",
"001","27603","EURO 120 (3, 3)","Writing European Lit &amp; Culture","&nbsp;"," - ","Cloarec, Yves","OL 02","25","25","Online Async",
"001","27104","FASH 120 (3, 3)","The World of Fashion","T","5:00 PM - 7:50 PM","Killeaney, Richard","RA 205","9","25","In-Person",
"001","27105","FASH 121 (3, 3)","Textiles Exploration","T","1:40 PM - 4:30 PM","Killeaney, Richard","RA 219","9","20","In-Person",
"002","28796","FASH 126 (3, 3)","Fashion Design Studio I","W","5:00 PM - 7:50 PM","Lukyanovich, Svetlana","RA 201","10","15","In-Person",
"003","28795","FASH 126 (3, 3)","Fashion Design Studio I","F","9:10 AM - 12:00 PM","Lukyanovich, Svetlana","RA 201","4","15","In-Person",
"004","28794","FASH 126 (3, 3)","Fashion Design Studio I","M","9:10 AM - 12:00 PM","Leahy, Nicholas","RA 201","15","15","In-Person",
"001","27358","FASH 126 (3, 3)","Fashion Design Studio I","W","1:40 PM - 4:30 PM","Lukyanovich, Svetlana","RA 201","7","15","In-Person",
"001","27108","FASH 157 (3, 3)","Fash Hist in West: Origins-19C","M","9:10 AM - 12:00 PM","Ripley, Emily","RE 307","3","18","In-Person",
"001","27504","FASH 225 (3, 3)","Fash Design Sketch &amp; Illus I","TH","9:10 AM - 12:00 PM","Ripley, Emily","RE 307","2","18","In-Person",
"001","28793","FASH 226 (3, 3)","Fashion Design Studio II","M","1:40 PM - 4:30 PM","Leahy, Nicholas","RA 201","2","15","In-Person",
"001","27103","FASH 227 (3, 3)","Dress Matters Sem: Contemp Exp","W","9:10 AM - 12:00 PM","Ripley, Emily","RA 205","7","18","In-Person",
"001","29532","FASH 3581 (1, 1)","Indepen Study: Fashion Archive","&nbsp;"," - ","Ripley, Emily"," ","0","1","In-Person",
"001","29531","FASH 3582 (2, 2)","Indepen Study: Fashion Archive","&nbsp;"," - ","Ripley, Emily"," ","0","1","In-Person",
"001","29530","FASH 3583 (3, 3)","Indepen Study: Fashion Archive","&nbsp;"," - ","Ripley, Emily"," ","0","1","In-Person",
"001","29533","FASH 359 (3, 3)","Ind Study: Fashion Design Proj","&nbsp;"," - ","Ripley, Emily"," ","0","1","In-Person",
"001","29689","FASH 370 (3, 3)","Fashion in the Museum","TH","1:40 PM - 4:30 PM","Killeaney, Richard","RA 205","8","15","In-Person",
"001","27090","FASH 3731 (3, 1)","Internship in Fashion &amp; Design","&nbsp;"," - ","Ripley, Emily"," ","0","1","In-Person",
"001","27088","FASH 3732 (6, 2)","Internship in Fashion &amp; Design","&nbsp;"," - ","Ripley, Emily"," ","0","1","In-Person",
"01","27962","FNES 010 (2, 1)","Intro Skill Assessment","M, W","10:05 AM - 10:55 AM","Hoover, Robert","FG 300N","17","24","In-Person",
"02","27877","FNES 012 (2, 1)","Team Sports","M, W","7:30 PM - 8:20 PM","Lee, Christopher","FG 300N","24","24","In-Person",
"VS1","27879","FNES 012 (2, 1)","Team Sports","M","8:00 AM - 9:00 AM",", "," ","0","0","Hybrid Async",
"01","27878","FNES 012 (2, 1)","Team Sports","M, W","11:10 AM - 12:00 PM","Hoover, Robert","AR SF02","24","24","In-Person",
"03","27876","FNES 012 (2, 1)","Team Sports","M, W","8:30 PM - 9:20 PM","Lee, Christopher","FG 300N","19","24","In-Person",
"04","27875","FNES 012 (2, 1)","Team Sports","T, TH","10:05 AM - 10:55 AM","Fleming, Liselotte","AR SF02","11","24","In-Person",
"02","27868","FNES 013 (2, 1)","Dance","T","4:20 PM - 6:10 PM","Osborne, Helene","FG 313","14","18","In-Person",
"003","29652","FNES 013 (2, 1)","Dance","W","10:05 AM - 11:55 AM","Osborne, Helene","FG 313","8","18","In-Person",
"03","27925","FNES 014 (2, 1)","Individual Sports","T","5:00 PM - 6:50 PM","Cassandro, Karen","FG 300N","25","24","In-Person",
"011","27923","FNES 014 (2, 1)","Individual Sports","T, TH","11:10 AM - 12:00 PM","Fleming, Liselotte","FG 300N","10","20","In-Person",
"01","27927","FNES 014 (2, 1)","Individual Sports","T","2:15 PM - 4:05 PM","Osborne, Helene","FG 313","5","20","In-Person",
"010","27924","FNES 014 (2, 1)","Individual Sports","T, TH","9:00 AM - 9:50 AM","Fleming, Liselotte","FG 300N","8","20","In-Person",
"01","27853","FNES 030 (3, 3)","Fitness Through Diet","W","4:35 PM - 7:05 PM","Giannopoulos, George","FG 312","0","25","In-Person",
"69LB","27900","FNES 101 (5, 3)","The Science of Foods","S","9:10 AM - 12:30 PM","Roszkowski, Olivia","RE 301","16","15","In-Person",
"ASYN","27903","FNES 101 (5, 3)","The Science of Foods","&nbsp;"," - ","Choi, Sungeun","OL 02","106","120","Online Async",
"11LB","27904","FNES 101 (5, 3)","The Science of Foods","M","1:40 PM - 5:00 PM","Moran, Patrick","RE 301","16","15","In-Person",
"41LB","27905","FNES 101 (5, 3)","The Science of Foods","TH","1:40 PM - 5:00 PM","Roszkowski, Olivia","RE 301","15","15","In-Person",
"31LB","31669","FNES 101 (5, 3)","The Science of Foods","W","1:30 PM - 4:50 PM","Corvese, Maria","RE 301","16","15","In-Person",
"35LB","27899","FNES 101 (5, 3)","The Science of Foods","W","5:30 PM - 8:50 PM","Reganato, Lauren","RE 301","15","15","In-Person",
"SEEK","27902","FNES 101 (5, 3)","The Science of Foods","F","8:40 AM - 12:00 PM","Cheung, Wing Yee","RE 301","28","24","In-Person",
"3140","27928","FNES 104 (3, 3)","Aspects Of Foods","W","1:40 PM - 4:30 PM","Choi, Sungeun","RE 017","25","45","In-Person",
"4114","27953","FNES 105 (5, 3)","Food Sustainability: Food Sys","TH","11:40 AM - 1:20 PM","Moran, Patrick","RE 302","22","20","In-Person",
"49LB","27959","FNES 105 (5, 3)","Food Sustainability: Food Sys","TH","9:10 AM - 11:40 AM","Moran, Patrick","RE 301","22","20","In-Person",
"ASYN","28837","FNES 106 (3, 3)","Intro Fam &amp; Cons Sci","&nbsp;"," - ","Armoza, Fernanda","OL 02","26","25","Online Async",
"3140","27855","FNES 140 (3, 3)","Child Development/Parenting","W","1:40 PM - 4:30 PM","Lovitz, Melissa","RE 310","23","23","In-Person",
"01","27844","FNES 143 (2, 1)","Fundamental Motor Skills","M, W","5:00 PM - 5:50 PM","Kolb, Christopher","FG 300N","2","24","In-Person",
"002","27843","FNES 143 (2, 1)","Fundamental Motor Skills","M, W","6:30 PM - 7:20 PM","Pasquale, Louis","FG 300N","24","24","In-Person",
"01","27847","FNES 146 (3, 3)","Sport Skill Analysis","TH","5:00 PM - 7:50 PM","Lee, Christopher","FG 307","30","30","In-Person",
"ASY1","27936","FNES 147 (3, 3)","Family Relations","&nbsp;"," - ","Lovitz, Melissa","OL 02","40","40","Online Async",
"391H","28762","FNES 147 (3, 3)","Family Relations","W","9:10 AM - 12:00 PM","Riina, Elizabeth","PH 130","13","40","Hybrid Async",
"QI1","53585","FNES 147 (3, 3)","Family Relations","T, TH","2:00 PM - 3:15 PM","Lovitz, Melissa"," ","0","0","In-Person",
"SEEK","27937","FNES 147 (3, 3)","Family Relations","TH","9:10 AM - 12:00 PM","Lombardi, Laura","RA 219","22","20","In-Person",
"ASY2","27938","FNES 147 (3, 3)","Family Relations","&nbsp;"," - ","Riina, Elizabeth","OL 02","40","40","Online Async",
"4910","40162","FNES 151 (3, 3)","Families as Consumers","TH","9:10 AM - 12:00 PM","Lovitz, Melissa","RE 310","13","20","In-Person",
"002","27884","FNES 160 (3, 3)","Principles/Foundations of P.E","T, TH","10:45 AM - 12:00 PM","Ha, Taemin","FG 211A","4","18","In-Person",
"01","27885","FNES 160 (3, 3)","Principles/Foundations of P.E","W","9:10 AM - 12:00 PM","Angelastro, Jessica","FG 312","6","18","In-Person",
"01","27886","FNES 161W (3, 3)","Intro Teaching  Phys Educ","T","9:10 AM - 12:00 PM","Angelastro, Jessica","FG 312","23","25","In-Person",
"1500","27442","FNES 163 (3, 3)","General Nutrition","M","5:00 PM - 7:50 PM",", ","RE 105","6","40","Hybrid Sync",
"3910","27485","FNES 163 (3, 3)","General Nutrition","W","9:10 AM - 12:00 PM",", ","SB D133","14","40","In-Person",
"ASYN","27917","FNES 163 (3, 3)","General Nutrition","&nbsp;"," - ","Jasti, Sunitha","OL 02","41","40","Online Async",
"4910","27919","FNES 163 (3, 3)","General Nutrition","TH","9:10 AM - 12:00 PM","Gallucci, Maryann","PH 130","40","40","Hybrid Sync",
"1140","27915","FNES 163 (3, 3)","General Nutrition","M","1:40 PM - 4:30 PM","Fischer, Victoria","QH 340","8","40","Hybrid Sync",
"4910","27919","FNES 163 (3, 3)","General Nutrition","TH","9:10 AM - 12:00 PM","Gallucci, Maryann","OL 01","40","40","Hybrid Sync",
"SEEK","27916","FNES 163 (3, 3)","General Nutrition","T, TH","1:40 PM - 2:55 PM","Gallucci, Maryann","RO 257","20","20","In-Person",
"ASYN","27958","FNES 200 (2, 2)","Princ Food Safety &amp; Sanitation","&nbsp;"," - ","Choi, Jihee","OL 02","15","20","Online Async",
"ASYN","27889","FNES 203 (5, 3)","Meal Plan for Therap Diets","&nbsp;"," - ","Moran, Patrick","OL 02","21","18","Online Async",
"LB2P","27890","FNES 203 (5, 3)","Meal Plan for Therap Diets","T","1:40 PM - 4:30 PM","Moran, Patrick","RE 301","21","18","In-Person",
"001","27951","FNES 2103 (3, 3)","Independent Study in Exer Sci","&nbsp;"," - ",", ","OL 02","0","5","Online Async",
"02","27961","FNES 211 (3, 3)","Intro Assess &amp; Phys Activity","T, TH","1:40 PM - 2:55 PM","Azzollini, Ann","FG 211A","22","24","In-Person",
"01","27866","FNES 212 (2, 1)","Tch/Assmnt Of Team Activities","TH","10:05 AM - 11:55 AM","Angelastro, Jessica","FG 306","29","24","In-Person",
"001","27947","FNES 213 (3, 3)","Aerobic and Anerobic Training","T, TH","10:45 AM - 12:00 PM","Azzollini, Ann"," ","21","24","In-Person",
"01","27858","FNES 214 (2, 1)","Tchg Ind/Dual Act","M, W","9:00 AM - 9:50 AM","Hoover, Robert","FG 306","29","24","In-Person",
"NEX","27912","FNES 230 (3, 3)","Exer, Bal, &amp; Weight Control","M, W","1:40 PM - 2:55 PM","Quiles Gonzalez, Norberto","FG 312","20","30","In-Person",
"04","27913","FNES 230 (3, 3)","Exer, Bal, &amp; Weight Control","T, TH","3:10 PM - 4:25 PM","Garelle, Judy","FG 211A","13","30","In-Person",
"001","27874","FNES 235 (3, 3)","Analysis of Human Movement","TH","1:40 PM - 4:30 PM","Hanson, Derek","FG 307","21","30","In-Person",
"1140","27943","FNES 247 (3, 3)","Stats for Human Dev &amp; Fam Sci","M","1:40 PM - 4:30 PM","Lovitz, Melissa","PH 206","11","24","In-Person",
"211H","27873","FNES 248 (3, 3)","Pbms Marriage &amp; Fam","T","11:30 AM - 2:20 PM","Robila, Mihaela","RE 310","31","31","Hybrid Async",
"211H","27873","FNES 248 (3, 3)","Pbms Marriage &amp; Fam","T","11:30 AM - 2:20 PM","Robila, Mihaela","OL 02","31","31","Hybrid Async",
"2910","27944","FNES 260 (3, 3)","Research Methods in Nutrition","T","9:10 AM - 12:00 PM","Jasti, Sunitha","RE 302","28","28","In-Person",
"001","27946","FNES 261 (3, 3)","Nutrition Concepts","W","10:45 AM - 12:00 PM","Westfal, Sandi","RE 302","31","30","Hybrid Async",
"001","27946","FNES 261 (3, 3)","Nutrition Concepts","&nbsp;"," - ","Westfal, Sandi","OL 02","31","30","Hybrid Async",
"2140","27908","FNES 263 (3, 3)","Nutrition I","T","1:40 PM - 4:30 PM","Fischer, Victoria","RE 302","32","32","In-Person",
"01","27850","FNES 266 (3, 3)","Phyed:Prek - Elemen","M, W","5:00 PM - 6:15 PM","Pasquale, Louis","FG 306","24","24","In-Person",
"02","27849","FNES 266 (3, 3)","Phyed:Prek - Elemen","M, W","6:30 PM - 7:45 PM","Kolb, Christopher","FG 306","0","18","In-Person",
"4140","29650","FNES 275 (3, 3)","Institutional Management","TH","1:40 PM - 4:30 PM","Choi, Jihee","RE 302","25","25","In-Person",
"2910","27950","FNES 300 (2, 2)","Seminar: Career Advancement","T","9:10 AM - 12:00 PM","Gallucci, Maryann","RE 307","17","25","In-Person",
"2911","51891","FNES 305 (1, 1)","Sem in Career Advancement","T","9:10 AM - 12:00 PM","Gallucci, Maryann","RE 307","10","15","In-Person",
"ASYN","27933","FNES 307W (5, 3)","Experimental Food Science","&nbsp;"," - ","Choi, Sungeun","OL 02","19","21","Online Async",
"39LB","27932","FNES 307W (5, 3)","Experimental Food Science","W","9:10 AM - 12:00 PM","Choi, Sungeun","RE 301","19","21","In-Person",
"01","27909","FNES 311 (3, 3)","Phys Fitness &amp; Training Prog","T, TH","12:15 PM - 1:30 PM","Fleming, Liselotte","FG 306","24","24","In-Person",
"2435","27896","FNES 336 (3, 3)","Ed Trends In Fam Sci","T","4:35 PM - 7:05 PM","Armoza, Fernanda","OL 01","2","10","Online Sync",
"4435","29637","FNES 338 (4, 4)","Meth&amp;Mat For Tch Fcs","TH","4:35 PM - 8:25 PM","Barnaby, Jacqueline","OL 01","1","10","Online Sync",
"01","27940","FNES 340 (3, 3)","Kinesiology","M, W","9:15 AM - 10:30 AM","Chinnan, Ashley"," ","26","30","In-Person",
"01","27857","FNES 341 (3, 3)","Biomechanics","T, TH","9:15 AM - 10:30 AM","Hung, Yaching"," ","23","30","In-Person",
"NEX","27845","FNES 342 (3, 3)","Physiology Muscular Activity","M, W","1:40 PM - 2:55 PM","Mcfadden, Bridget","FG 307","20","25","In-Person",
"01","27846","FNES 342 (3, 3)","Physiology Muscular Activity","M, W","10:45 AM - 12:00 PM","Quiles Gonzalez, Norberto","FG 306","18","30","In-Person",
"01","27907","FNES 343 (3, 3)","Motor Learning and Performance","M, W","1:40 PM - 2:55 PM","Bernstein, Eve","FG 306","21","30","In-Person",
"5910","27960","FNES 345 (3, 3)","Theories of Lifespan Develop","F","9:10 AM - 12:00 PM","Riina, Elizabeth","RE 310","19","20","In-Person",
"2830","27859","FNES 348 (3, 3)","Family and Comm Program Dev","T","8:30 AM - 11:20 AM","Robila, Mihaela","RE 310","20","22","In-Person",
"02","27892","FNES 353 (3, 3)","Fitness Assess &amp; Prescription","T, TH","1:40 PM - 2:55 PM","Thozhuthungal Balachandran, Anoop","FG 312","32","24","In-Person",
"001","29574","FNES 355 (3, 3)","Adv Strength &amp; Conditioning","M, W","3:10 PM - 4:25 PM","Mcfadden, Bridget"," ","25","24","In-Person",
"ASYN","27952","FNES 360 (3, 3)","Professional Develop &amp; Ethnics","&nbsp;"," - ","Robila, Mihaela","OL 02","28","30","Online Async",
"01","27954","FNES 361 (3, 3)","Sports Nutrition","M","5:00 PM - 7:50 PM",", ","OL 01","30","30","Online Sync",
"34LB","27860","FNES 365 (4, 3)","Nutrition Assessment","W","3:20 PM - 5:00 PM","Westfal, Sandi","RE 302","21","20","In-Person",
"3140","27861","FNES 365 (4, 3)","Nutrition Assessment","W","1:40 PM - 3:20 PM","Westfal, Sandi","RE 302","21","20","In-Person",
"1500","27881","FNES 368 (3, 3)","Life Cycle Nutrition","M","5:00 PM - 7:50 PM","Charny, Allison","RE 310","13","15","In-Person",
"01","27942","FNES 369 (3, 3)","Methods For Tch Sec Phyed","T, TH","7:45 AM - 9:00 AM","Figelman, Robin","FG 306","18","18","In-Person",
"02","27939","FNES 369 (3, 3)","Methods For Tch Sec Phyed","TH","4:35 PM - 7:05 PM","Ramirez, Diane","FG 306","1","10","In-Person",
"512P","27851","FNES 3712 (6, 2)","Field Work Institution Mgmt","F","12:15 PM - 1:30 PM","Weisbrot, Marie","RE 310","5","5","In-Person",
"512P","27856","FNES 3721 (3, 1)","Field Work in Nutrition","F","12:15 PM - 1:30 PM","Weisbrot, Marie","RE 310","0","5","In-Person",
"512P","27863","FNES 3761 (3, 1)","Field Work in the Community","F","12:15 PM - 1:30 PM","Weisbrot, Marie","RE 310","7","10","In-Person",
"512P","27895","FNES 3762 (6, 2)","Field Work in the Community","F","12:15 PM - 1:30 PM","Weisbrot, Marie","RE 310","7","12","In-Person",
"01","27914","FNES 377 (3, 3)","Internship in Exercise Sci I","TH","5:00 PM - 7:50 PM","Azzollini, Ann","FG 312","18","20","In-Person",
"01","27914","FNES 377 (3, 3)","Internship in Exercise Sci I","TH","5:00 PM - 7:50 PM","Hanson, Derek","FG 312","18","20","In-Person",
"4500","27894","FNES 378 (3, 3)","Quant Food Purch, Prod &amp; Equip","TH","5:00 PM - 7:50 PM","Choi, Jihee","RE 302","24","25","Hybrid Async",
"01","27891","FNES 379 (6, 6)","Std Tchg Phy Educ","F","5:00 PM - 6:30 PM","Figelman, Robin","FG 307","19","35","In-Person",
"01","27955","FNES 381 (5, 3)","Special Physical Education","F","9:10 AM - 12:00 PM","Hoover, Robert","FG 312","24","30","In-Person",
"001","27948","FNES 3943 (3, 3)","Research in Exercise Science","&nbsp;"," - ",", "," ","0","5","In-Person",
"1","27888","FNES 560 (3, 3)","Teaching Proc&amp;Assessment in PE","TH","4:35 PM - 7:05 PM","Lau, Kevin","FG 300N","9","20","In-Person",
"1","27897","FNES 561 (3, 3)","Meth Tchg EECE Phyed","M, W","6:30 PM - 7:45 PM","Kolb, Christopher","FG 306","2","5","In-Person",
"1","27872","FNES 562 (3, 3)","Sem Tchg Phys Ed","TH","4:35 PM - 7:05 PM","Ramirez, Diane","FG 306","12","12","In-Person",
"4435","29625","FNES 563 (4, 3)","Sem Tch Fam &amp; Consumer Sci","TH","4:35 PM - 8:25 PM","Barnaby, Jacqueline","OL 01","6","35","Online Sync",
"1","27841","FNES 573 (6, 6)","Student Teaching Physical Ed","F","5:00 PM - 6:30 PM","Figelman, Robin","FG 307","4","10","In-Person",
"2435","27941","FNES 637 (3, 3)","Contemp Edu Trends &amp; Effect","T","4:35 PM - 7:05 PM","Armoza, Fernanda","OL 01","5","10","Online Sync",
"1","27910","FNES 702 (3, 3)","Statistical Methods in FNES.","T","5:00 PM - 7:50 PM","Ha, Taemin","PH 212","18","28","In-Person",
"1","27893","FNES 705 (3, 3)","Research in Physical Education","M","4:35 PM - 7:05 PM","Bernstein, Eve","FG 312","7","12","Hybrid Sync",
"1","27930","FNES 711 (3, 3)","VT:Contemporary Issues in FNES","M","5:00 PM - 7:50 PM",", ","OL 01","0","5","Online Sync",
"1","27920","FNES 713 (3, 3)","Curriculum Development in PE","W","4:35 PM - 6:25 PM","Bernstein, Eve","FG 211A","9","12","In-Person",
"1","27957","FNES 717 (3, 3)","Geriatric Nutrition","M","5:00 PM - 7:50 PM","Westfal, Sandi","OL 01","1","12","Online Sync",
"1","27839","FNES 720 (3, 3)","Exercise Physiology","TH","6:30 PM - 9:20 PM","Thozhuthungal Balachandran, Anoop","FG 211A","5","12","In-Person",
"1","27854","FNES 726 (3, 3)","Intern In Adult Fit","TH","5:00 PM - 7:50 PM","Hanson, Derek","FG 312","1","5","In-Person",
"1","27854","FNES 726 (3, 3)","Intern In Adult Fit","TH","5:00 PM - 7:50 PM","Azzollini, Ann","FG 312","1","5","In-Person",
"1","27871","FNES 730 (3, 3)","Mech Anal Human Mvmt","W","7:15 PM - 9:45 PM","Hung, Yaching","FG 312","25","25","Hybrid Sync",
"1","27949","FNES 734 (3, 3)","PA, Hlth&amp; Exer Prescription II","M","5:00 PM - 7:50 PM","Quiles Gonzalez, Norberto","FG 211A","2","12","Hybrid Async",
"1","27848","FNES 740 (3, 3)","Motor Learning &amp; Performance","T","7:15 PM - 9:45 PM","Chinnan, Ashley","FG 312","19","25","Hybrid Sync",
"ASY1","29634","FNES 753 (3, 3)","Building Relations Classrooms","&nbsp;"," - ","Barnaby, Jacqueline","OL 02","9","10","Online Async",
"ASY2","29630","FNES 753 (3, 3)","Building Relations Classrooms","&nbsp;"," - ","Barnaby, Jacqueline","OL 02","9","10","Online Async",
"ASYN","29629","FNES 755 (3, 3)","Sustainability Practices","&nbsp;"," - ","Armoza, Fernanda","OL 02","8","15","Online Async",
"1","27956","FNES 763 (3, 3)","Nutritional Pathophysiology I","W","5:00 PM - 7:50 PM","Fischer, Victoria","RE 310","2","12","Hybrid Sync",
"1","27887","FNES 767 (3, 3)","Advanced Diet Therapy","T","5:00 PM - 7:50 PM","Westfal, Sandi","OL 01","5","10","Online Sync",
"1","27842","FNES 770 (3, 3)","Community Nutrition","&nbsp;"," - ","Jasti, Sunitha","OL 02","3","12","Online Async",
"1","27934","FNES 773 (6, 6)","Internship in Dietetics I, II","M","8:30 AM - 3:00 PM","Charny, Allison","RE 300","4","10","Hybrid Sync",
"4500","27840","FNES 775 (3, 3)","Adv Food Service Management","TH","5:00 PM - 7:50 PM","Choi, Jihee","RE 302","1","5","Hybrid Async",
"4500","27840","FNES 775 (3, 3)","Adv Food Service Management","TH","5:00 PM - 7:50 PM","Choi, Jihee","RE 302","1","5","Hybrid Async",
"ASYN","29628","FNES 782 (3, 3)","VT: Sem Family/Consumer Sci Ed","&nbsp;"," - ","Armoza, Fernanda","OL 02","5","15","Online Async",
"1","27835","FNES 7911 (1, 1)","Indep Study","&nbsp;"," - ",", ","OL 02","0","1","Online Async",
"1","27837","FNES 7912 (2, 2)","Indep Study","&nbsp;"," - ",", ","OL 02","0","1","Online Async",
"1","27838","FNES 7913 (3, 3)","Independent Study in FNES","&nbsp;"," - ",", "," ","0","1","In-Person",
"1","27882","FNES 797 (3, 3)","Res Proj in Nutr/Exercise Sci","&nbsp;"," - ","Choi, Jihee","OL 02","0","1","Online Async",
"2","54930","FNES 797 (3, 3)","Res Proj in Nutr/Exercise Sci","&nbsp;"," - ","Mcfadden, Bridget","OL 02","1","1","Online Async",
"001","29272","FREN 041W (3, 3)","French and Francophone Lit","T, TH","10:45 AM - 12:00 PM","Lekemo Ngatchi Epse Pawa, Blondie Natacha","OL 01","15","15","Online Sync",
"001","28262","FREN 045 (3, 3)","French and Francophone Culture","M, W","10:45 AM - 12:00 PM","Jones, David","QH 322","5","13","In-Person",
"001","28753","FREN 111 (4, 4)","Elementary French I","M, W","10:05 AM - 11:55 AM","Bouhayat, Souad","QH 245B","2","25","In-Person",
"006","28645","FREN 111 (4, 4)","Elementary French I","T, TH","10:05 AM - 11:55 AM",", ","QH 245B","5","25","In-Person",
"007","28644","FREN 111 (4, 4)","Elementary French I","T, TH","2:15 PM - 4:05 PM","Lekemo Ngatchi Epse Pawa, Blondie Natacha","QH 245B","6","25","In-Person",
"005","29270","FREN 111 (4, 4)","Elementary French I","T, TH","8:00 AM - 9:50 AM","Joseph, Regine","OL 01","8","25","Online Sync",
"004","29271","FREN 111 (4, 4)","Elementary French I","M, W","6:55 PM - 8:35 PM","Raymundo, Anne Marie","OL 01","15","25","Online Sync",
"003","28396","FREN 111 (4, 4)","Elementary French I","M, W","5:00 PM - 6:40 PM","Raymundo, Anne Marie","QH 179","5","25","In-Person",
"001","29083","FREN 112 (4, 4)","Elementary French II","T, TH","10:05 AM - 11:55 AM","Joseph, Regine","OL 01","6","20","Online Sync",
"001","29093","FREN 228 (3, 3)","Advanced Literary Analysis","T","5:00 PM - 6:50 PM","Joseph, Regine","OL 01","2","15","Online Mix",
"001","29079","FREN 730 (3, 3)","Studies in Francophone Lit","T","5:00 PM - 6:50 PM","Joseph, Regine","OL 01","1","5","Online Sync",
"1","28764","GEOL 008 (3, 3)","Introduction to Oceanography","M, W","10:45 AM - 12:00 PM","Stewart, Gillian","PH 113","6","40","In-Person",
"1","28713","GEOL 012 (3, 3)","Natural Disasters","M, W","1:40 PM - 2:55 PM","Mchugh, Cecilia","RE 105","3","30","In-Person",
"1","28937","GEOL 016 (3, 3)","Earthqk, Volc &amp; Moving Contin","M, W","10:45 AM - 12:00 PM","Longpre, Marc-Antoine","SB C203","6","40","In-Person",
"1","28838","GEOL 025 (3, 3)","Natural Resource and Environmt","S","9:10 AM - 12:00 PM","Villela Mafra Alves Da Silva, Renato","OL 01","41","60","Online Sync",
"1","29160","GEOL 064 (3, 3)","Planetary Geology","T, TH","3:10 PM - 4:25 PM","Laczniak, Dara","SB D135","5","30","In-Person",
"2","40257","GEOL 077 (3, 3)","Weather, Climate, &amp; Change","T, TH","9:15 AM - 10:30 AM","Yi, Chuixiang","SB B141","3","30","In-Person",
"1A","29075","GEOL 101 (6, 4)","Introduction to Planet Earth","M","9:10 AM - 12:00 PM",", ","SB D243","3","18","In-Person",
"1B","29074","GEOL 101 (6, 4)","Introduction to Planet Earth","W","9:10 AM - 12:00 PM",", ","SB D243","6","18","In-Person",
"1C","29073","GEOL 101 (6, 4)","Introduction to Planet Earth","W","3:10 PM - 6:00 PM",", ","SB D243","6","18","In-Person",
"1D","29072","GEOL 101 (6, 4)","Introduction to Planet Earth","M","5:00 PM - 7:50 PM",", ","SB D243","2","18","In-Person",
"2","29210","GEOL 101 (6, 4)","Introduction to Planet Earth","T, TH","12:15 PM - 1:30 PM","Laczniak, Dara","SB C207","25","72","In-Person",
"3A","29156","GEOL 101 (6, 4)","Introduction to Planet Earth","S","1:00 PM - 3:50 PM","Cortese, Franco","SB D243","7","18","In-Person",
"2A","29070","GEOL 101 (6, 4)","Introduction to Planet Earth","T","9:10 AM - 12:00 PM",", ","SB D243","4","18","In-Person",
"2B","29069","GEOL 101 (6, 4)","Introduction to Planet Earth","TH","9:10 AM - 12:00 PM",", ","SB D243","3","18","In-Person",
"2C","29068","GEOL 101 (6, 4)","Introduction to Planet Earth","T","1:40 PM - 4:30 PM",", ","SB D243","12","18","In-Person",
"2D","29067","GEOL 101 (6, 4)","Introduction to Planet Earth","TH","1:40 PM - 4:30 PM",", ","SB D243","6","18","In-Person",
"3","29157","GEOL 101 (6, 4)","Introduction to Planet Earth","S","9:10 AM - 12:00 PM","Cortese, Franco","SB D243","7","18","In-Person",
"1","29211","GEOL 101 (6, 4)","Introduction to Planet Earth","M, W","1:40 PM - 2:55 PM","Soule, Dax","SB C207","17","72","In-Person",
"1","28129","GEOL 102 (6, 4)","History of Earth and Life","TH","1:40 PM - 4:30 PM","Pekar, Stephen","SB D237","16","16","In-Person",
"1","28129","GEOL 102 (6, 4)","History of Earth and Life","T","1:40 PM - 4:30 PM","Pekar, Stephen","QH 250","16","16","In-Person",
"2","53633","GEOL 102 (6, 4)","History of Earth and Life","TH","10:45 AM - 1:30 PM","Pekar, Stephen","SB D237","6","16","In-Person",
"2","53633","GEOL 102 (6, 4)","History of Earth and Life","T","1:40 PM - 4:30 PM","Pekar, Stephen"," ","6","16","In-Person",
"1","27516","GEOL 200 (5, 3)","Methods in Geoscience","F","1:40 PM - 4:30 PM",", ","SB E227","20","20","In-Person",
"1","27516","GEOL 200 (5, 3)","Methods in Geoscience","F","1:40 PM - 4:30 PM","Val, Pedro","SB E231","20","20","In-Person",
"1","27516","GEOL 200 (5, 3)","Methods in Geoscience","F","10:05 AM - 11:55 AM","Val, Pedro","SB E231","20","20","In-Person",
"1","29182","GEOL 203 (5, 3)","Igneous and Metamorphic Rocks","M","1:40 PM - 3:30 PM","Longpre, Marc-Antoine","SB E231","8","16","In-Person",
"1","29182","GEOL 203 (5, 3)","Igneous and Metamorphic Rocks","W","1:40 PM - 4:30 PM","Longpre, Marc-Antoine","SB E231","8","16","In-Person",
"1","29206","GEOL 210 (3, 3)","Water Res &amp; Conserv","M, W","1:40 PM - 2:55 PM","Blanford, William","SB D135","14","20","In-Person",
"1","29206","GEOL 210 (3, 3)","Water Res &amp; Conserv","M, W","1:40 PM - 2:55 PM","Stewart, Gillian","SB D135","14","20","In-Person",
"1","27699","GEOL 214 (5, 3)","Faults, Folds, and Tectonics","T","10:05 AM - 11:55 AM","Val, Pedro","SB E231","5","18","In-Person",
"1","27699","GEOL 214 (5, 3)","Faults, Folds, and Tectonics","T","1:40 PM - 4:30 PM",", ","SB A135A","5","18","In-Person",
"1","27699","GEOL 214 (5, 3)","Faults, Folds, and Tectonics","T","1:40 PM - 4:30 PM","Val, Pedro","SB E231","5","18","In-Person",
"1","29109","GEOL 333 (3, 3)","Geophysics","W","4:35 PM - 7:05 PM","Soule, Dax","SB D135","3","8","In-Person",
"1","29109","GEOL 333 (3, 3)","Geophysics","W","4:35 PM - 7:05 PM",", ","SB E227","3","8","In-Person",
"1","27502","GEOL 363 (5, 3)","GIS in Geoscience","TH","9:10 AM - 12:00 PM","Lesnek, Alia","SB D135","15","15","In-Person",
"1","27502","GEOL 363 (5, 3)","GIS in Geoscience","T","10:05 AM - 11:55 AM","Lesnek, Alia","SB D135","15","15","In-Person",
"1","27502","GEOL 363 (5, 3)","GIS in Geoscience","TH","9:10 AM - 12:00 PM",", ","SB E227","15","15","In-Person",
"1","29146","GEOL 370 (3, 3)","Biogeochemistry","M","5:00 PM - 7:50 PM","Greenfield, Dianne","SB D135","3","9","In-Person",
"1","28798","GEOL 383 (3, 3)","Special Topics in Geology","M, W","9:15 AM - 10:30 AM","Mchugh, Cecilia","SB D237","9","12","In-Person",
"1","28798","GEOL 383 (3, 3)","Special Topics in Geology","M, W","9:15 AM - 10:30 AM",", ","SB A135A","9","12","In-Person",
"1","33661","GEOL 391 (1, 1)","Special Problems","W","12:15 PM - 1:30 PM","Stewart, Gillian","SB C207","1","5","In-Person",
"1","53988","GEOL 393 (3, 3)","Special Problems","&nbsp;"," - ","Mchugh, Cecilia"," ","1","1","In-Person",
"1","40295","GEOL 714 (3, 3)","Geophysics","W","4:35 PM - 7:05 PM","Soule, Dax","SB D135","7","10","In-Person",
"1","40295","GEOL 714 (3, 3)","Geophysics","W","4:35 PM - 7:05 PM",", ","SB E227","7","10","In-Person",
"1","28797","GEOL 747 (3, 3)","Coastal and Estuarine Geology","M, W","9:15 AM - 10:30 AM","Mchugh, Cecilia","SB D237","2","6","In-Person",
"1","28797","GEOL 747 (3, 3)","Coastal and Estuarine Geology","M, W","9:15 AM - 10:30 AM",", ","SB A135A","2","6","In-Person",
"1","28275","GEOL 763 (3, 3)","Info Sys &amp; Mapping","TH","9:10 AM - 12:00 PM","Lesnek, Alia","SB D135","0","5","In-Person",
"1","28275","GEOL 763 (3, 3)","Info Sys &amp; Mapping","T","10:05 AM - 11:55 AM","Lesnek, Alia","SB D135","0","5","In-Person",
"1","28275","GEOL 763 (3, 3)","Info Sys &amp; Mapping","TH","9:10 AM - 12:00 PM",", ","SB E227","0","5","In-Person",
"1","27663","GEOL 7886 (6, 6)","Cooperative Educ Placement","&nbsp;"," - ","Bracco, Jacquelyn"," ","0","5","In-Person",
"1","29205","GEOL 7991 (1, 1)","Vt: Special Topics","W","12:15 PM - 1:30 PM","Stewart, Gillian","SB C207","2","5","In-Person",
"1","28274","GEOL 7993 (3, 3)","Vt:Special Topics in Geology","M","5:00 PM - 7:50 PM","Greenfield, Dianne","SB D135","5","10","In-Person",
"002","33733","GERM 045W (3, 3)","German Cultures and Thought","T, TH","5:00 PM - 6:15 PM","Reichert, Juergen","OL 01","6","25","Online Sync",
"004","29118","GERM 111 (4, 4)","Elementary German I","M, W","6:55 PM - 8:35 PM","Skwara, Gabriella","OL 01","7","25","Online Sync",
"003","29119","GERM 111 (4, 4)","Elementary German I","M, W","5:00 PM - 6:40 PM","Skwara, Gabriella","OL 01","9","25","Online Sync",
"001","29086","GERM 111 (4, 4)","Elementary German I","T, TH","2:15 PM - 4:05 PM","Reichert, Juergen","OL 01","6","25","Online Sync",
"002","29687","GRKMD 041W (3, 3)","Mod Greek Lit Trans","T, TH","1:40 PM - 2:55 PM","Katsan, Gerasimus","QH 320","1","25","In-Person",
"001","28750","GRKMD 041W (3, 3)","Mod Greek Lit Trans","M, W","10:45 AM - 12:00 PM","Afentouli, Despoina","QH 320","3","25","In-Person",
"001","28749","GRKMD 100 (3, 3)","Modern Greek Culture &amp; Thought","M, W","9:15 AM - 10:30 AM","Afentouli, Despoina","QH 320","4","15","In-Person",
"001","28643","GRKMD 111 (4, 4)","Elementary Modern Greek I","T, TH","10:05 AM - 11:55 AM","Glava, Ioanna","QH 245G","5","25","In-Person",
"001","28646","GRKMD 112 (4, 4)","Elementary Modern Greek II","T, TH","10:05 AM - 11:55 AM","Katsan, Gerasimus","QH 182","5","20","In-Person",
"001","28649","GRKMD 335 (3, 3)","Studies in Modern Greek Lit","T, TH","3:10 PM - 4:25 PM","Katsan, Gerasimus","QH 181","3","20","In-Person",
"001","31624","GRKST 100 (3, 3)","Mod Grk Culture &amp; Civ","M, W","9:15 AM - 10:30 AM","Afentouli, Despoina","QH 320","2","25","In-Person",
"02","28881","HEBRW 150 (3, 3)","Mod Heb Lit In Trans","M, W","9:15 AM - 10:30 AM","Zimerman, Nourit","QH 270F","4","25","In-Person",
"01","28882","HEBRW 150 (3, 3)","Mod Heb Lit In Trans","M, W","10:45 AM - 12:00 PM","Zimerman, Nourit","QH 270F","5","25","In-Person",
"01","28909","HEBRW 190 (3, 3)","Culture, Art, and Literature","T","9:15 AM - 10:30 AM","Beck, Kirsten","OL 01","12","12","Online Sync",
"02","28908","HEBRW 190 (3, 3)","Culture, Art, and Literature","TH","10:45 AM - 12:00 PM","Nir, Oded","OL 01","12","12","Online Sync",
"01","28909","HEBRW 190 (3, 3)","Culture, Art, and Literature","TH","9:15 AM - 10:30 AM","Nir, Oded","OL 01","12","12","Online Sync",
"02","28908","HEBRW 190 (3, 3)","Culture, Art, and Literature","T","10:45 AM - 12:00 PM","Beck, Kirsten","OL 01","12","12","Online Sync",
"01","28907","HEBRW 358 (3, 3)","The Modern Hebrew Media","TH","1:40 PM - 4:30 PM","Nir, Oded","QH 270F","4","20","In-Person",
"004","28683","HIST 101 (3, 3)","Early Modern Europe, 1500-1815","T, TH","3:10 PM - 4:25 PM","Wells, Carey","PH 108","0","35","In-Person",
"001","28578","HIST 101 (3, 3)","Early Modern Europe, 1500-1815","T, TH","10:45 AM - 12:00 PM","Billado-Lotson, Tracey","PH 157","11","35","In-Person",
"003","28577","HIST 101 (3, 3)","Early Modern Europe, 1500-1815","T, TH","12:15 PM - 1:30 PM","Billado-Lotson, Tracey","PH 108","13","35","In-Person",
"006","29557","HIST 101 (3, 3)","Early Modern Europe, 1500-1815","S","9:10 AM - 12:00 PM","Bostwick, Margaret","OL 01","31","35","Online Sync",
"007","29558","HIST 101 (3, 3)","Early Modern Europe, 1500-1815","&nbsp;"," - ","Wolfe, Michael","OL 02","25","35","Online Async",
"006","28778","HIST 102 (3, 3)","Modern Europe, 1815 to the Pre","M, W","9:15 AM - 10:30 AM","Bloch, Irit","PH 157","8","23","In-Person",
"002","29556","HIST 102 (3, 3)","Modern Europe, 1815 to the Pre","M, W","1:40 PM - 2:55 PM","Cartolano, Joseph","OL 01","3","35","Online Sync",
"003","29555","HIST 102 (3, 3)","Modern Europe, 1815 to the Pre","TH","6:30 PM - 9:20 PM","Haller, Stephen","OL 01","35","35","Online Sync",
"004","29554","HIST 102 (3, 3)","Modern Europe, 1815 to the Pre","&nbsp;"," - ","Freundschuh, Aaron","OL 02","35","35","Online Async",
"007","28576","HIST 102 (3, 3)","Modern Europe, 1815 to the Pre","T, TH","9:15 AM - 10:30 AM","Bloch, Irit","PH 157","0","25","In-Person",
"005","29553","HIST 103 (3, 3)","American History, 1607-1865","M, W","3:10 PM - 4:25 PM","Cartolano, Joseph","OL 01","9","35","Online Sync",
"004","28783","HIST 103 (3, 3)","American History, 1607-1865","M, W","10:45 AM - 12:00 PM",", ","PH 108","3","35","In-Person",
"008","28782","HIST 103 (3, 3)","American History, 1607-1865","M, W","9:15 AM - 10:30 AM","Tilitz, Thomas","PH 108","4","35","In-Person",
"003","28663","HIST 103 (3, 3)","American History, 1607-1865","T, TH","10:45 AM - 12:00 PM","Tavarez Simo, Fidel","PH 156","5","35","In-Person",
"007","28684","HIST 103 (3, 3)","American History, 1607-1865","T, TH","7:45 AM - 9:00 AM","Osborn, David","PH 108","13","35","In-Person",
"001","28685","HIST 103 (3, 3)","American History, 1607-1865","T, TH","1:40 PM - 2:55 PM","Manson, Douglas","PH 108","2","35","In-Person",
"002","28734","HIST 103 (3, 3)","American History, 1607-1865","M, W","1:40 PM - 2:55 PM","Rosenbloom, Seth","PH 108","14","35","In-Person",
"006","28368","HIST 103 (3, 3)","American History, 1607-1865","M, W","5:00 PM - 6:15 PM","Rosenbloom, Seth","PH 152","8","35","In-Person",
"004","28620","HIST 104 (3, 3)","Amer Hist 1865-Pres","T, TH","12:15 PM - 1:30 PM","Vellon, Peter","PH 115","4","35","In-Person",
"006","28622","HIST 104 (3, 3)","Amer Hist 1865-Pres","T, TH","3:10 PM - 4:25 PM","Wintermute, Bobby","PH 113","2","35","In-Person",
"008","28682","HIST 104 (3, 3)","Amer Hist 1865-Pres","T, TH","9:15 AM - 10:30 AM","Vellon, Peter","PH 108","7","35","In-Person",
"005","28733","HIST 104 (3, 3)","Amer Hist 1865-Pres","M, W","3:10 PM - 4:25 PM","Rosenbloom, Seth","PH 108","9","35","In-Person",
"003","28780","HIST 104 (3, 3)","Amer Hist 1865-Pres","M, W","10:45 AM - 12:00 PM","Knudsen, Edward","PH 156","10","35","In-Person",
"007","28781","HIST 104 (3, 3)","Amer Hist 1865-Pres","M, W","7:45 AM - 9:00 AM","Tilitz, Thomas","PH 108","3","35","In-Person",
"002","28922","HIST 104 (3, 3)","Amer Hist 1865-Pres","T, TH","10:45 AM - 12:00 PM","Conolly-Smith, Peter","CD 134","7","88","In-Person",
"001","28923","HIST 104 (3, 3)","Amer Hist 1865-Pres","M, W","1:40 PM - 2:55 PM","Celello, Kristin","CD 134","3","88","In-Person",
"001","28662","HIST 105 (3, 3)","Colonial Latin America","T, TH","12:15 PM - 1:30 PM","Tavarez Simo, Fidel","PH 156","7","35","In-Person",
"001","29552","HIST 108 (3, 3)","Great Britain 1603 - Present","M","6:30 PM - 9:20 PM","Haller, Stephen","OL 01","33","35","Online Sync",
"001","29551","HIST 112 (3, 3)","Intro East Asia Hist","M, W","1:40 PM - 2:55 PM","Rossabi, Morris","OL 01","21","35","Online Sync",
"001","28779","HIST 141 (3, 3)","China after 1500","M, W","9:15 AM - 10:30 AM","Rossabi, Morris","PH 156","11","35","In-Person",
"001","28362","HIST 148 (3, 3)","Islamic Civilization: 600-1517","M, W","5:00 PM - 6:15 PM","Amstutz, Andrew","PH 156","13","35","In-Person",
"002","28730","HIST 160 (3, 3)","VT: Topics in Global History","M, W","1:40 PM - 2:55 PM","Zimerman, Nourit","PH 156","14","35","In-Person",
"003","28661","HIST 160 (3, 3)","VT: Topics in Global History","T, TH","3:10 PM - 4:25 PM","Davie, Dorothy Grace","CD 134","4","35","In-Person",
"004","27637","HIST 190 (3, 3)","Writing and History","T, TH","5:00 PM - 6:15 PM","Manson, Douglas","PH 302","3","20","In-Person",
"005","27638","HIST 190 (3, 3)","Writing and History","&nbsp;"," - ","Wolfe, Michael","OL 02","19","20","Online Async",
"002","27641","HIST 190 (3, 3)","Writing and History","T, TH","1:40 PM - 2:55 PM","Billado-Lotson, Tracey","KY 323","0","20","In-Person",
"003","27640","HIST 190 (3, 3)","Writing and History","M, W","1:40 PM - 2:55 PM","Franklin, Arnold","KY 417","8","20","In-Person",
"001","29549","HIST 208 (3, 3)","The Roman Empire","T, TH","3:10 PM - 4:25 PM","Allen, Joel","OL 01","11","35","Online Sync",
"001","29548","HIST 212 (3, 3)","Europe in the Middle Ages","&nbsp;"," - ","Wolfe, Michael","OL 02","12","35","Online Async",
"001","29547","HIST 257 (3, 3)","History&amp;Culture Bukharian Jews","T, TH","10:45 AM - 12:00 PM","Khaimov, Manashe","OL 01","8","35","Online Sync",
"001","28192","HIST 259 (3, 3)","Amer Rev Found Repub 1763-1800","T, TH","5:00 PM - 6:15 PM","Wintermute, Bobby","PH 108","3","35","In-Person",
"001","29695","HIST 277 (3, 3)","Afr Am Hist to Reconstruction","M, W","1:40 PM - 2:55 PM","Self, Sayida","PH 157","5","15","In-Person",
"001","29696","HIST 278 (3, 3)","Afr Am Hist Since Reconstruct","M, W","5:00 PM - 6:15 PM","Duncan, Natanya","KY 119A","1","15","In-Person",
"001","28273","HIST 292 (3, 3)","The Rise of Modern Science","&nbsp;"," - ","Amstutz, Andrew","OL 02","32","35","Online Async",
"002","27661","HIST 311 (3, 3)","Jewish Soc in Islamic Lands","M, W","10:45 AM - 12:00 PM","Franklin, Arnold","PH 157","6","35","In-Person",
"001","29546","HIST 332 (3, 3)","Colonialism and Culture","&nbsp;"," - ","Freundschuh, Aaron","OL 02","35","35","Online Async",
"001","28729","HIST 351 (3, 3)","The American West","M, W","3:10 PM - 4:25 PM","Conolly-Smith, Peter","PH 156","7","35","In-Person",
"001","29545","HIST 356 (3, 3)","History of the Spanish Caribbe","T, TH","1:40 PM - 2:55 PM","Tavarez Simo, Fidel","OL 01","5","35","Online Sync",
"001","43876","HIST 370 (3, 3)","VT: Film and History","TH","10:40 AM - 1:40 PM","Segal, Miryam","RE 105","0","35","In-Person",
"001","28728","HIST 392W (4, 4)","Colloquium","W","1:40 PM - 4:30 PM","Schlichting, Kara","PH 231","13","15","In-Person",
"003","28200","HIST 392W (4, 4)","Colloquium","T","5:00 PM - 7:50 PM","Giardina, Carol","PH 102","12","15","In-Person",
"002","28171","HIST 392W (4, 4)","Colloquium","TH","3:10 PM - 6:00 PM","Vellon, Peter","PH 231","4","15","In-Person",
"001","28373","HIST 710 (3, 3)","VT:Ancient History","W","6:40 PM - 8:40 PM","Allen, Joel","PH 115","12","18","In-Person",
"001","28168","HIST 766 (3, 3)","Prob &amp; Solutions Afr Am Hist","T","4:30 PM - 6:30 PM","Duncan, Natanya","PH 253","9","20","In-Person",
"001","51878","HIST 787 (3, 3)","Advanced Internship","&nbsp;"," - ","Celello, Kristin","OL 02","1","1","Online Async",
"002","28164","HIST 791 (3, 3)","Intro to Historical Research","TH","6:40 PM - 8:40 PM","Wintermute, Bobby","PH 302","6","20","In-Person",
"001","28376","HIST 792 (3, 3)","MLS-MA Capstone Research Proj","M","6:40 PM - 8:40 PM","Celello, Kristin","PH 115","10","20","In-Person",
"001","28375","HIST 796 (3, 3)","Advanced Research Seminar","M","6:40 PM - 8:40 PM","Celello, Kristin","PH 115","1","20","In-Person",
"003","28176","HIST 799 (3, 3)","VT: Problems in History","T","6:40 PM - 8:40 PM","Davie, Dorothy Grace","PH 153","7","20","In-Person",
"001","28357","HIST 799 (3, 3)","VT: Problems in History","W","4:30 PM - 6:30 PM","Freundschuh, Aaron","PH 302","14","20","In-Person",
"002","28358","HIST 799 (3, 3)","VT: Problems in History","M","4:30 PM - 6:30 PM","Sneeringer, Julia","PH 302","7","20","In-Person",
"1","45078","HMNS 101 (2, 2)","Science Honors Seminar","M","4:40 PM - 6:30 PM","Samuni, Uri","HH 09","3","15","Hybrid Sync",
"003","53802","HNRS 101 (1, 1)","Freshman Honors Colloquium","M","5:00 PM - 5:50 PM","Grannum, Varinia"," ","6","35","In-Person",
"001","37246","HNRS 101 (1, 1)","Freshman Honors Colloquium","W","5:00 PM - 5:50 PM","Hans, Navdip"," ","6","35","In-Person",
"002","37247","HNRS 101 (1, 1)","Freshman Honors Colloquium","T","5:00 PM - 5:50 PM","Baron, Rebecca"," ","4","35","In-Person",
"002","33382","HNRS 125 (3, 3)","The Arts In New York City","W","9:10 AM - 12:00 PM","Munshi, Soniya","HH 09","7","21","In-Person",
"001","33380","HNRS 125 (3, 3)","The Arts In New York City","T, TH","5:00 PM - 6:15 PM","Pio, Maria","HH 08","6","21","In-Person",
"003","33381","HNRS 125 (3, 3)","The Arts In New York City","T","1:40 PM - 4:30 PM","Hazas, Teresa","HH 08","3","21","In-Person",
"001","33383","HNRS 225 (3, 3)","Sci &amp; Tech In NYC","T, TH","12:15 PM - 1:30 PM","Baker, Mitchell","HH 09","16","21","In-Person",
"003","33385","HNRS 225 (3, 3)","Sci &amp; Tech In NYC","M, W","9:15 AM - 10:30 AM","Gokhale, Vibha","HH 08","20","21","In-Person",
"002","33384","HNRS 225 (3, 3)","Sci &amp; Tech In NYC","T, TH","1:40 PM - 2:55 PM","Joseph, Michael","HH 09","22","21","In-Person",
"001","37248","HNRS 350W (3, 3)","Senior Thesis","&nbsp;"," - ",", "," ","1","35","In-Person",
"002","52638","HSS 350 (3, 3)","Indep Study","&nbsp;"," - ","Lee, Yoon Jin"," ","1","35","In-Person",
"003","54618","HSS 350 (3, 3)","Indep Study","&nbsp;"," - ","Riina, Elizabeth"," ","1","3","In-Person",
"001","52635","HSS 350 (3, 3)","Indep Study","&nbsp;"," - ","Dickinson, Maggie"," ","1","3","In-Person",
"001","40448","HTH 220 (3, 3)","The Middle Ages","T","3:10 PM - 4:25 PM","Donato, Antonio","PH 351","13","13","Hybrid Async",
"001","40449","HTH 300 (3, 3)","Senior Seminar","M, W","1:40 PM - 2:55 PM","Yamato, Lori","QH 182","3","10","In-Person",
"001","29528","INFO 7000 (3, 3)","Fund Lib/Inform Sci","M","4:00 PM - 6:30 PM","Bratnober, Carolyn","OL 01","7","20","Online Sync",
"005","28599","INFO 7000 (3, 3)","Fund Lib/Inform Sci","T","4:00 PM - 6:30 PM","Jeffries, Brandon","OL 01","3","20","Online Sync",
"003","29518","INFO 7000 (3, 3)","Fund Lib/Inform Sci","W","6:40 PM - 9:10 PM",", ","OL 01","6","20","Online Sync",
"002","29494","INFO 7000 (3, 3)","Fund Lib/Inform Sci","T","4:00 PM - 6:30 PM",", ","RO 257","2","20","In-Person",
"004","29517","INFO 7000 (3, 3)","Fund Lib/Inform Sci","TH","4:00 PM - 6:30 PM",", ","OL 01","4","20","Online Sync",
"004","29509","INFO 7001 (3, 3)","The Technology of Information","TH","4:00 PM - 6:30 PM","Hackney, Sherlock","RO 240","4","20","In-Person",
"001","29516","INFO 7001 (3, 3)","The Technology of Information","M","4:00 PM - 6:30 PM","Jeffries, Brandon","RO 240","6","20","In-Person",
"005","28598","INFO 7001 (3, 3)","The Technology of Information","W","4:00 PM - 6:30 PM",", ","OL 01","5","20","Online Sync",
"003","29496","INFO 7001 (3, 3)","The Technology of Information","W","4:00 PM - 6:30 PM","Hackney, Sherlock","OL 01","5","20","Online Sync",
"002","29495","INFO 7001 (3, 3)","The Technology of Information","T","6:40 PM - 9:10 PM",", ","RO 240","7","20","In-Person",
"005","29502","INFO 7002 (3, 3)","Info Sources&amp;Service: General","TH","6:40 PM - 9:10 PM",", ","OL 01","9","20","Online Sync",
"003","29503","INFO 7002 (3, 3)","Info Sources&amp;Service: General","T","6:40 PM - 9:10 PM","Shuva, Nafiz","OL 01","10","20","Online Sync",
"002","29504","INFO 7002 (3, 3)","Info Sources&amp;Service: General","T","4:00 PM - 6:30 PM","Shuva, Nafiz","OL 01","6","20","Online Sync",
"001","28892","INFO 7002 (3, 3)","Info Sources&amp;Service: General","M","4:00 PM - 6:30 PM","Finn, Rachel","OL 01","5","20","Online Sync",
"004","29493","INFO 7002 (3, 3)","Info Sources&amp;Service: General","W","6:40 PM - 9:10 PM","Yuhico, Ricci","RO 257","8","20","In-Person",
"005","29488","INFO 7003 (3, 3)","Information Organization","&nbsp;"," - ","Wu, Shuheng","OL 02","20","20","Online Async",
"004","29489","INFO 7003 (3, 3)","Information Organization","TH","6:40 PM - 9:10 PM","Pucciarelli, Alexandra","OL 01","12","20","Online Sync",
"003","29490","INFO 7003 (3, 3)","Information Organization","W","4:00 PM - 6:30 PM","Wu, Shuheng","RO 257","12","20","In-Person",
"002","29491","INFO 7003 (3, 3)","Information Organization","T","6:40 PM - 9:10 PM",", ","OL 01","10","20","Online Sync",
"001","29492","INFO 7003 (3, 3)","Information Organization","M","6:40 PM - 9:10 PM",", ","RO 257","8","20","In-Person",
"001","29487","INFO 7009 (3, 3)","Research in Info Studies","W","4:00 PM - 6:30 PM","Li, Ping","RO 258","4","15","In-Person",
"002","29486","INFO 7009 (3, 3)","Research in Info Studies","&nbsp;"," - ",", ","OL 02","15","15","Online Async",
"003","31542","INFO 7009 (3, 3)","Research in Info Studies","M","4:00 PM - 6:30 PM","Thayer, Johnathan","RO 257","14","15","In-Person",
"004","44214","INFO 7009 (3, 3)","Research in Info Studies","T","4:00 PM - 6:30 PM","Li, Ping","OL 01","13","15","Online Sync",
"002","29484","INFO 7010 (3, 3)","Independent Study","W","4:00 PM - 6:30 PM","Shuva, Nafiz"," ","2","6","In-Person",
"001","29483","INFO 7011 (3, 3)","Collection Development","&nbsp;"," - ",", ","OL 02","25","25","Online Async",
"001","27359","INFO 7014 (3, 3)","Engagement and Outreach","M","4:00 PM - 6:30 PM","Mcneil-Capers, Kim","RO 258","20","20","Hybrid Sync",
"002","29481","INFO 7027 (3, 3)","Info Source &amp; Svc: Humanities","W","6:40 PM - 9:10 PM",", ","OL 01","25","25","Online Sync",
"001","29480","INFO 7028 (3, 3)","Government Information Sources","M","6:40 PM - 9:10 PM","Drabinski, Emily","RO 258","20","20","In-Person",
"002","29479","INFO 7030 (3, 3)","Info Access Systems","&nbsp;"," - ","Wu, Shuheng"," ","25","25","Online Async",
"001","29478","INFO 7040 (3, 3)","Materials for Children","T","6:40 PM - 9:10 PM","Terrile, Vikki","OL 01","20","20","Online Sync",
"001","29477","INFO 7042 (3, 3)","Services for Children","T","4:00 PM - 6:30 PM","Mitchell, Carisse","OL 01","25","25","Online Sync",
"001","28597","INFO 7043 (3, 3)","Services for Young Adults","T","6:40 PM - 9:10 PM","Jeffries, Brandon","OL 01","25","25","Online Sync",
"002","54960","INFO 7043 (3, 3)","Services for Young Adults","M","4:00 PM - 6:30 PM","Ivie, Derek","OL 01","1","25","Online Sync",
"001","29476","INFO 7047 (3, 3)","Resources School Curriculum","TH","6:40 PM - 9:10 PM",", ","OL 01","25","25","Online Sync",
"001","29475","INFO 7049 (3, 3)","Reading Motivation Techniques","W","6:40 PM - 9:10 PM",", ","OL 01","25","25","Online Sync",
"001","29463","INFO 7051 (3, 3)","Digital Storytelling","W","4:00 PM - 6:30 PM","Sanchez, Jose","RO 240","20","20","In-Person",
"001","29462","INFO 7080 (3, 3)","Intro Rare Book Librarianship","M","4:00 PM - 6:30 PM","Cumby, Jamie","OC OFFCAMP","21","20","In-Person",
"002","29472","INFO 7400 (3, 3)","Intro to Archival Studies","T","6:40 PM - 9:10 PM",", ","RO 258","25","25","In-Person",
"001","29474","INFO 7400 (3, 3)","Intro to Archival Studies","TH","4:00 PM - 6:30 PM","Lowry, James","RO 257","20","20","In-Person",
"001","29473","INFO 7401 (3, 3)","Archival Apprais, Arrange, Acc","T","4:00 PM - 6:30 PM",", ","RO 258","20","20","In-Person",
"002","29471","INFO 7401 (3, 3)","Archival Apprais, Arrange, Acc","TH","6:40 PM - 9:10 PM","Waldron, Caitlin","RO 257","20","20","In-Person",
"002","54959","INFO 7404 (3, 3)","Digital Preservation","M","6:40 PM - 9:10 PM",", ","OL 01","8","25","Online Sync",
"001","29470","INFO 7404 (3, 3)","Digital Preservation","W","6:40 PM - 9:10 PM","Hackney, Sherlock","OL 01","25","25","Online Sync",
"001","29469","INFO 7412 (3, 3)","Memory Work","W","4:00 PM - 6:30 PM","Margolis, Robin","OL 01","25","25","Online Sync",
"001","29468","INFO 7501 (3, 3)","Data Ethics","M","4:00 PM - 6:30 PM","Lowry, James","OL 01","26","25","Online Sync",
"002","29466","INFO 79903 (3, 3)","VT:Seminar","TH","4:00 PM - 6:30 PM","Terrile, Vikki","RO 258","15","15","In-Person",
"001","29465","INFO 79903 (3, 3)","VT:Seminar","M","4:00 PM - 6:30 PM","Polishchuk, Slava","OC OFFCAMP","10","12","In-Person",
"001","29464","INFO 7995 (3, 3)","Internship","M","6:40 PM - 9:10 PM","Sanchez, Jose","OL 01","20","25","Online Sync",
"001","29464","INFO 7995 (3, 3)","Internship","M","6:40 PM - 9:10 PM","Thayer, Johnathan","OL 01","20","25","Online Sync",
"001","28647","ITAL 041W (3, 3)","Italian Lit in Translation","T, TH","1:40 PM - 2:55 PM","Guzzardi, Annalisa","QH 182","12","25","In-Person",
"002","29216","ITAL 041W (3, 3)","Italian Lit in Translation","M, W","10:45 AM - 12:00 PM","Gianello, Veronica","OL 01","12","25","Online Sync",
"003","28640","ITAL 111 (4, 4)","Elementary Italian I","T, TH","1:40 PM - 3:30 PM","Rodriguez, Paola","QH 322","7","25","In-Person",
"006","28603","ITAL 111 (4, 4)","Elementary Italian I","M, W","10:05 AM - 11:55 AM","Ascoli, Alice","QH 350A","4","25","In-Person",
"001","28751","ITAL 111 (4, 4)","Elementary Italian I","M, W","8:00 AM - 9:50 AM","Depaola, Laura","KY 312","6","25","In-Person",
"007","29218","ITAL 111 (4, 4)","Elementary Italian I","T, TH","5:00 PM - 6:40 PM","Bonanno, Antonino","OL 01","25","25","Online Sync",
"002","28791","ITAL 111 (4, 4)","Elementary Italian I","T, TH","10:05 AM - 11:55 AM","Guzzardi, Annalisa","QH 270A","7","25","In-Person",
"008","29217","ITAL 111 (4, 4)","Elementary Italian I","M, W","5:00 PM - 6:40 PM","Logosh, Arina","OL 01","25","25","Online Sync",
"001","28752","ITAL 112 (4, 4)","Elementary Italian II","M, W","10:05 AM - 11:55 AM","Depaola, Laura","KY 312","10","20","Hyflex",
"001","28635","ITAL 203 (3, 3)","Intermediate Italian I","T, TH","10:45 AM - 12:00 PM","Rodriguez, Paola","KY 312","6","25","Hyflex",
"001","28718","ITAL 224 (3, 3)","Advanced Grammar","M, W","1:40 PM - 2:55 PM","Corradi, Morena","QH 007","1","25","Hyflex",
"001","29081","ITAL 364 (3, 3)","Vt:Mod Lit III: Prose","T","5:00 PM - 6:50 PM","Corradi, Morena","OL 01","1","15","Online Mix",
"001","34470","ITAL 763 (3, 3)","The Contemporary Italian Novel","T","5:00 PM - 6:50 PM","Corradi, Morena","OL 01","3","10","Online Sync",
"002","40189","ITAL 779 (4, 3)","Studies Italian Cinema &amp; Media","TH","5:00 PM - 6:50 PM","Tamburri, Anthony","OL 01","5","5","Online Sync",
"002","40187","ITAST 704 (3, 3)","Ital/Amer Cinema Prod &amp; Repres","TH","5:00 PM - 6:50 PM","Tamburri, Anthony","OL 01","0","5","Online Sync",
"001","27646","JAZZ 701 (3, 3)","Jazz Harmony","TH","10:00 AM - 12:50 PM","Berkman, David","MU 310","3","12","In-Person",
"001","28034","JAZZ 703 (3, 3)","Jazz Improvisation I","M","5:00 PM - 7:50 PM","Hart, Antonio","MU 206","2","12","In-Person",
"001","28013","JAZZ 705 (3, 3)","Jazz Arranging &amp; Composition I","T","5:00 PM - 7:50 PM","Mossman, Michael","MU 263","1","12","In-Person",
"001","27574","JAZZ 709 (1, 1)","Jazz Piano Workshop I","W","1:00 PM - 1:50 PM","Patton, Jebediah","MU 363","1","15","In-Person",
"001","27573","JAZZ 711 (2, 2)","Jazz Rhythm Section Workshop","M","11:00 AM - 12:50 PM","Mackrel, Dennis","MU 302C","0","5","In-Person",
"001","27594","JAZZ 713 (1, 1)","Transcription &amp; Ear Training","W","2:00 PM - 2:50 PM","Patton, Jebediah","MU 363","0","15","In-Person",
"001","27645","JAZZ 717 (3, 3)","Jazz History Survey","W","5:00 PM - 7:50 PM","Armacost, Timothy","MU 308","3","20","In-Person",
"COMP","55283","JAZZ 721 (1, 4)","Jazz Lessons in Composition","&nbsp;"," - ","Mossman, Michael"," ","0","2","In-Person",
"COMP","55284","JAZZ 723 (1, 4)","Jazz Lessons in Composition","&nbsp;"," - ","Mossman, Michael"," ","0","3","In-Person",
"PNO","55267","JAZZ 724 (1, 4)","Private Instruction Jazz Perf","&nbsp;"," - ","Berkman, David"," ","1","4","In-Person",
"VOC","55268","JAZZ 724 (1, 4)","Private Instruction Jazz Perf","&nbsp;"," - ","Kinhan, Lauren"," ","0","4","In-Person",
"DRM","55269","JAZZ 724 (1, 4)","Private Instruction Jazz Perf","&nbsp;"," - ","Mackrel, Dennis"," ","1","4","In-Person",
"SAX","55270","JAZZ 724 (1, 4)","Private Instruction Jazz Perf","&nbsp;"," - ","Hart, Antonio"," ","0","2","In-Person",
"BASS","55271","JAZZ 724 (1, 4)","Private Instruction Jazz Perf","&nbsp;"," - ","Martin, Joseph"," ","0","3","In-Person",
"GTR","55290","JAZZ 724 (1, 4)","Private Instruction Jazz Perf","&nbsp;"," - ","Bollenback, Paul"," ","0","2","In-Person",
"DRM","55272","JAZZ 725 (1, 4)","Private Instruction Jazz Perf","&nbsp;"," - ","Mackrel, Dennis"," ","0","3","In-Person",
"BASS","55274","JAZZ 725 (1, 4)","Private Instruction Jazz Perf","&nbsp;"," - ","Martin, Joseph"," ","0","1","In-Person",
"PNO","55275","JAZZ 725 (1, 4)","Private Instruction Jazz Perf","&nbsp;"," - ","Berkman, David"," ","0","3","In-Person",
"DRM","55279","JAZZ 726 (1, 4)","Private Instruct Jazz Perform","&nbsp;"," - ","Mackrel, Dennis"," ","0","2","In-Person",
"GTR","55289","JAZZ 726 (1, 4)","Private Instruct Jazz Perform","&nbsp;"," - ","Bollenback, Paul"," ","1","2","In-Person",
"SAX","55280","JAZZ 726 (1, 4)","Private Instruct Jazz Perform","&nbsp;"," - ","Hart, Antonio"," ","0","2","In-Person",
"BASS","55281","JAZZ 726 (1, 4)","Private Instruct Jazz Perform","&nbsp;"," - ","Martin, Joseph"," ","0","2","In-Person",
"PNO","55282","JAZZ 726 (1, 4)","Private Instruct Jazz Perform","&nbsp;"," - ","Berkman, David"," ","0","4","In-Person",
"VOC","55277","JAZZ 726 (1, 4)","Private Instruct Jazz Perform","&nbsp;"," - ","Kinhan, Lauren"," ","0","4","In-Person",
"001","28077","JAZZ 794 (3, 1)","Jazz Ensemble","T","10:00 AM - 12:50 PM","Kinhan, Lauren","MU 302C","4","25","In-Person",
"001","28077","JAZZ 794 (3, 1)","Jazz Ensemble","W","10:00 AM - 12:50 PM","Berkman, David","MU 302C","4","25","In-Person",
"001","28077","JAZZ 794 (3, 1)","Jazz Ensemble","TH","5:00 PM - 7:50 PM","Mackrel, Dennis","MU 302C","4","25","In-Person",
"001","28077","JAZZ 794 (3, 1)","Jazz Ensemble","T","10:00 AM - 12:50 PM","Hart, Antonio","MU 270","4","25","In-Person",
"001","28077","JAZZ 794 (3, 1)","Jazz Ensemble","M","5:00 PM - 7:50 PM","Mossman, Michael","MU 302C","4","25","In-Person",
"001","54479","JEWST 202 (3, 3)","Jewish Ethics","T, TH","10:45 AM - 12:00 PM","Shur, Mitchell","OL 01","0","35","Online Sync",
"001","31548","JOURN 101W (3, 3)","Introduction To News Reporting","TH","1:40 PM - 4:30 PM","Kravitz, Derek","RA 210","5","22","In-Person",
"001","31590","JOURN 200W (3, 3)","Reporting From The Field","TH","1:40 PM - 4:30 PM","Parris, Terry","RA 219","1","22","In-Person",
"01","27238","JPNS 101 (4, 4)","Elementary Japanese I","F","10:05 AM - 10:55 AM","Gonda, Nami","QH 265C","5","20","Hybrid Async",
"03","27236","JPNS 101 (4, 4)","Elementary Japanese I","F","1:40 PM - 2:30 PM","Gonda, Nami","QH 265C","4","20","Hybrid Async",
"03","27236","JPNS 101 (4, 4)","Elementary Japanese I","M, W","1:40 PM - 2:30 PM","Hartmann, Nan","QH 265C","4","20","Hybrid Async",
"01","27238","JPNS 101 (4, 4)","Elementary Japanese I","&nbsp;"," - ","Fujimoto, Mari","OL 02","5","20","Hybrid Async",
"01","27238","JPNS 101 (4, 4)","Elementary Japanese I","M, W","10:05 AM - 10:55 AM","Rogers, Joshua","QH 265C","5","20","Hybrid Async",
"02","27240","JPNS 101 (4, 4)","Elementary Japanese I","F","11:10 AM - 12:00 PM","Gonda, Nami","QH 265C","5","20","Hybrid Async",
"02","27240","JPNS 101 (4, 4)","Elementary Japanese I","M, W","11:10 AM - 12:00 PM","Hartmann, Nan","QH 265C","5","20","Hybrid Async",
"02","27240","JPNS 101 (4, 4)","Elementary Japanese I","&nbsp;"," - ","Fujimoto, Mari","OL 02","5","20","Hybrid Async",
"03","27236","JPNS 101 (4, 4)","Elementary Japanese I","&nbsp;"," - ","Fujimoto, Mari","OL 02","4","20","Hybrid Async",
"04","27237","JPNS 101 (4, 4)","Elementary Japanese I","F","3:50 PM - 4:40 PM","Gonda, Nami","QH 265C","5","20","Hybrid Async",
"04","27237","JPNS 101 (4, 4)","Elementary Japanese I","M, W","3:50 PM - 4:40 PM","Hartmann, Nan","OL 01","5","20","Hybrid Async",
"04","27237","JPNS 101 (4, 4)","Elementary Japanese I","&nbsp;"," - ","Fujimoto, Mari","OL 02","5","20","Hybrid Async",
"01","28873","JPNS 102 (4, 4)","Elementary Japanese II","T, TH","9:00 AM - 9:50 AM","Fujimoto, Mari","QH 265C","7","15","In-Person",
"01","28873","JPNS 102 (4, 4)","Elementary Japanese II","M, W","9:00 AM - 9:50 AM","Rogers, Joshua","QH 265C","7","15","In-Person",
"01","27235","JPNS 203 (3, 3)","Intermediate Japanese I","&nbsp;"," - ","Fujimoto, Mari","OL 02","9","15","Hybrid Async",
"01","27235","JPNS 203 (3, 3)","Intermediate Japanese I","T, TH","10:05 AM - 10:55 AM","Fujimoto, Mari","QH 265C","9","15","Hybrid Async",
"01","27514","JPNS 254 (3, 3)","Japanese Cinema","W","3:10 PM - 4:25 PM","Rogers, Joshua","QH 270F","25","25","Hybrid Async",
"01","27514","JPNS 254 (3, 3)","Japanese Cinema","&nbsp;"," - ","Rogers, Joshua","OL 02","25","25","Hybrid Async",
"01","28872","JPNS 305 (3, 3)","Advanced Modern Japanese I","&nbsp;"," - ","Fujimoto, Mari","OL 02","6","15","Hybrid Async",
"01","28872","JPNS 305 (3, 3)","Advanced Modern Japanese I","T","12:15 PM - 1:30 PM","Fujimoto, Mari","QH 265C","6","15","Hybrid Async",
"01","27310","KOR 101 (4, 4)","Elementary Korean I","&nbsp;"," - ","Ko, Seong Yeon","OL 02","9","20","Hybrid Async",
"03","27314","KOR 101 (4, 4)","Elementary Korean I","&nbsp;"," - ","Yoon, Eunmee","OL 02","11","20","Online Mix",
"03","27314","KOR 101 (4, 4)","Elementary Korean I","T, TH","10:45 AM - 12:00 PM","Yoon, Eunmee","OL 01","11","20","Online Mix",
"04","27309","KOR 101 (4, 4)","Elementary Korean I","W, F","1:40 PM - 2:55 PM","Joo, Hyewon","QH 345C","4","20","Hybrid Async",
"04","27309","KOR 101 (4, 4)","Elementary Korean I","&nbsp;"," - ","Joo, Hyewon","OL 02","4","20","Hybrid Async",
"01","27310","KOR 101 (4, 4)","Elementary Korean I","T, TH","1:40 PM - 2:55 PM","Yap, Madeline","QH 345C","9","20","Hybrid Async",
"QI1","54627","KOR 101 (4, 4)","Elementary Korean I","M, W","3:00 PM - 4:50 PM","Deschenes, Choonhwa"," ","0","0","In-Person",
"05","27311","KOR 101 (4, 4)","Elementary Korean I","W, F","3:10 PM - 4:25 PM","Joo, Hyewon","QH 345C","4","20","Hybrid Async",
"05","27311","KOR 101 (4, 4)","Elementary Korean I","&nbsp;"," - ","Joo, Hyewon","OL 02","4","20","Hybrid Async",
"02","27313","KOR 101 (4, 4)","Elementary Korean I","T, TH","3:10 PM - 4:25 PM","Yap, Madeline","QH 345C","0","20","Hybrid Async",
"02","27313","KOR 101 (4, 4)","Elementary Korean I","&nbsp;"," - ","Ko, Seong Yeon","OL 02","0","20","Hybrid Async",
"01","27308","KOR 102 (4, 4)","Elementary Korean II","&nbsp;"," - ","Ko, Seong Yeon","OL 02","5","15","Hyflex",
"01","27308","KOR 102 (4, 4)","Elementary Korean II","T, TH","10:45 AM - 12:00 PM","Yap, Madeline","QH 007","5","15","Hyflex",
"01","27307","KOR 203 (3, 3)","Intermediate Korean I","T, TH","5:00 PM - 6:15 PM","Yoon, Eunmee","OL 01","6","15","Online Sync",
"001","29095","LABST 101W (3, 3)","Introduction to Labor Studies","T","6:30 PM - 9:20 PM","Guskin, Jane","OL 01","11","11","Online Sync",
"001","29094","LABST 273 (3, 3)","Labor and Globalization","&nbsp;"," - ","Biswas, Padmini","OL 02","5","10","In-Person",
"001","28760","LALS 203 (3, 3)","Intro to Latinx Ethnic Identi","M, W","10:45 AM - 12:00 PM",", ","KY 281","3","20","In-Person",
"01","28726","LATIN 101 (3, 3)","Elementary Latin","M, W","3:10 PM - 4:25 PM","Allen, Joel","PH 253","4","20","In-Person",
"003","27584","LCD 101 (3, 3)","Introduction to Language","M, W","3:10 PM - 4:25 PM","Alkan, Selin","QH 135","5","45","In-Person",
"009","27590","LCD 101 (3, 3)","Introduction to Language","T, TH","12:15 PM - 1:30 PM","Tapia, Armando","QH 135","44","45","In-Person",
"007","27591","LCD 101 (3, 3)","Introduction to Language","T, TH","9:15 AM - 10:30 AM","Izmalkova, Daria","QH 135","10","30","In-Person",
"010","27580","LCD 101 (3, 3)","Introduction to Language","T, TH","1:40 PM - 2:55 PM","Tapia, Armando","QH 135","31","45","In-Person",
"011","27583","LCD 101 (3, 3)","Introduction to Language","T, TH","3:10 PM - 4:25 PM","Tapia, Armando","QH 135","23","45","In-Person",
"001","27582","LCD 101 (3, 3)","Introduction to Language","M, W","10:45 AM - 12:00 PM","Sheng, Jie","QH 135","8","30","In-Person",
"008","27581","LCD 101 (3, 3)","Introduction to Language","T, TH","10:45 AM - 12:00 PM","Castillo, Daniela","QH 135","14","45","In-Person",
"012","40458","LCD 101 (3, 3)","Introduction to Language","M, W","4:00 PM - 5:15 PM","Hilliard, Meredith","SB A101","0","0","In-Person",
"002","27585","LCD 101 (3, 3)","Introduction to Language","M, W","1:40 PM - 2:55 PM","Hilliard, Meredith","QH 135","7","45","In-Person",
"001","27653","LCD 102 (3, 3)","Analyzing Language","T, TH","10:45 AM - 12:00 PM","Vancelette, Reid","QH 335G","15","35","In-Person",
"003","27651","LCD 102 (3, 3)","Analyzing Language","M, W","1:40 PM - 2:55 PM","Alkan, Selin","QH 335B","6","35","In-Person",
"002","27652","LCD 102 (3, 3)","Analyzing Language","T, TH","12:15 PM - 1:30 PM","Vancelette, Reid","QH 335G","16","35","In-Person",
"003","51998","LCD 103 (3, 3)","Multilingualism In U.S.","M, W","10:45 AM - 12:00 PM","Hilliard, Meredith","QH 340","2","35","In-Person",
"002","28506","LCD 103 (3, 3)","Multilingualism In U.S.","T, TH","12:15 PM - 1:30 PM","Castillo, Daniela","QH 335B","11","35","In-Person",
"001","28165","LCD 105 (3, 3)","Fund of Psycholinguistics","T, TH","9:15 AM - 10:30 AM","Gangi-Gaertner, Rosanne","QH 335G","13","25","In-Person",
"001","28505","LCD 106 (3, 3)","Intro Neurodivers &amp; Commun Dis","M, W","10:45 AM - 12:00 PM","Neumann, Yael","QH 335G","22","25","In-Person",
"001","28504","LCD 110 (3, 3)","Phonetics","T, TH","10:45 AM - 12:00 PM","Ball, Karen","QH 335B","19","25","In-Person",
"001","28503","LCD 116 (3, 3)","Introduction to Morphology","M, W","1:40 PM - 2:55 PM","Kaufman, Daniel","QH 335G","22","35","In-Person",
"001","28502","LCD 120 (3, 3)","Understanding English Grammar","T, TH","3:10 PM - 4:25 PM","Haddican, William","QH 335B","20","40","In-Person",
"001","53007","LCD 130 (3, 3)","The Sound Structure of English","M, W","3:10 PM - 4:25 PM","Giatti, Laura","QH 335B","1","25","In-Person",
"001","27454","LCD 150 (3, 3)","Linguistic Phonetics","M, W","10:45 AM - 12:00 PM","Alexander-Yang, Michael","QH 335B","17","30","In-Person",
"001","28499","LCD 151 (3, 3)","Methods in Comp Linguistics I","T, TH","1:40 PM - 2:55 PM",", ","QH 340","2","30","In-Person",
"001","28498","LCD 207 (3, 3)","Anat&amp;Physiol Spch/Lang","T, TH","9:15 AM - 10:30 AM","Ball, Karen","QH 335B","25","25","In-Person",
"001","28497","LCD 208 (3, 3)","Hearing Science","T, TH","10:45 AM - 12:00 PM","Kushla, Karen","QH 340","19","25","In-Person",
"001","28496","LCD 209 (3, 3)","Language and Mind","T, TH","1:40 PM - 2:55 PM","Castillo, Daniela","QH 335B","4","40","In-Person",
"001","28495","LCD 216 (3, 3)","Language Acquisition","T, TH","12:15 PM - 1:30 PM","Feintuch, Frances","QH 340","22","25","In-Person",
"001","28493","LCD 309 (3, 3)","Speech Science","M, W","3:10 PM - 4:25 PM","Maryutina, Evgeniya","QH 345H","21","25","In-Person",
"001","53008","LCD 312 (3, 3)","Lit &amp; Lang In Multi Pop","M","3:10 PM - 6:00 PM","Heffernan, Lauren","QH 345C","8","25","In-Person",
"001","28492","LCD 316 (3, 3)","Lang &amp; Comm Sch-Aged Child","T, TH","12:15 PM - 1:30 PM","Ijalba, Elizabeth","QH 345H","15","25","In-Person",
"001","28491","LCD 322 (4, 4)","Disorders of Speech","T, TH","1:40 PM - 2:55 PM","Ijalba, Elizabeth","QH 345H","24","25","In-Person",
"001","28490","LCD 323 (4, 4)","Disorders of Language","M, W","1:40 PM - 2:55 PM","Reich, Toby","QH 345H","20","25","In-Person",
"001","28489","LCD 330 (3, 3)","Audiology I","M, W","6:30 PM - 7:45 PM","Leiderman, Alexis","QH 335B","19","25","Hybrid Sync",
"001","53009","LCD 340 (3, 3)","Methods &amp; Materials TESOL","T","4:40 PM - 7:30 PM","Efkarpides, Helen","QH 335B","8","25","In-Person",
"002","53012","LCD 341 (3, 5)","Stdnt Tchng Intrn Tesol 1","W","3:10 PM - 6:00 PM","Calvet, Dana","QH 320","0","8","In-Person",
"001","53011","LCD 341 (3, 5)","Stdnt Tchng Intrn Tesol 1","TH","3:10 PM - 6:00 PM","Cassano-Repole, Michelle","QH 335G","0","8","In-Person",
"001","28488","LCD 360 (3, 3)","Issues in Linguistic Research","M, W","3:10 PM - 4:25 PM","Kaufman, Daniel","QH 335G","7","40","In-Person",
"002","34559","LCD 3923 (3, 3)","Tutorial","&nbsp;"," - ","Neumann, Yael"," ","1","1","In-Person",
"001","34534","LCD 3923 (3, 3)","Tutorial","&nbsp;"," - ","Neumann, Yael"," ","1","1","In-Person",
"001","33698","LCD 700 (3, 3)","Research Methodology","T","9:10 AM - 12:00 PM","Lowe, Mara","GC 120","0","18","In-Person",
"002","53014","LCD 701 (3, 3)","Introduction to Linguistics","TH","6:30 PM - 9:20 PM","Saurel-Schumacher, Elizabeth","OL 01","0","25","Online Sync",
"001","53013","LCD 701 (3, 3)","Introduction to Linguistics","M","6:30 PM - 9:20 PM","Giatti, Laura","OL 01","0","25","Online Sync",
"001","53015","LCD 702 (3, 3)","Teach Engl Sent Structure I","T","6:30 PM - 9:20 PM","Saurel-Schumacher, Elizabeth","OL 01","0","25","Online Sync",
"002","53017","LCD 702 (3, 3)","Teach Engl Sent Structure I","W","6:30 PM - 9:20 PM","Saurel-Schumacher, Elizabeth","OL 01","0","25","Online Sync",
"002","53021","LCD 706 (3, 3)","Bilingualism","TH","6:30 PM - 9:20 PM","Menken, Kate","OL 01","0","25","Online Sync",
"001","51997","LCD 706 (3, 3)","Bilingualism","T","6:30 PM - 9:20 PM","Le, Khanh","OL 01","1","25","Online Sync",
"003","53023","LCD 706 (3, 3)","Bilingualism","M","6:30 PM - 9:20 PM","Rinaldi Chavez, Monica","OL 01","0","25","Online Sync",
"001","53022","LCD 707 (3, 3)","Eval &amp; Measure TESOL","W","6:30 PM - 9:20 PM","Cassano-Repole, Michelle","OL 01","1","25","Online Sync",
"003","53024","LCD 707 (3, 3)","Eval &amp; Measure TESOL","M","6:30 PM - 9:20 PM","Garcia, Christine","OL 01","0","25","Online Sync",
"002","53025","LCD 707 (3, 3)","Eval &amp; Measure TESOL","T","6:30 PM - 9:20 PM","Cassano-Repole, Michelle","OL 01","0","25","Online Sync",
"001","33699","LCD 717 (3, 3)","The Acquisition of Language","TH","9:10 AM - 12:00 PM","Ijalba, Elizabeth","GC 120","0","18","In-Person",
"001","33701","LCD 724 (3, 3)","Neuromotor Disorders","M","5:00 PM - 7:50 PM","Mccaul, Patricia","GC 120","0","18","In-Person",
"001","33703","LCD 726 (3, 3)","Lang Disorders:Adolesc/Adult I","M","9:10 AM - 12:00 PM","Viccaro, Elizabeth","GC 120","0","18","In-Person",
"001","33706","LCD 7293 (3, 3)","Pract Speech-Lang Pathology","T","1:40 PM - 4:30 PM",", ","GC 120","0","18","In-Person",
"002","33707","LCD 7293 (3, 3)","Pract Speech-Lang Pathology","M","1:40 PM - 4:30 PM","Mccaul, Patricia","GC 120","0","18","In-Person",
"001","33773","LCD 730 (3, 3)","Spe Disord:Artc/Phon","W","9:10 AM - 12:00 PM","Mishra, Avinash","GC 120","0","18","In-Person",
"001","33715","LCD 732 (3, 3)","Lang &amp; Lrn Disord of Chld II","W","5:00 PM - 7:50 PM","Navarra, Cecilia","GC 120","0","18","In-Person",
"001","33716","LCD 734 (3, 3)","Communication&amp;Aud Impairment","TH","5:00 PM - 7:50 PM","Ceriello, Tina","GC 120","0","18","In-Person",
"002","53030","LCD 7403 (3, 3)","Multilingual Lang Development","T","6:30 PM - 9:20 PM","Heffernan, Lauren","OL 01","0","25","Online Sync",
"001","53026","LCD 7403 (3, 3)","Multilingual Lang Development","M","6:30 PM - 9:20 PM","Calvet, Dana","OL 01","0","25","Online Sync",
"003","53033","LCD 7403 (3, 3)","Multilingual Lang Development","W","6:30 PM - 9:20 PM","Heffernan, Lauren","OL 01","0","25","Online Sync",
"002","53032","LCD 7404 (3, 4)","Multilingual Lang Development","T","6:30 PM - 9:20 PM","Heffernan, Lauren","OL 01","0","25","Online Sync",
"001","53029","LCD 7404 (3, 4)","Multilingual Lang Development","M","6:30 PM - 9:20 PM","Calvet, Dana","OL 01","0","25","Online Sync",
"004","53039","LCD 742 (3, 3)","TESOL Thru Content","T","6:30 PM - 9:20 PM","Mandracchia, Marcella","OL 01","0","25","Online Sync",
"002","53038","LCD 742 (3, 3)","TESOL Thru Content","W","6:30 PM - 9:20 PM","Kalamaras, Jimmy","OL 01","0","25","Online Sync",
"003","53037","LCD 742 (3, 3)","TESOL Thru Content","TH","6:30 PM - 9:20 PM","Brandt, Jenna","OL 01","0","25","Online Sync",
"001","53036","LCD 742 (3, 3)","TESOL Thru Content","M","6:30 PM - 9:20 PM","Williams, James","OL 01","1","25","Online Sync",
"001","53040","LCD 790 (3, 3)","Seminar in Research in TESOL","TH","6:30 PM - 9:20 PM","Calvet, Dana","OL 01","1","25","Online Sync",
"001","53041","LCD 794 (3, 3)","Std Tchg Intern TESOL-I","TH","6:30 PM - 9:20 PM","Perrone, Michael","OL 01","0","8","Online Sync",
"002","33791","LIBR 110 (2, 2)","Information in the Digital Age","W","1:40 PM - 3:30 PM","Silberberg, Eric","RO 225","7","20","Hybrid Sync",
"001","33790","LIBR 110 (2, 2)","Information in the Digital Age","TH","5:00 PM - 6:50 PM","Lord, Danielle","RO 225","16","20","Hybrid Sync",
"003","44105","LIBR 110 (2, 2)","Information in the Digital Age","W","10:05 AM - 11:55 AM","Walker, Leila","RO 225","19","20","Hybrid Sync",
"004","53662","LIBR 110 (2, 2)","Information in the Digital Age","W","10:05 AM - 11:55 AM","Butozova, Elena","RO 240","5","20","Hybrid Sync",
"001","44058","MAM 799 (0, 0)","Maintenance Matric","&nbsp;"," - ",", "," ","1","35","In-Person",
"02","29353","MATH 110 (3, 3)","Math Literacy","T, TH","7:45 AM - 9:00 AM","Ali, Meimona","KY 277","8","15","In-Person",
"03","29351","MATH 110 (3, 3)","Math Literacy","T, TH","9:15 AM - 10:30 AM","Ali, Meimona","KY 277","15","15","In-Person",
"05","29514","MATH 110 (3, 3)","Math Literacy","F","6:30 PM - 9:30 PM","Lasker, Maksud","KY 258","5","15","In-Person",
"01","29525","MATH 110 (3, 3)","Math Literacy","M, W","10:45 AM - 12:00 PM","Ovchinnikov, Alexey","KY 258","20","30","In-Person",
"04","29308","MATH 110 (3, 3)","Math Literacy","M, W","9:15 AM - 10:30 AM","Greenman, Jennifer","KY 277","11","15","In-Person",
"01","29429","MATH 114 (3, 3)","Elementary Prob&amp;Stat","M, W","9:15 AM - 10:30 AM","Chow, James","KY 320","18","20","In-Person",
"01","27532","MATH 114W (4, 4)","Elementary Prob&amp;Stat","T, TH","8:45 AM - 10:35 AM","Riccardo, Michael","KY 320","13","20","In-Person",
"02","29461","MATH 115 (3, 3)","College Algebra for Precalc","T","11:00 AM - 12:00 PM",", ","KY 065","11","15","In-Person",
"02","29461","MATH 115 (3, 3)","College Algebra for Precalc","T, TH","12:15 PM - 1:30 PM",", ","KY 334","11","15","In-Person",
"03","29460","MATH 115 (3, 3)","College Algebra for Precalc","TH","2:00 PM - 3:00 PM",", ","KY 065","10","15","In-Person",
"03","29460","MATH 115 (3, 3)","College Algebra for Precalc","T, TH","3:10 PM - 4:25 PM",", ","KY 334","10","15","In-Person",
"NAV1","29459","MATH 115 (3, 3)","College Algebra for Precalc","M, W","1:40 PM - 3:30 PM","Lee, Hye Ok","KY 326","0","0","In-Person",
"19SK","29458","MATH 115 (3, 3)","College Algebra for Precalc","M, W","8:00 AM - 9:50 AM","Broges, Adele","KY 424","2","20","In-Person",
"20","29457","MATH 115 (3, 3)","College Algebra for Precalc","S","9:00 AM - 12:00 PM","Ostrowsky, Andrew","KY 258","9","15","In-Person",
"05","29428","MATH 115 (3, 3)","College Algebra for Precalc","M, W","10:45 AM - 12:00 PM","Chow, James","KY 320","7","15","In-Person",
"05","29428","MATH 115 (3, 3)","College Algebra for Precalc","M","9:30 AM - 10:30 AM",", ","KY 065","7","15","In-Person",
"08","28842","MATH 115 (3, 3)","College Algebra for Precalc","T","9:30 AM - 10:30 AM",", ","KY 065","15","15","In-Person",
"04","29735","MATH 115 (3, 3)","College Algebra for Precalc","M, W","3:10 PM - 4:25 PM","Wolf-Sonkin, Valerie","KY 334","15","15","In-Person",
"13","29717","MATH 115 (3, 3)","College Algebra for Precalc","M, W","1:40 PM - 2:55 PM","Wolf-Sonkin, Valerie","KY 334","15","15","In-Person",
"12","29698","MATH 115 (3, 3)","College Algebra for Precalc","M, W","8:00 PM - 9:15 PM","Lin, Yunyun","KY 242","11","15","In-Person",
"12","29698","MATH 115 (3, 3)","College Algebra for Precalc","M","6:45 PM - 7:45 PM",", ","KY 065","11","15","In-Person",
"QI1","52970","MATH 115 (3, 3)","College Algebra for Precalc","T, TH","8:00 AM - 9:50 AM","Lehman, Seth","KY 431","0","0","In-Person",
"06","29304","MATH 115 (3, 3)","College Algebra for Precalc","M, W","5:00 PM - 6:15 PM","Flynn, Desmond","KY 320","15","15","In-Person",
"01","29297","MATH 115 (3, 3)","College Algebra for Precalc","T, TH","9:15 AM - 10:30 AM",", ","KY 424","15","15","In-Person",
"07","29294","MATH 115 (3, 3)","College Algebra for Precalc","M, W","6:30 PM - 7:45 PM","Shen, Tracy","KY 326","13","15","In-Person",
"17SK","29269","MATH 115 (3, 3)","College Algebra for Precalc","T, TH","10:05 AM - 11:55 AM","Kalra, Priya","KY 324","0","20","In-Person",
"18SK","29268","MATH 115 (3, 3)","College Algebra for Precalc","T, TH","12:10 PM - 2:00 PM","Kalra, Priya","KY 324","0","20","In-Person",
"15SK","28852","MATH 115 (3, 3)","College Algebra for Precalc","T, TH","10:05 AM - 11:55 AM","Clarke, Anisha","KY 281","1","20","In-Person",
"16SK","28851","MATH 115 (3, 3)","College Algebra for Precalc","T, TH","12:10 PM - 2:00 PM","Clarke, Anisha","KY 281","2","20","In-Person",
"08","28842","MATH 115 (3, 3)","College Algebra for Precalc","T, TH","10:45 AM - 12:00 PM","Boteju, Wjeewani","KY 417","15","15","In-Person",
"21SK","33748","MATH 115 (3, 3)","College Algebra for Precalc","T, TH","2:15 PM - 4:05 PM","Sahney, Kermit","KY 324","6","20","In-Person",
"02","29290","MATH 119 (3, 3)","Math for Elem School Teachers","M, W","1:40 PM - 2:55 PM","Lehman, Seth","KY 258","11","15","In-Person",
"03","29341","MATH 119 (3, 3)","Math for Elem School Teachers","T, TH","10:45 AM - 12:00 PM","Riccardo, Michael","KY 273","15","15","In-Person",
"07","28696","MATH 119 (3, 3)","Math for Elem School Teachers","T, TH","12:15 PM - 1:30 PM","Colon, Chelsea","KY 271","8","15","In-Person",
"04","29430","MATH 119 (3, 3)","Math for Elem School Teachers","M, W","7:45 AM - 9:00 AM","Chow, James","KY 320","6","15","In-Person",
"06","29381","MATH 119 (3, 3)","Math for Elem School Teachers","M, W","5:00 PM - 6:15 PM","Shannon, Cassandra","KY 242","5","15","In-Person",
"05","29286","MATH 119 (3, 3)","Math for Elem School Teachers","T, TH","6:30 PM - 7:45 PM","Uddin, Jasim","KY 326","7","15","In-Person",
"01","29372","MATH 119 (3, 3)","Math for Elem School Teachers","M, W","3:10 PM - 4:25 PM","Klosin, Krzysztof","KY 412","12","15","In-Person",
"06","29337","MATH 120 (3, 3)","Discrete Math Comp Sci","T, TH","9:15 AM - 10:30 AM","Li, Huifei","KY 273","11","15","In-Person",
"04","28843","MATH 120 (3, 3)","Discrete Math Comp Sci","T, TH","12:15 PM - 1:30 PM","Berger, Kirsten","KY 316","5","15","In-Person",
"07","29426","MATH 120 (3, 3)","Discrete Math Comp Sci","M, W","6:30 PM - 7:45 PM","Lin, Yunyun","KY 242","6","15","In-Person",
"01","29295","MATH 120 (3, 3)","Discrete Math Comp Sci","M, W","10:45 AM - 12:00 PM","Lee, David","KY 324","12","15","In-Person",
"02","29329","MATH 120 (3, 3)","Discrete Math Comp Sci","T, TH","10:45 AM - 12:00 PM","Goldman, Steven","KY 414","6","15","In-Person",
"03","29718","MATH 120 (3, 3)","Discrete Math Comp Sci","M, W","5:00 PM - 6:15 PM","Wolf-Sonkin, Valerie","KY 334","1","15","In-Person",
"05","29280","MATH 120 (3, 3)","Discrete Math Comp Sci","T, TH","6:30 PM - 7:45 PM","Joanidhi, Zhani","KY 324","0","15","In-Person",
"05","29350","MATH 122 (4, 4)","Precalculus","T, TH","5:00 PM - 6:50 PM","Archetti, Michael","KY 242","15","15","In-Person",
"11","29413","MATH 122 (4, 4)","Precalculus","T, TH","10:05 AM - 11:55 AM","Koroveshi, Blendi","KY 258","15","15","In-Person",
"01","29427","MATH 122 (4, 4)","Precalculus","T","2:30 PM - 3:30 PM",", ","KY 065","15","15","In-Person",
"01","29427","MATH 122 (4, 4)","Precalculus","T, TH","3:45 PM - 5:35 PM","Joseph, Michael","KY 326","15","15","In-Person",
"16CN","29338","MATH 122 (4, 4)","Precalculus","M, W","4:30 PM - 6:20 PM","Cai, Anhong","KY 324","0","0","In-Person",
"03","29345","MATH 122 (4, 4)","Precalculus","T, TH","11:00 AM - 12:50 PM","Toledo, David","KY 420","0","15","In-Person",
"03","29345","MATH 122 (4, 4)","Precalculus","TH","9:45 AM - 10:45 AM",", ","KY 065","0","15","In-Person",
"12","28695","MATH 122 (4, 4)","Precalculus","T, TH","1:40 PM - 3:30 PM","Colon, Chelsea","KY 271","4","15","In-Person",
"12","28695","MATH 122 (4, 4)","Precalculus","TH","12:30 PM - 1:30 PM",", ","KY 065","4","15","In-Person",
"15","29497","MATH 122 (4, 4)","Precalculus","SU","8:00 AM - 12:00 PM",", ","KY 258","15","15","In-Person",
"18SK","29498","MATH 122 (4, 4)","Precalculus","M, W","1:40 PM - 3:55 PM","Broges, Adele","KY 424","7","20","In-Person",
"17SK","29499","MATH 122 (4, 4)","Precalculus","M, W","10:00 AM - 12:15 PM","Broges, Adele","KY 424","5","20","In-Person",
"19SK","28840","MATH 122 (4, 4)","Precalculus","T, TH","10:00 AM - 12:15 PM","Sahney, Kermit","KY 271","13","20","In-Person",
"10","28849","MATH 122 (4, 4)","Precalculus","M, W","5:00 PM - 6:50 PM",", ","KY 417","9","15","In-Person",
"09","29287","MATH 122 (4, 4)","Precalculus","M, W","10:05 AM - 11:55 AM","Komatsubara, Hiro","KY 434","15","15","In-Person",
"NAV1","29288","MATH 122 (4, 4)","Precalculus","M, W","3:45 PM - 6:05 PM","Bega, Julian","KY 273","0","0","In-Person",
"06","29293","MATH 122 (4, 4)","Precalculus","M, W","3:45 PM - 5:35 PM","Shen, Tracy","KY 326","15","15","In-Person",
"04","29296","MATH 122 (4, 4)","Precalculus","M, W","8:45 AM - 10:35 AM","Lee, David","KY 324","12","15","In-Person",
"04","29296","MATH 122 (4, 4)","Precalculus","W","10:45 AM - 11:45 AM",", ","KY 065","12","15","In-Person",
"07","29299","MATH 122 (4, 4)","Precalculus","T, TH","6:30 PM - 8:20 PM","Gant, Sara","KY 273","10","15","In-Person",
"08","29303","MATH 122 (4, 4)","Precalculus","M, W","6:30 PM - 8:20 PM","Flynn, Desmond","KY 320","15","15","In-Person",
"14","29720","MATH 122 (4, 4)","Precalculus","T, TH","6:55 PM - 8:45 PM","Ozkan, Erdem","KY 334","2","15","In-Person",
"02","29347","MATH 122 (4, 4)","Precalculus","T, TH","8:45 AM - 10:35 AM","Toledo, David","KY 420","12","15","In-Person",
"05","29350","MATH 122 (4, 4)","Precalculus","T","3:45 PM - 4:45 PM",", ","KY 065","15","15","In-Person",
"04","29307","MATH 131 (3, 3)","Calculus with Applications I","M, W","10:45 AM - 12:00 PM","Greenman, Jennifer","KY 277","20","20","In-Person",
"05","29281","MATH 131 (3, 3)","Calculus with Applications I","T, TH","5:00 PM - 6:15 PM","Joanidhi, Zhani","KY 324","12","15","In-Person",
"01E","28844","MATH 131 (3, 3)","Calculus with Applications I","T, TH","9:45 AM - 12:00 PM","Berger, Kirsten","KY 316","8","15","In-Person",
"03","29513","MATH 131 (3, 3)","Calculus with Applications I","S","9:00 AM - 12:00 PM","Gjonlekaj, Maria","KY 242","17","20","In-Person",
"02","29354","MATH 131 (3, 3)","Calculus with Applications I","T, TH","10:45 AM - 12:00 PM","Ali, Meimona","KY 277","20","20","In-Person",
"03","29422","MATH 141 (3, 3)","Calculus/Differentiation","T, TH","10:45 AM - 12:00 PM","Erlbaum, Sharon","KY 412","15","15","In-Person",
"02","29423","MATH 141 (3, 3)","Calculus/Differentiation","T, TH","9:15 AM - 10:30 AM","Erlbaum, Sharon","KY 412","15","15","In-Person",
"11","29279","MATH 141 (3, 3)","Calculus/Differentiation","T, TH","7:45 AM - 9:00 AM",", ","KY 258","3","15","In-Person",
"01","29387","MATH 141 (3, 3)","Calculus/Differentiation","M, W","10:45 AM - 12:00 PM","Sultan, Alan","KY 326","5","5","In-Person",
"12","29431","MATH 141 (3, 3)","Calculus/Differentiation","SU","9:00 AM - 12:00 PM","Yuabov, Daniel","KY 242","10","15","In-Person",
"05","29334","MATH 141 (3, 3)","Calculus/Differentiation","M, W","5:00 PM - 6:15 PM","Berman, Gary","KY 414","3","15","In-Person",
"09","29380","MATH 141 (3, 3)","Calculus/Differentiation","M, W","3:10 PM - 4:25 PM","Shannon, Cassandra","KY 242","13","26","In-Person",
"07","29692","MATH 141 (3, 3)","Calculus/Differentiation","M, W","6:30 PM - 7:45 PM","Bega, Julian","KY 273","0","25","In-Person",
"14SK","28850","MATH 141 (3, 3)","Calculus/Differentiation","T, TH","2:15 PM - 4:05 PM","Clarke, Anisha","KY 281","9","20","In-Person",
"13SK","29291","MATH 141 (3, 3)","Calculus/Differentiation","M, W","10:05 AM - 11:55 AM","Lehman, Seth","KY 273","18","20","In-Person",
"04","29300","MATH 141 (3, 3)","Calculus/Differentiation","T, TH","5:00 PM - 6:15 PM","Gant, Sara","KY 273","7","15","In-Person",
"06","29305","MATH 141 (3, 3)","Calculus/Differentiation","M, W","7:45 AM - 9:00 AM","Greenman, Jennifer","KY 277","9","15","In-Person",
"10","29284","MATH 141 (3, 3)","Calculus/Differentiation","M, W","9:15 AM - 10:30 AM","Chu, Yao","KY 334","10","15","In-Person",
"NAV1","29339","MATH 141 (3, 3)","Calculus/Differentiation","M, W","2:15 PM - 4:05 PM","Cai, Anhong","KY 324","0","0","In-Person",
"05","29330","MATH 142 (3, 3)","Calculus/Integration","T, TH","12:15 PM - 1:30 PM","Goldman, Steven","KY 414","14","15","In-Person",
"01","29425","MATH 142 (3, 3)","Calculus/Integration","M, W","9:15 AM - 10:30 AM","Erlbaum, Sharon","KY 412","17","20","In-Person",
"02","29424","MATH 142 (3, 3)","Calculus/Integration","M, W","10:45 AM - 12:00 PM","Erlbaum, Sharon","KY 412","19","20","In-Person",
"03","29420","MATH 142 (3, 3)","Calculus/Integration","T, TH","10:45 AM - 12:00 PM","Miller, David","KY 434","12","15","In-Person",
"06","29384","MATH 142 (3, 3)","Calculus/Integration","M, W","5:00 PM - 6:15 PM","Lord, Alexander","KY 258","9","15","In-Person",
"04","29512","MATH 142 (3, 3)","Calculus/Integration","M, W","7:45 AM - 9:00 AM","Wen, Tony","KY 258","11","15","In-Person",
"03","29331","MATH 143 (3, 3)","Calculus-Infinite Series","T, TH","9:15 AM - 10:30 AM","Goldman, Steven","KY 414","18","20","In-Person",
"02","29511","MATH 143 (3, 3)","Calculus-Infinite Series","T, TH","7:45 AM - 9:00 AM","Wen, Tony","KY 242","23","23","In-Person",
"06","29302","MATH 143 (3, 3)","Calculus-Infinite Series","T, TH","5:00 PM - 6:15 PM","Porchetta, Ernesto","KY 277","20","23","In-Person",
"05","29360","MATH 143 (3, 3)","Calculus-Infinite Series","M, W","3:10 PM - 4:25 PM","Rong, Yongwu","KY 277","7","15","In-Person",
"04","29361","MATH 143 (3, 3)","Calculus-Infinite Series","M, W","1:40 PM - 2:55 PM","Rong, Yongwu","KY 277","9","15","In-Person",
"01","29386","MATH 143 (3, 3)","Calculus-Infinite Series","T, TH","10:45 AM - 12:00 PM","Sultan, Alan","KY 326","25","25","In-Person",
"03","29298","MATH 151 (4, 4)","Calc/Diff &amp; Integtn","T, TH","5:00 PM - 6:50 PM","Nicastro, Stephen","KY 258","15","15","In-Person",
"01","28848","MATH 151 (4, 4)","Calc/Diff &amp; Integtn","M, W","1:40 PM - 3:30 PM","Komatsubara, Hiro","KY 318","5","15","In-Person",
"02","29336","MATH 151 (4, 4)","Calc/Diff &amp; Integtn","T, TH","11:00 AM - 12:50 PM","Li, Huifei","KY 283","11","15","In-Person",
"04","29301","MATH 152 (4, 4)","Calc/Integration &amp; Infinite","T, TH","6:30 PM - 8:20 PM","Porchetta, Ernesto","KY 277","10","15","In-Person",
"02","29510","MATH 152 (4, 4)","Calc/Integration &amp; Infinite","T, TH","12:10 PM - 2:00 PM","Kahan, Steven","KY 242","10","15","In-Person",
"03","29344","MATH 152 (4, 4)","Calc/Integration &amp; Infinite","M, W","1:40 PM - 3:30 PM","Wang, Adam","KY 434","15","15","In-Person",
"01","29520","MATH 152 (4, 4)","Calc/Integration &amp; Infinite","T, TH","10:05 AM - 11:55 AM","Kahan, Steven","KY 242","8","15","In-Person",
"01","29363","MATH 201 (4, 4)","Multivariable Calculus","T, TH","8:30 PM - 10:20 PM","Mitra, Sudeb","KY 422","12","20","In-Person",
"02","29415","MATH 201 (4, 4)","Multivariable Calculus","T, TH","12:10 PM - 2:00 PM","Koroveshi, Blendi","KY 258","20","20","In-Person",
"01","29357","MATH 202 (4, 4)","Advanced Calculus","M, W","2:15 PM - 4:05 PM","Saric, Dragomir","KY 420","6","15","In-Person",
"02","29207","MATH 202 (4, 4)","Advanced Calculus","T, TH","6:30 PM - 8:20 PM","Shima, Taro","KY 412","15","15","In-Person",
"01","27370","MATH 205 (3, 3)","Mathematical Problem Solving","M, W","10:45 AM - 12:00 PM","Gangaram, Elliot","KY 334","18","25","In-Person",
"01","27370","MATH 205 (3, 3)","Mathematical Problem Solving","M, W","10:45 AM - 12:00 PM","Gangaram, Elliot","KY 334","18","25","In-Person",
"01","27384","MATH 209 (3, 3)","Elementary Set Theory","T, TH","5:00 PM - 6:15 PM","Mitra, Sudeb","KY 422","10","15","In-Person",
"01","27369","MATH 218 (3, 3)","Euclidean Geometry","W","4:00 PM - 7:00 PM","Markinson, Mara","PH 008","12","20","In-Person",
"01","29419","MATH 220 (3, 3)","Discrete Mathematics","T, TH","12:15 PM - 1:30 PM","Miller, David","KY 434","9","20","In-Person",
"01","29519","MATH 223 (3, 3)","Diff Equa/Num Meth 1","T, TH","10:45 AM - 12:00 PM","Joseph, Michael","KY 334","30","30","In-Person",
"09","29309","MATH 231 (4, 4)","Linear Algebra I","T, TH","6:30 PM - 8:20 PM","Nevarez, Bryan","KY 320","20","20","In-Person",
"06","29433","MATH 231 (4, 4)","Linear Algebra I","T, TH","5:00 PM - 6:50 PM",", ","KY 334","10","15","In-Person",
"10","28839","MATH 231 (4, 4)","Linear Algebra I","T, TH","12:10 PM - 2:00 PM","Bedoya, Kevin","KY 326","20","20","In-Person",
"03","29416","MATH 231 (4, 4)","Linear Algebra I","T, TH","11:00 AM - 12:50 PM","Zakeri, Saeed","KY 320","20","20","In-Person",
"07","29343","MATH 231 (4, 4)","Linear Algebra I","M, W","3:45 PM - 5:35 PM","Wang, Adam","KY 434","20","20","In-Person",
"08","29335","MATH 231 (4, 4)","Linear Algebra I","M, W","2:15 PM - 4:05 PM","Berman, Gary","KY 414","19","20","In-Person",
"01","29373","MATH 231 (4, 4)","Linear Algebra I","M, W","6:30 PM - 8:20 PM","Jiang, Yunping","KY 334","20","20","In-Person",
"05","29414","MATH 231 (4, 4)","Linear Algebra I","T, TH","2:15 PM - 4:05 PM","Koroveshi, Blendi","KY 258","8","15","In-Person",
"03","29362","MATH 241 (3, 3)","Intro Prob &amp; Math Stat","M, W","1:40 PM - 2:55 PM","Ovchinnikov, Alexey","KY 273","18","20","In-Person",
"06","29310","MATH 241 (3, 3)","Intro Prob &amp; Math Stat","T, TH","5:00 PM - 6:15 PM","Nevarez, Bryan","KY 320","25","25","In-Person",
"07","29285","MATH 241 (3, 3)","Intro Prob &amp; Math Stat","T, TH","12:15 PM - 1:30 PM","Cina, Joseph","KY 412","19","20","In-Person",
"10","29282","MATH 241 (3, 3)","Intro Prob &amp; Math Stat","M, W","5:00 PM - 6:15 PM","Xu, Ruipeng","KY 424","16","20","In-Person",
"01","29501","MATH 241 (3, 3)","Intro Prob &amp; Math Stat","M, W","9:15 AM - 10:30 AM","Sisser, Fern","KY 242","25","25","In-Person",
"02","29500","MATH 241 (3, 3)","Intro Prob &amp; Math Stat","M, W","10:45 AM - 12:00 PM","Sisser, Fern","KY 242","25","25","In-Person",
"09","29283","MATH 241 (3, 3)","Intro Prob &amp; Math Stat","M, W","3:10 PM - 4:25 PM","Xu, Ruipeng","KY 258","11","15","In-Person",
"04","29421","MATH 241 (3, 3)","Intro Prob &amp; Math Stat","T, TH","7:45 AM - 9:00 AM","Miller, David","KY 434","13","15","In-Person",
"05","29418","MATH 241 (3, 3)","Intro Prob &amp; Math Stat","T, TH","9:15 AM - 10:30 AM","Miller, David","KY 434","20","20","In-Person",
"01","29515","MATH 242 (3, 3)","Methods Of Math Statistics","M, W","1:40 PM - 2:55 PM","Sisser, Fern","KY 242","30","30","In-Person",
"01","29273","MATH 245 (3, 3)","Mathematical Models","M, W","1:40 PM - 2:55 PM","Gangaram, Elliot","KY 320","30","30","In-Person",
"02","27376","MATH 301 (4, 4)","Abstract Algebra I","T, TH","12:10 PM - 2:00 PM","Adrian, Moshe","KY 422","13","15","In-Person",
"01","27377","MATH 301 (4, 4)","Abstract Algebra I","M, W","3:45 PM - 5:35 PM","Sabitova, Maria","KY 283","12","15","In-Person",
"01","29417","MATH 310 (4, 4)","Elementary Math Analysis","T, TH","1:40 PM - 3:30 PM","Zakeri, Saeed","KY 320","14","15","In-Person",
"02","29371","MATH 310 (4, 4)","Elementary Math Analysis","M, W","5:00 PM - 6:50 PM","Klosin, Krzysztof","KY 412","14","15","In-Person",
"01","28871","MATH 314 (4, 4)","Mathematical Analysis","M, W","5:00 PM - 6:50 PM","Saric, Dragomir","KY 420","0","15","In-Person",
"01","28870","MATH 334 (3, 3)","Graph Theory","M, W","1:40 PM - 2:55 PM","Sabitova, Maria","KY 283","11","15","In-Person",
"01","27383","MATH 340 (4, 4)","Probability Theory Data Sci","T, TH","2:15 PM - 4:05 PM","Gangaram, Elliot","KY 242","22","25","In-Person",
"01","27383","MATH 340 (4, 4)","Probability Theory Data Sci","T, TH","4:15 PM - 4:45 PM","Gangaram, Elliot","KY 242","22","25","In-Person",
"01","27509","MATH 341 (4, 4)","Statistical Theory Data Sci","W","5:45 PM - 6:35 PM","Nevarez, Bryan","KY 422","14","20","In-Person",
"01","27509","MATH 341 (4, 4)","Statistical Theory Data Sci","M, W","3:45 PM - 5:35 PM","Lee, Dan","KY 422","14","20","In-Person",
"02","28279","MATH 3903 (3, 3)","Studies in Mathematics","M, W","5:00 PM - 6:15 PM","Rong, Yongwu","KY 277","1","15","In-Person",
"01","28869","MATH 3903 (3, 3)","Studies in Mathematics","M, W","1:40 PM - 2:55 PM","Klosin, Krzysztof","KY 412","1","15","In-Person",
"01","29750","MATH 505 (3, 3)","Mathematical Problem Solving","M, W","10:45 AM - 12:00 PM","Gangaram, Elliot","KY 334","2","5","In-Person",
"01","28269","MATH 509 (3, 3)","Elementary Set Theory","T, TH","5:00 PM - 6:15 PM","Mitra, Sudeb","KY 422","4","10","In-Person",
"01","28268","MATH 518 (3, 3)","Euclidean Geometry","W","4:00 PM - 7:00 PM","Markinson, Mara","PH 008","1","10","In-Person",
"02","29752","MATH 601 (4, 4)","Abstract Algebra I","T, TH","12:10 PM - 2:00 PM","Adrian, Moshe","KY 422","2","5","In-Person",
"01","29751","MATH 601 (4, 4)","Abstract Algebra I","M, W","3:45 PM - 5:35 PM","Sabitova, Maria","KY 283","0","5","In-Person",
"01","28267","MATH 614 (4, 4)","Mathematical Analysis","M, W","5:00 PM - 6:50 PM","Saric, Dragomir","KY 420","4","10","In-Person",
"01","29753","MATH 624 (3, 3)","Numerical Analysis I","M, W","10:45 AM - 12:00 PM","Mitchell, Timothy","KY 417","2","8","In-Person",
"01","29275","MATH 626 (3, 3)","Mathematics and Logic","T, TH","5:00 PM - 6:15 PM","Miller, Russell","KY 420","12","15","In-Person",
"01","29370","MATH 630 (3, 3)","Differential Topology","M, W","1:40 PM - 2:55 PM","Lee, Dan","KY 422","3","15","In-Person",
"01","28266","MATH 634 (3, 3)","Graph Theory","M, W","1:40 PM - 2:55 PM","Sabitova, Maria","KY 283","4","5","In-Person",
"01","27365","MATH 640 (4, 4)","Proba Theory for Data Science","T, TH","4:15 PM - 4:45 PM","Gangaram, Elliot","KY 242","4","5","In-Person",
"01","27365","MATH 640 (4, 4)","Proba Theory for Data Science","T, TH","2:15 PM - 4:05 PM","Gangaram, Elliot","KY 242","4","5","In-Person",
"01","27364","MATH 641 (4, 4)","Statist Theory for Data Scienc","M, W","3:45 PM - 5:35 PM","Lee, Dan","KY 422","0","5","In-Person",
"01","27364","MATH 641 (4, 4)","Statist Theory for Data Scienc","W","5:45 PM - 6:35 PM","Nevarez, Bryan","KY 422","0","5","In-Person",
"01","28265","MATH 6903 (3, 3)","VT:Studies In Math","M, W","1:40 PM - 2:55 PM","Klosin, Krzysztof","KY 412","0","5","In-Person",
"02","28264","MATH 6903 (3, 3)","VT:Studies In Math","M, W","5:00 PM - 6:15 PM","Rong, Yongwu","KY 277","2","5","In-Person",
"01","29364","MATH 720 (3, 4.5)","Algebraic Topology","T, TH","6:30 PM - 7:45 PM","Mitra, Sudeb","KY 422","6","15","In-Person",
"001","31554","MEDST 100 (3, 3)","Media Technologies Gut to Int","&nbsp;"," - ","Yeo, Shinjoung","OL 01","52","80","Online Async",
"002","31558","MEDST 100 (3, 3)","Media Technologies Gut to Int","T, TH","9:15 AM - 10:30 AM","Maxwell, Richard","KY 264","18","80","Hybrid Sync",
"001","31564","MEDST 101 (3, 3)","The Contemporary Media","W","6:30 PM - 8:00 PM","Monroy, Juan","OL 01","40","40","Online Sync",
"002","31568","MEDST 101 (3, 3)","The Contemporary Media","M","1:40 PM - 4:30 PM","Tsika, Noah","KY 264","42","80","In-Person",
"001","31572","MEDST 103 (3, 3)","Interpersonal Communication","&nbsp;"," - ","Fasos, Sofia","OL 01","40","40","Online Async",
"002","31573","MEDST 103 (3, 3)","Interpersonal Communication","&nbsp;"," - ","Dryer, Tracy","OL 01","20","40","Online Async",
"001","31575","MEDST 143 (4, 3)","Hist of Cinema I: 1880-1930","&nbsp;"," - ","Grochowski, Thomas","OL 01","33","40","Online Async",
"001","31577","MEDST 146 (4, 3)","Hist of the Cine III:1970-2000","&nbsp;"," - ","Cornell, Julian","OL 01","68","80","Online Async",
"001","31580","MEDST 151 (3, 3)","Public Speaking","M","9:10 AM - 12:00 PM","Dryer, Tracy","OL 01","9","20","Online Sync",
"002","31581","MEDST 151 (3, 3)","Public Speaking","F","9:10 AM - 12:00 PM","Fasos, Sofia","KY 317","10","20","In-Person",
"001","27388","MEDST 160 (3, 3)","Advertising Aesthetics","T","1:40 PM - 4:30 PM","Cohen, James","KY 264","60","60","In-Person",
"001","31600","MEDST 201W (3, 3)","Media Criticism","M","9:10 AM - 12:00 PM","Grochowski, Thomas","KY 315","7","22","In-Person",
"002","31602","MEDST 201W (3, 3)","Media Criticism","W","9:10 AM - 12:00 PM","Arroyo, Brandon","KY 315","12","22","In-Person",
"003","31603","MEDST 201W (3, 3)","Media Criticism","F","1:30 PM - 3:00 PM","Monroy, Juan","OL 01","12","22","Online Sync",
"004","31609","MEDST 201W (3, 3)","Media Criticism","TH","6:30 PM - 8:00 PM","Monroy, Juan","OL 01","18","22","Online Sync",
"001","27457","MEDST 211 (3, 3)","Intro Sports Television","TH","10:30 AM - 1:30 PM","Cohen, Michael","KY 264","16","50","In-Person",
"002","27561","MEDST 222 (3, 3)","Intro to Public Relations","F","12:20 PM - 3:20 PM","Fasos, Sofia","KY 317","14","30","In-Person",
"001","27560","MEDST 222 (3, 3)","Intro to Public Relations","&nbsp;"," - ","Dryer, Tracy","OL 01","30","30","Online Async",
"003","31636","MEDST 223W (3, 3)","Media Writing","W","9:10 AM - 12:00 PM","Keifetz, Amanda","OL 01","25","25","Online Sync",
"002","27360","MEDST 223W (3, 3)","Media Writing","T","1:40 PM - 4:30 PM","Keifetz, Amanda","OL 01","25","25","Online Sync",
"001","27361","MEDST 223W (3, 3)","Media Writing","T","9:10 AM - 12:00 PM","Keifetz, Amanda","OL 01","25","25","Online Sync",
"001","31640","MEDST 240 (4, 3)","Styles of Cinema","TH","9:10 AM - 12:00 PM","Marinaccio, Ashley","KY 321","17","30","In-Person",
"003","31652","MEDST 241 (3, 3)","Multimedia","T","1:40 PM - 4:30 PM","Defelice, Andrea","OL 01","15","15","Online Sync",
"001","31649","MEDST 241 (3, 3)","Multimedia","TH","1:40 PM - 4:30 PM","Marcheschi, Dylan","MU 225H","10","12","In-Person",
"002","31651","MEDST 241 (3, 3)","Multimedia","W","1:40 PM - 4:30 PM","Marcheschi, Dylan","MU 225H","12","12","In-Person",
"001","31681","MEDST 243 (4, 3)","Introduction to Filmmaking","TH","9:10 AM - 1:00 PM","Ehrlich, Madeleine","MU 225H","6","12","In-Person",
"002","31683","MEDST 243 (4, 3)","Introduction to Filmmaking","T","9:10 AM - 1:00 PM","Beloff, Zoe","IB 212","6","12","In-Person",
"001","31684","MEDST 245 (3, 3)","Screenwriting","W","6:30 PM - 9:20 PM","Vetere, Richard","KY 248","12","22","In-Person",
"002","31685","MEDST 245 (3, 3)","Screenwriting","T","9:10 AM - 12:00 PM","Mccleave, Leslie","OL 01","14","22","Online Sync",
"001","31690","MEDST 255 (3, 3)","Social Media","T","1:40 PM - 4:30 PM","Chapdelaine, Joshua","SB C201","25","60","In-Person",
"001","27335","MEDST 258 (3, 3)","Intro  Motion Graphics &amp; Eff","TH","1:40 PM - 4:30 PM","Defelice, Andrea","OL 01","6","12","Online Sync",
"002","31695","MEDST 260 (3, 3)","Advertising and Marketing","M","6:30 PM - 9:20 PM","Laroche, Myrlene","KY 321","10","30","Hybrid Sync",
"001","31691","MEDST 260 (3, 3)","Advertising and Marketing","M","9:10 AM - 12:00 PM","Einstein, Mara","KY 321","30","30","In-Person",
"002","31699","MEDST 266 (3, 3)","Podcasting","T","9:10 AM - 12:00 PM","Chapdelaine, Joshua","MU 225H","12","12","In-Person",
"001","27381","MEDST 266 (3, 3)","Podcasting","M","1:40 PM - 4:30 PM","Chapdelaine, Joshua","MU 225H","12","12","In-Person",
"001","31701","MEDST 270 (3, 3)","Media and the Environment","T","1:40 PM - 4:30 PM","Maxwell, Richard","KY 315","5","22","In-Person",
"002","53726","MEDST 281 (3, 3)","Intermediate Studies in Media","W","1:40 PM - 4:30 PM","Arroyo, Brandon","KY 315","1","22","In-Person",
"001","31717","MEDST 281 (3, 3)","Intermediate Studies in Media","M","9:10 AM - 12:00 PM","Cohen, James","KY 323","19","25","In-Person",
"001","31721","MEDST 2993 (3, 3)","Internship","&nbsp;"," - ","Mccleave, Leslie"," ","1","10","Online Async",
"001","31729","MEDST 2996 (6, 6)","Internship","&nbsp;"," - ","Mccleave, Leslie"," ","0","10","Online Async",
"001","31735","MEDST 310 (4, 3)","Documentary Filmmaking","W","9:10 AM - 1:00 PM","Mccleave, Leslie","MU 225H","6","12","In-Person",
"001","31740","MEDST 311 (3, 1)","Media Practicum I","&nbsp;"," - ","Cohen, Michael"," ","2","3","Online Async",
"001","31741","MEDST 312 (3, 1)","Media Practicum II","&nbsp;"," - ",", "," ","0","10","Online Async",
"001","31750","MEDST 313 (4, 3)","Creative Sound Production","T","1:40 PM - 5:30 PM","Beloff, Zoe","MU 225H","5","12","In-Person",
"001","31752","MEDST 326W (3, 3)","Media and Activism","W","1:40 PM - 4:30 PM","Marinaccio, Ashley","OL 01","22","22","Online Sync",
"001","31757","MEDST 341W (3, 3)","Theory of Film","W","5:40 PM - 9:30 PM","Arroyo, Brandon","KY 315","7","22","In-Person",
"001","31759","MEDST 342W (3, 3)","Special Topics in Genre","W","9:10 AM - 12:00 PM","Cornell, Julian","KY 321","17","22","In-Person",
"001","31765","MEDST 343W (3, 3)","Nonfiction Forms","TH","1:40 PM - 4:30 PM","Marinaccio, Ashley","KY 321","22","22","In-Person",
"001","31772","MEDST 344W (3, 3)","Vt: Spec Tpcs Natl Cinemas","M","6:30 PM - 9:20 PM","Tsika, Noah","KY 315","10","17","In-Person",
"001","31776","MEDST 360 (3, 3)","Global Media","M","9:10 AM - 12:00 PM","Ehrlich, Madeleine","OL 01","15","22","Online Sync",
"001","27387","MEDST 363 (3, 3)","Advertising and Inequality","M","1:40 PM - 4:30 PM","Cohen, James","KY 315","22","22","In-Person",
"001","31794","MEDST 381 (3, 3)","Advanced Studies in Media","T","9:10 AM - 12:00 PM","Yeo, Shinjoung","KY 321","5","22","In-Person",
"002","31792","MEDST 381W (3, 3)","Advanced Studies in Media","M","1:40 PM - 5:30 PM","Fuqua, Joy","KY 321","1","17","In-Person",
"001","31797","MEDST 703 (3, 3)","Media and Social Justice","W","2:30 PM - 4:30 PM","Ehrlich, Madeleine","OC OFFCAMP","0","15","In-Person",
"002","31814","MEDST 758 (4, 3)","VT: Form and Genre","M","1:40 PM - 4:30 PM","Healey, Meghan","RA 205","0","4","In-Person",
"001","31798","MEDST 758 (4, 3)","VT: Form and Genre","W","6:00 PM - 8:00 PM","Rushkoff, Douglas","OC OFFCAMP","0","15","In-Person",
"001","27544","MEDST 790 (3, 3)","Thesis","&nbsp;"," - ",", "," ","0","1","Online Async",
"01","27244","MES 160 (3, 3)","Classical Islamic Lit &amp; Civil","M, W","3:10 PM - 4:25 PM","Beck, Kirsten","QH 265H","13","25","In-Person",
"01","27606","MES 170 (3, 3)","Islam","F","9:10 AM - 12:00 PM","Mohamed, Mohammed","QH 265H","3","25","In-Person",
"01","27243","MES 250 (3, 3)","Lit Islamic World","TH","9:15 AM - 10:30 AM","Nir, Oded","OL 01","12","12","Online Sync",
"01","27243","MES 250 (3, 3)","Lit Islamic World","T","9:15 AM - 10:30 AM","Beck, Kirsten","OL 01","12","12","Online Sync",
"02","28876","MES 250 (3, 3)","Lit Islamic World","TH","10:45 AM - 12:00 PM","Nir, Oded","OL 01","12","12","Online Sync",
"02","28876","MES 250 (3, 3)","Lit Islamic World","T","10:45 AM - 12:00 PM","Beck, Kirsten","OL 01","12","12","Online Sync",
"011","27571","MUSIC 001 (3, 3)","Introduction to Music","W","9:15 AM - 12:00 PM","Maron Ignaczak, Diana","MU 263","9","35","In-Person",
"003","28153","MUSIC 001 (3, 3)","Introduction to Music","M, W","10:45 AM - 12:00 PM",", ","MU 265","23","25","In-Person",
"010","28147","MUSIC 001 (3, 3)","Introduction to Music","M","1:40 PM - 4:25 PM","Ahn, Dongmyung","MU 263","11","35","In-Person",
"008","28149","MUSIC 001 (3, 3)","Introduction to Music","&nbsp;"," - ","Wrigley, Robert","OL 02","35","35","Online Async",
"006","28150","MUSIC 001 (3, 3)","Introduction to Music","T","9:15 AM - 12:00 PM","Yom, Michelle","MU 263","7","35","In-Person",
"005","28151","MUSIC 001 (3, 3)","Introduction to Music","T","1:40 PM - 4:25 PM","Yom, Michelle","MU 263","17","35","In-Person",
"004","28152","MUSIC 001 (3, 3)","Introduction to Music","M, W","9:15 AM - 10:30 AM","Williams, Lindsey","MU 265","34","35","In-Person",
"012","27567","MUSIC 001 (3, 3)","Introduction to Music","W","1:40 PM - 4:25 PM","Maron Ignaczak, Diana","MU 263","5","35","In-Person",
"001","28161","MUSIC 001 (3, 3)","Introduction to Music","T, TH","10:45 AM - 12:00 PM",", ","MU 265","23","25","In-Person",
"002","28160","MUSIC 001 (3, 3)","Introduction to Music","T, TH"," - ",", "," ","0","25","In-Person",
"009","28148","MUSIC 001 (3, 3)","Introduction to Music","M","9:15 AM - 12:00 PM","Ahn, Dongmyung","MU 263","17","35","In-Person",
"001","27259","MUSIC 068 (2, 1)","Balinese Gamelan Ensemble","M","7:00 PM - 8:50 PM","Trumpy, Frederick","MU 270","0","15","In-Person",
"001","27120","MUSIC 071 (2, 1)","Basic Mus:Ss &amp; Dict","T, TH","11:10 AM - 12:00 PM","Choi, Hang Ki","MU 351","1","15","In-Person",
"001","27137","MUSIC 073 (2, 1)","Basic Mus:Theory","T, TH","10:05 AM - 10:55 AM","Chernov, Eric","MU 351","1","15","In-Person",
"001","27113","MUSIC 074 (2, 1)","Piano Skills I","T, TH","12:15 PM - 1:05 PM","Choi, Hang Ki","MU 314","1","15","In-Person",
"002","27087","MUSIC 074 (2, 1)","Piano Skills I","M, W","1:40 PM - 2:30 PM","Nitzberg, Roy","MU 314","0","15","In-Person",
"001","27083","MUSIC 075 (2, 1)","Piano Skills II","M, W","10:40 AM - 11:30 AM","Nitzberg, Roy","MU 314","3","15","In-Person",
"001","27453","MUSIC 100 (0, 0)","Recital Attendance","&nbsp;"," - ","Phillips, Daniel"," ","64","120","In-Person",
"005","28143","MUSIC 121 (3, 3)","Writing about Music","M, W","1:40 PM - 2:55 PM","Campbell, Lindsay","MU 265","5","25","In-Person",
"004","27598","MUSIC 121 (3, 3)","Writing about Music","F","10:45 AM - 1:30 PM","Cohen, Wayne","OL 01","21","25","Online Sync",
"003","27601","MUSIC 121 (3, 3)","Writing about Music","M, W","10:45 AM - 12:00 PM","John, Emily","MU 214","3","25","In-Person",
"MAJR","27599","MUSIC 121 (3, 3)","Writing about Music","M, W","10:45 AM - 12:00 PM","Henson, Karen","MU 351","8","25","In-Person",
"002","27597","MUSIC 121 (3, 3)","Writing about Music","M, W","1:40 PM - 2:55 PM","Keller, Saskia","MU 351","2","25","In-Person",
"001","27595","MUSIC 122 (3, 3)","Writing Musical Culture","M, W","9:15 AM - 10:30 AM","Banerjee, Nandini","MU 206","3","25","In-Person",
"002","27596","MUSIC 122 (3, 3)","Writing Musical Culture","M, W","10:45 AM - 12:00 PM","Banerjee, Nandini","MU 206","20","25","In-Person",
"001","27673","MUSIC 129 (3, 1)","Italian Diction for Singers","F","1:40 PM - 3:30 PM","Gill, Donna","MU 214","8","20","In-Person",
"VOC2","43884","MUSIC 149 (1, 1)","Individual Study Perform II","&nbsp;"," - ","Overholt, Sheryl"," ","0","1","In-Person",
"VOC3","43912","MUSIC 149 (1, 1)","Individual Study Perform II","&nbsp;"," - ","Toohey, Jennifer"," ","1","1","In-Person",
"VOC4","43918","MUSIC 149 (1, 1)","Individual Study Perform II","&nbsp;"," - ","Wannigman, Andrew"," ","1","1","In-Person",
"VOC1","43828","MUSIC 149 (1, 1)","Individual Study Perform II","&nbsp;"," - ","Burkot, Louis"," ","1","1","In-Person",
"TBA1","43850","MUSIC 149 (1, 1)","Individual Study Perform II","&nbsp;"," - ","Fisk, Ryan"," ","2","2","In-Person",
"VLA1","53777","MUSIC 151 (1, 3)","Major Study in Performance I","&nbsp;"," - ","Williams, Gregory"," ","1","1","In-Person",
"CEL1","43900","MUSIC 152 (1, 3)","Major Study in Performance II","&nbsp;"," - ","Rosen, Marcy"," ","0","1","In-Person",
"VOC1","43864","MUSIC 152 (1, 3)","Major Study in Performance II","&nbsp;"," - ","Klein, Daniel"," ","1","1","In-Person",
"VOC2","43885","MUSIC 152 (1, 3)","Major Study in Performance II","&nbsp;"," - ","Overholt, Sheryl"," ","1","1","In-Person",
"001","27639","MUSIC 1561 (3, 1)","Queens College Choral Society","W","7:30 PM - 9:45 PM","John, James","MU 270","8","30","In-Person",
"001","27831","MUSIC 161 (3, 1)","Grp Instruct in Upper Strings","M, W","6:10 PM - 7:25 PM","Davis, Susan","MU 214","6","20","In-Person",
"001","27408","MUSIC 164 (3, 1)","Group Instruction in Guitar","M","6:40 PM - 9:30 PM","Davis, Eric","MU 263","9","15","In-Person",
"001","27739","MUSIC 166 (3, 1)","Group Instruction in Voice","F","4:35 PM - 7:05 PM",", ","MU 214","9","15","In-Person",
"001","27761","MUSIC 167 (3, 1)","Group Instruction in Brass","M, W","4:40 PM - 5:55 PM","Johnson, Rudy","MU 214","6","15","In-Person",
"002","27056","MUSIC 171 (3, 2)","Sight Singing and Dictation I","T, TH, F","11:10 AM - 12:00 PM","Schober, David","MU 363","12","15","In-Person",
"001","27127","MUSIC 171 (3, 2)","Sight Singing and Dictation I","T, TH, F","11:10 AM - 12:00 PM","Chernov, Eric","MU 353","8","15","In-Person",
"002","27058","MUSIC 172 (3, 2)","Sight Singing and Dictation II","T, TH, F","11:10 AM - 12:00 PM","Praskurnin, Vlad","MU 314","14","15","In-Person",
"001","27151","MUSIC 173 (3, 3)","Harmny, Cntrpt &amp; Keyboard I","F","8:00 AM - 9:00 AM","Anson-Cartwright, Mark","MU 351","11","15","In-Person",
"002","27131","MUSIC 173 (3, 3)","Harmny, Cntrpt &amp; Keyboard I","F","8:00 AM - 9:00 AM","Chernov, Eric","MU 353","8","15","In-Person",
"002","27131","MUSIC 173 (3, 3)","Harmny, Cntrpt &amp; Keyboard I","T, TH","9:00 AM - 9:50 AM","Chernov, Eric","MU 351","8","15","In-Person",
"001","27151","MUSIC 173 (3, 3)","Harmny, Cntrpt &amp; Keyboard I","T, TH","9:00 AM - 9:50 AM","Anson-Cartwright, Mark","MU 353","11","15","In-Person",
"001","27101","MUSIC 174 (3, 3)","Hrmny, Cntrpt &amp; Kybrd Sklls II","T, TH, F","10:05 AM - 10:55 AM","Nitzberg, Roy","MU 314","14","15","In-Person",
"PNO1","43875","MUSIC 188 (.5, 1)","Indiv Stdy Prfrmnce II","&nbsp;"," - ","Luo, Fang"," ","0","1","In-Person",
"VOC1","43863","MUSIC 188 (.5, 1)","Indiv Stdy Prfrmnce II","&nbsp;"," - ","Klein, Daniel"," ","0","1","In-Person",
"VOC2","43913","MUSIC 188 (.5, 1)","Indiv Stdy Prfrmnce II","&nbsp;"," - ","Toohey, Jennifer"," ","0","2","In-Person",
"001","27378","MUSIC 244 (2, 1)","Baroque Ensemble","W","1:40 PM - 3:30 PM","Maki, Masayuki"," ","3","12","In-Person",
"001","28131","MUSIC 247 (3, 3)","Western Music History II","M, W","10:45 AM - 12:00 PM","Spahn, Madison","MU 226","30","25","In-Person",
"VOC2","43882","MUSIC 248 (1, 1)","Individual Study Perform III","&nbsp;"," - ","Nessinger, Mary"," ","3","3","In-Person",
"CEL1","43903","MUSIC 248 (1, 1)","Individual Study Perform III","&nbsp;"," - ","Rosen, Marcy"," ","0","1","In-Person",
"SAX1","43911","MUSIC 248 (1, 1)","Individual Study Perform III","&nbsp;"," - ","Ruedeman, Timothy"," ","3","4","In-Person",
"FLT1","43802","MUSIC 248 (1, 1)","Individual Study Perform III","&nbsp;"," - ","Alampi, Michael"," ","2","2","In-Person",
"VOC3","43914","MUSIC 248 (1, 1)","Individual Study Perform III","&nbsp;"," - ","Toohey, Jennifer"," ","1","1","In-Person",
"VLA1","43921","MUSIC 248 (1, 1)","Individual Study Perform III","&nbsp;"," - ","Williams, Gregory"," ","1","1","In-Person",
"GTR1","43808","MUSIC 248 (1, 1)","Individual Study Perform III","&nbsp;"," - ","Anderson, William"," ","1","1","In-Person",
"TBN1","43819","MUSIC 248 (1, 1)","Individual Study Perform III","&nbsp;"," - ","Avitsur, Haim"," ","1","1","In-Person",
"PNO1","43824","MUSIC 248 (1, 1)","Individual Study Perform III","&nbsp;"," - ","Bracic, Javor"," ","1","1","In-Person",
"CLR1","43844","MUSIC 248 (1, 1)","Individual Study Perform III","&nbsp;"," - ","Dover, Mark"," ","0","1","In-Person",
"VLN1","43860","MUSIC 248 (1, 1)","Individual Study Perform III","&nbsp;"," - ","Katz, Samuel"," ","2","2","In-Person",
"VOC1","43865","MUSIC 248 (1, 1)","Individual Study Perform III","&nbsp;"," - ","Klein, Daniel"," ","1","2","In-Person",
"FLT2","43877","MUSIC 248 (1, 1)","Individual Study Perform III","&nbsp;"," - ","Mendenhall, Judith"," ","1","1","In-Person",
"VLA1","43922","MUSIC 249 (1, 1)","Individual Study Perform IV","&nbsp;"," - ","Williams, Gregory"," ","1","1","In-Person",
"SAX1","43908","MUSIC 251 (1, 3)","Major Study in Performance III","&nbsp;"," - ","Ruedeman, Timothy"," ","0","1","In-Person",
"PNO1","43862","MUSIC 251 (1, 3)","Major Study in Performance III","&nbsp;"," - ","Kim, Yuri"," ","1","1","In-Person",
"HRN1","43856","MUSIC 251 (1, 3)","Major Study in Performance III","&nbsp;"," - ","Jolley, David"," ","3","3","In-Person",
"OBO1","43833","MUSIC 251 (1, 3)","Major Study in Performance III","&nbsp;"," - ","Chen, Hsuan-Fong"," ","1","1","In-Person",
"VOC1","43831","MUSIC 251 (1, 3)","Major Study in Performance III","&nbsp;"," - ","Burkot, Louis"," ","1","1","In-Person",
"VLA1","43827","MUSIC 251 (1, 3)","Major Study in Performance III","&nbsp;"," - ","Braude, Arie"," ","1","1","In-Person",
"TBN1","43820","MUSIC 251 (1, 3)","Major Study in Performance III","&nbsp;"," - ","Avitsur, Haim"," ","1","1","In-Person",
"GTR1","43810","MUSIC 251 (1, 3)","Major Study in Performance III","&nbsp;"," - ","Anderson, William"," ","1","1","In-Person",
"VLA2","43923","MUSIC 251 (1, 3)","Major Study in Performance III","&nbsp;"," - ","Williams, Gregory"," ","1","1","In-Person",
"VOC3","43919","MUSIC 251 (1, 3)","Major Study in Performance III","&nbsp;"," - ","Wannigman, Andrew"," ","1","1","In-Person",
"VLN1","43806","MUSIC 251 (1, 3)","Major Study in Performance III","&nbsp;"," - ","Ahn, Dongmyung"," ","0","1","In-Person",
"PRC1","43872","MUSIC 251 (1, 3)","Major Study in Performance III","&nbsp;"," - ","Lipsey, Michael"," ","2","2","In-Person",
"VOC2","43886","MUSIC 251 (1, 3)","Major Study in Performance III","&nbsp;"," - ","Overholt, Sheryl"," ","1","1","In-Person",
"GTR1","43811","MUSIC 252 (1, 3)","Major Study in Performance IV","&nbsp;"," - ","Anderson, William"," ","1","1","In-Person",
"001","27336","MUSIC 2531 (3, 1)","Symphonic Wind Ensemble","T, TH","6:40 PM - 8:30 PM",", ","MU 270","21","30","In-Person",
"001","27275","MUSIC 254 (4, 1)","Treble Choir","M, W","4:40 PM - 6:30 PM","Thomas, Joslyn","MU 264","5","20","In-Person",
"002","27515","MUSIC 2551 (1, 1)","Chamber Mus or Small Ensemble","&nbsp;"," - ","Jolley, David"," ","3","35","In-Person",
"001","27520","MUSIC 2551 (1, 1)","Chamber Mus or Small Ensemble","&nbsp;"," - ","Rosen, Marcy"," ","11","35","In-Person",
"002","27545","MUSIC 2552 (2, 2)","Chamber Mus or Small Ensemble","&nbsp;"," - ","Jolley, David"," ","0","35","In-Person",
"001","27546","MUSIC 2552 (2, 2)","Chamber Mus or Small Ensemble","&nbsp;"," - ","Rosen, Marcy"," ","0","35","In-Person",
"001","27477","MUSIC 2561 (2, 1)","Opera Studio","T, TH","3:10 PM - 6:00 PM","Kim, Youn","MU 270","9","25","In-Person",
"001","27477","MUSIC 2561 (2, 1)","Opera Studio","T, TH","3:10 PM - 6:00 PM","Sheerin, Alexander","MU 270","9","25","In-Person",
"BRSS","27609","MUSIC 2571 (2, 1)","Ensemble Related Instruments","TH","1:10 PM - 3:00 PM","Jolley, David","MU 270","10","15","In-Person",
"NOTA","27392","MUSIC 2571 (2, 1)","Ensemble Related Instruments","&nbsp;"," - ","Lipsey, Michael"," ","3","10","In-Person",
"SAX","27299","MUSIC 2571 (2, 1)","Ensemble Related Instruments","W","7:00 PM - 8:50 PM","Ruedeman, Timothy","MU 226","3","10","In-Person",
"GUIT","27713","MUSIC 2571 (2, 1)","Ensemble Related Instruments","W","12:15 PM - 1:30 PM","Anderson, William","MU 226","3","5","In-Person",
"PERC","27446","MUSIC 2571 (2, 1)","Ensemble Related Instruments","F","3:40 PM - 5:30 PM","Trumpy, Frederick","MU 270","4","10","In-Person",
"001","27697","MUSIC 2591 (5, 1)","Orchestra","T, TH","4:40 PM - 7:30 PM","Cho, Yoon Sang","MU 260","25","50","In-Person",
"001","27777","MUSIC 261 (3, 3)","Music Child Elem Ed","M, W","9:15 AM - 10:30 AM","John, Emily","MU 214","3","25","In-Person",
"001","27732","MUSIC 265 (2, 1)","Applied Keyboard Skills","T","6:40 PM - 8:20 PM",", ","MU 314","8","15","In-Person",
"001","27918","MUSIC 266 (3, 2)","Vocal Pedagogy","W","6:40 PM - 9:30 PM","Blyskal, Elena","MU 310","6","15","In-Person",
"001","27898","MUSIC 267 (3, 3)","Introduction Music Education","M, W","1:40 PM - 2:55 PM","Cali, Claudia","MU 214","18","20","In-Person",
"001","27862","MUSIC 268W (3, 3)","The School Choral Program","TH","6:00 PM - 8:30 PM","Norris, Edward","MU 214","3","15","In-Person",
"001","27790","MUSIC 269W (3, 3)","School Instrumental Program","M, W","7:40 PM - 8:55 PM",", ","MU 214","4","20","In-Person",
"001","27647","MUSIC 270 (3, 2)","Conducting I","TH","1:40 PM - 2:55 PM","John, James","MU 214","15","15","In-Person",
"001","27647","MUSIC 270 (3, 2)","Conducting I","T","1:40 PM - 2:55 PM","John, James","MU 270","15","15","In-Person",
"001","27061","MUSIC 271 (3, 2)","Sight Singing/Dict III","T, TH","10:50 AM - 12:05 PM","Saylor, Bruce","MU 308","13","15","In-Person",
"002","27065","MUSIC 272 (3, 2)","Sight Singing and Dictation IV","T, TH, F","12:15 PM - 1:05 PM","Schober, David","MU 363","8","15","In-Person",
"002","27057","MUSIC 273 (3, 3)","Hrmny, Cntrpt &amp; Kybrd Skls III","T, TH, F","9:00 AM - 9:50 AM","Schober, David","MU 363","8","15","In-Person",
"001","27096","MUSIC 273 (3, 3)","Hrmny, Cntrpt &amp; Kybrd Skls III","T, TH, F","9:00 AM - 9:50 AM","Nitzberg, Roy","MU 314","6","15","In-Person",
"001","27064","MUSIC 274 (3, 3)","Hrmny, Cntrpt &amp; Kybrd Skls IV","T, TH, F","10:05 AM - 10:55 AM","Rabinovitch, Gilad","MU 353","9","15","In-Person",
"PERC","27432","MUSIC 282 (2, 1)","Vt: Srvy Rptry Maj Instr &amp; Vce","M","3:10 PM - 4:25 PM","Lipsey, Michael","MU 273","4","10","In-Person",
"STRG","27326","MUSIC 282 (2, 1)","Vt: Srvy Rptry Maj Instr &amp; Vce","M","4:40 PM - 6:30 PM","Rosen, Marcy","MU 226","4","10","In-Person",
"STRG","27326","MUSIC 282 (2, 1)","Vt: Srvy Rptry Maj Instr &amp; Vce","M","4:40 PM - 6:30 PM","Phillips, Daniel","MU 226","4","10","In-Person",
"PNO","27468","MUSIC 282 (2, 1)","Vt: Srvy Rptry Maj Instr &amp; Vce","M","3:10 PM - 4:25 PM","Liccardo, Joseph","MU 226","3","10","In-Person",
"WNDS","27363","MUSIC 282 (2, 1)","Vt: Srvy Rptry Maj Instr &amp; Vce","M","4:40 PM - 6:25 PM","Mendenhall, Judith","MU 308","4","10","In-Person",
"VCE","29657","MUSIC 282 (2, 1)","Vt: Srvy Rptry Maj Instr &amp; Vce","M","2:40 PM - 4:30 PM","Overholt, Sheryl","MU 264","8","20","In-Person",
"BRSS","27593","MUSIC 282 (2, 1)","Vt: Srvy Rptry Maj Instr &amp; Vce","M","3:10 PM - 4:55 PM","Jolley, David","MU 302C","6","15","In-Person",
"001","27282","MUSIC 286 (2, 1)","Practical Accompanying","&nbsp;"," - ","Schober, David"," ","2","5","In-Person",
"VLA1","43926","MUSIC 287 (.5, 1)","Indiv Stdy Prfrmnce III","&nbsp;"," - ","Williams, Gregory"," ","0","2","In-Person",
"BBND","28052","MUSIC 2911 (3, 1)","Jazz Band and Ensembles","T, TH","8:30 PM - 9:45 PM","Armacost, Timothy","MU 270","12","25","In-Person",
"001","27407","MUSIC 301W (3, 3)","Topics in Musicology","W","9:15 AM - 12:00 PM","Rabinovitch, Gilad","MU 308","6","25","In-Person",
"002","27183","MUSIC 314 (3, 3)","Recording Studio Fundamentals","W","1:40 PM - 4:25 PM","Segerson, Fawn","MU 268","3","15","Hybrid Sync",
"001","27199","MUSIC 314 (3, 3)","Recording Studio Fundamentals","W","5:00 PM - 7:50 PM","Segerson, Fawn","MU 268","4","15","Hybrid Sync",
"001","27171","MUSIC 317 (3, 3)","Songwriting","F","3:00 PM - 5:50 PM","Merkin, Robert","OL 01","6","15","Online Sync",
"001","27060","MUSIC 329 (2, 1)","Composer&#39;s Workshop","T","7:40 PM - 9:30 PM","Saylor, Bruce","MU 310","0","15","In-Person",
"001","27247","MUSIC 336 (3, 3)","Audio and MIDI Sequencing II","TH","5:00 PM - 7:50 PM","Moss, William","MU 268","5","15","Hybrid Sync",
"001","27216","MUSIC 339 (3, 3)","Film Scoring I","M","5:00 PM - 7:50 PM","Calandra, Peter","OL 01","1","15","Online Sync",
"001","27230","MUSIC 340 (3, 3)","Digital Record and  Composi I","T","5:00 PM - 7:50 PM","Calandra, Peter","MU 268","6","15","Hybrid Sync",
"VOC2","43866","MUSIC 348 (1, 1)","Individual Study Perform V","&nbsp;"," - ","Klein, Daniel"," ","3","2","In-Person",
"VLN1","43861","MUSIC 348 (1, 1)","Individual Study Perform V","&nbsp;"," - ","Katz, Samuel"," ","0","1","In-Person",
"PNO1","43826","MUSIC 348 (1, 1)","Individual Study Perform V","&nbsp;"," - ","Bracic, Javor"," ","0","1","In-Person",
"FLT1","43803","MUSIC 348 (1, 1)","Individual Study Perform V","&nbsp;"," - ","Alampi, Michael"," ","0","1","In-Person",
"CLR1","43847","MUSIC 348 (1, 1)","Individual Study Perform V","&nbsp;"," - ","Dover, Mark"," ","1","1","In-Person",
"VOC1","43838","MUSIC 348 (1, 1)","Individual Study Perform V","&nbsp;"," - ","Crouse, Rose-Marie"," ","1","1","In-Person",
"OBO1","43836","MUSIC 348 (1, 1)","Individual Study Perform V","&nbsp;"," - ","Chen, Hsuan-Fong"," ","0","1","In-Person",
"BSS1","43870","MUSIC 348 (1, 1)","Individual Study Perform V","&nbsp;"," - ","Krekeler, Daniel"," ","1","1","In-Person",
"VLN2","43892","MUSIC 348 (1, 1)","Individual Study Perform V","&nbsp;"," - ","Phillips, Daniel"," ","1","1","In-Person",
"BSS1","43871","MUSIC 349 (1, 1)","Individual Study Perform VI","&nbsp;"," - ","Krekeler, Daniel"," ","1","1","In-Person",
"VOC1","43915","MUSIC 349 (1, 1)","Individual Study Perform VI","&nbsp;"," - ","Toohey, Jennifer"," ","1","1","In-Person",
"FLT1","43804","MUSIC 351 (1, 3)","Major Study in Performance V","&nbsp;"," - ","Alampi, Michael"," ","0","1","In-Person",
"CEL1","43905","MUSIC 351 (1, 3)","Major Study in Performance V","&nbsp;"," - ","Rosen, Marcy"," ","1","1","In-Person",
"VOC2","43888","MUSIC 351 (1, 3)","Major Study in Performance V","&nbsp;"," - ","Overholt, Sheryl"," ","1","1","In-Person",
"VOC1","43867","MUSIC 351 (1, 3)","Major Study in Performance V","&nbsp;"," - ","Klein, Daniel"," ","0","1","In-Person",
"CLR1","43849","MUSIC 351 (1, 3)","Major Study in Performance V","&nbsp;"," - ","Dover, Mark"," ","1","1","In-Person",
"TPT1","43852","MUSIC 351 (1, 3)","Major Study in Performance V","&nbsp;"," - ","Hoyt, Thomas"," ","0","1","In-Person",
"TBN1","43821","MUSIC 351 (1, 3)","Major Study in Performance V","&nbsp;"," - ","Avitsur, Haim"," ","1","1","In-Person",
"PNO1","54870","MUSIC 351 (1, 3)","Major Study in Performance V","&nbsp;"," - ","Luo, Fang"," ","1","1","In-Person",
"VLN1","43981","MUSIC 351 (1, 3)","Major Study in Performance V","&nbsp;"," - ","Phillips, Daniel"," ","0","1","In-Person",
"VOC3","43920","MUSIC 351 (1, 3)","Major Study in Performance V","&nbsp;"," - ","Wannigman, Andrew"," ","0","1","In-Person",
"VOC1","52646","MUSIC 352 (1, 3)","Major Study in Performance VI","&nbsp;"," - ","Overholt, Sheryl"," ","0","1","In-Person",
"FLT1","43878","MUSIC 352 (1, 3)","Major Study in Performance VI","&nbsp;"," - ","Mendenhall, Judith"," ","0","1","In-Person",
"SAX1","43910","MUSIC 352 (1, 3)","Major Study in Performance VI","&nbsp;"," - ","Ruedeman, Timothy"," ","0","1","In-Person",
"001","27626","MUSIC 3561 (2, 1)","Vocal Ensemble","M, W","4:40 PM - 6:30 PM","John, James","MU 270","14","30","In-Person",
"001","27626","MUSIC 3561 (2, 1)","Vocal Ensemble","M, W","4:40 PM - 6:30 PM","John, James","MU 270","14","30","In-Person",
"001","27880","MUSIC 365 (3, 2)","Sem in Tchg Music: Elem","T","4:35 PM - 7:05 PM",", ","MU 214","0","15","In-Person",
"001","27779","MUSIC 366 (3, 2)","Seminar in the Teaching of Mus","M, W","3:10 PM - 4:25 PM",", ","MU 214","6","20","In-Person",
"001","27805","MUSIC 369 (6, 6)","Student Teaching in Music","T","4:40 PM - 6:30 PM","Davis, Susan","MU 206","2","12","In-Person",
"001","27062","MUSIC 374 (3, 3)","Musical Techniques 20th Cent","T, TH","12:15 PM - 1:30 PM","Saylor, Bruce","MU 353","10","15","In-Person",
"001","27144","MUSIC 377 (3, 3)","Musical Form and Analysis","T, TH","10:40 AM - 11:55 AM","Anson-Cartwright, Mark","MU 206","8","20","In-Person",
"001","27106","MUSIC 381 (3, 2)","Arrang/Compos School Ensembles","T, TH","9:10 AM - 10:25 AM","Nichols, Jeff","MU 206","9","15","In-Person",
"VOC1","43868","MUSIC 387 (.5, 1)","Indiv Stdy Prfrmnce V","&nbsp;"," - ","Klein, Daniel"," ","0","1","In-Person",
"PNO1","43851","MUSIC 387 (.5, 1)","Indiv Stdy Prfrmnce V","&nbsp;"," - ","Hong, Sahun"," ","0","1","In-Person",
"BUSI","27999","MUSIC 3913 (3, 3)","Special Problems","M","2:00 PM - 4:50 PM","Mossman, Michael","MU 206","1","20","In-Person",
"FLT1","43879","MUSIC 451 (1, 3)","Major Study in Performance VII","&nbsp;"," - ","Mendenhall, Judith"," ","0","1","In-Person",
"VOC2","43889","MUSIC 451 (1, 3)","Major Study in Performance VII","&nbsp;"," - ","Overholt, Sheryl"," ","2","2","In-Person",
"VLN1","43893","MUSIC 451 (1, 3)","Major Study in Performance VII","&nbsp;"," - ","Phillips, Daniel"," ","1","1","In-Person",
"PRC1","43873","MUSIC 451 (1, 3)","Major Study in Performance VII","&nbsp;"," - ","Lipsey, Michael"," ","1","1","In-Person",
"TBN1","43822","MUSIC 451 (1, 3)","Major Study in Performance VII","&nbsp;"," - ","Avitsur, Haim"," ","1","1","In-Person",
"VOC3","43916","MUSIC 451 (1, 3)","Major Study in Performance VII","&nbsp;"," - ","Toohey, Jennifer"," ","2","2","In-Person",
"VOC1","43869","MUSIC 451 (1, 3)","Major Study in Performance VII","&nbsp;"," - ","Klein, Daniel"," ","0","1","In-Person",
"TPT1","43854","MUSIC 452 (1, 3)","Private Lessons VIII","&nbsp;"," - ","Hoyt, Thomas"," ","0","1","In-Person",
"001","27631","MUSIC 606 (3, 1)","Queens College Choral Society","W","7:30 PM - 9:45 PM","John, James","MU 270","1","30","In-Person",
"001","27793","MUSIC 641 (3, 3)","Teaching of Instrumental Music","M, W","7:40 PM - 8:55 PM",", ","MU 214","2","20","In-Person",
"001","27867","MUSIC 642 (3, 3)","Teaching of Choral Music","TH","6:00 PM - 8:30 PM","Norris, Edward","MU 214","8","15","In-Person",
"001","27809","MUSIC 644 (16, 6)","Student Teaching in Music","T","4:40 PM - 6:30 PM","Davis, Susan","MU 206","3","12","In-Person",
"001","27883","MUSIC 645 (3, 3)","Seminar in Teaching Music: Ele","T","4:35 PM - 7:05 PM",", ","MU 214","3","15","In-Person",
"001","27782","MUSIC 646 (3, 3)","Seminar in Teaching Music: Sec","M, W","3:10 PM - 4:25 PM",", ","MU 214","4","20","In-Person",
"001","52645","MUSIC 659 (3, 3)","General Music Elementar School","T","4:35 PM - 7:05 PM",", ","MU 214","2","5","In-Person",
"001","27836","MUSIC 661 (3, 1)","Group Instruction in Upper Str","M, W","6:10 PM - 7:25 PM","Davis, Susan","MU 214","2","20","In-Person",
"001","44171","MUSIC 664 (3, 1)","Group Instruction in Guitar","M","6:40 PM - 9:30 PM","Davis, Eric","MU 263","1","15","In-Person",
"001","27922","MUSIC 666 (3, 2)","Vocal Pedagogy","W","6:40 PM - 9:30 PM","Blyskal, Elena","MU 310","5","15","In-Person",
"001","27764","MUSIC 667 (3, 1)","Group Instruction in Brass","M, W","4:40 PM - 5:55 PM","Johnson, Rudy","MU 214","3","15","In-Person",
"001","27754","MUSIC 670 (3, 3)","Advanced Conducting","T","5:00 PM - 7:50 PM","Koppeis, Stephanie","MU 264","5","20","In-Person",
"001","27500","MUSIC 678 (3, 3)","Intro to Research Mus Educ","W","5:00 PM - 7:50 PM","Cali, Claudia","MU 206","5","20","In-Person",
"001","27748","MUSIC 689 (3, 3)","Topics In Music Education","&nbsp;"," - ","Davis, Susan","OL 02","8","20","Online Async",
"001","27822","MUSIC 693 (3, 3)","Inquiry In Mus Educ","&nbsp;"," - ","Davis, Susan","OL 02","2","20","Online Async",
"001","28126","MUSIC 700 (3, 3)","Bibliography &amp; Research Techni","M","1:40 PM - 4:25 PM","Wilbourne, Emily","MU 310","0","15","In-Person",
"001","28130","MUSIC 701 (2, 2)","Writing about Music","F","10:05 AM - 11:55 AM","Shironishi, Ruka","OL 01","0","15","Online Sync",
"CEL1","43907","MUSIC 709 (1, 3)","Indiv Musical Performance III","&nbsp;"," - ","Rosen, Marcy"," ","0","1","In-Person",
"PRC1","43874","MUSIC 709 (1, 3)","Indiv Musical Performance III","&nbsp;"," - ","Lipsey, Michael"," ","0","1","In-Person",
"VLN1","43894","MUSIC 709 (1, 3)","Indiv Musical Performance III","&nbsp;"," - ","Phillips, Daniel"," ","0","1","In-Person",
"VOC2","43890","MUSIC 709 (1, 3)","Indiv Musical Performance III","&nbsp;"," - ","Overholt, Sheryl"," ","0","3","In-Person",
"VOC1","43832","MUSIC 709 (1, 3)","Indiv Musical Performance III","&nbsp;"," - ","Burkot, Louis"," ","0","2","In-Person",
"FLT1","43880","MUSIC 709 (1, 3)","Indiv Musical Performance III","&nbsp;"," - ","Mendenhall, Judith"," ","0","1","In-Person",
"CND1","43837","MUSIC 709 (1, 3)","Indiv Musical Performance III","&nbsp;"," - ","Cho, Yoon Sang"," ","0","1","In-Person",
"CND2","43855","MUSIC 709 (1, 3)","Indiv Musical Performance III","&nbsp;"," - ","John, James"," ","0","1","In-Person",
"HRN1","43857","MUSIC 709 (1, 3)","Indiv Musical Performance III","&nbsp;"," - ","Jolley, David"," ","0","1","In-Person",
"001","27188","MUSIC 714 (3, 3)","Recording Studio Fundamentals","W","5:00 PM - 7:50 PM","Segerson, Fawn","MU 268","2","15","Hybrid Sync",
"002","27175","MUSIC 714 (3, 3)","Recording Studio Fundamentals","W","1:40 PM - 4:25 PM","Segerson, Fawn","MU 268","0","15","Hybrid Sync",
"001","27166","MUSIC 717 (3, 3)","Songwriting","F","3:00 PM - 5:50 PM","Merkin, Robert","OL 01","0","15","Online Sync",
"001","27659","MUSIC 721 (3, 3)","Music Business","M","2:00 PM - 4:50 PM","Mossman, Michael","MU 206","0","20","In-Person",
"001","27059","MUSIC 725 (1, 1)","Composers&#39; Workshop","T","7:40 PM - 9:30 PM","Saylor, Bruce","MU 310","0","15","In-Person",
"001","27239","MUSIC 736 (3, 3)","Audio and MIDI Sequencing II","TH","5:00 PM - 7:50 PM","Moss, William","MU 268","1","15","Hybrid Sync",
"001","27208","MUSIC 739 (3, 3)","Film Scoring I","M","5:00 PM - 7:50 PM","Calandra, Peter","OL 01","1","15","Online Sync",
"001","27223","MUSIC 740 (3, 3)","Digital Recordin&amp;Composition I","T","5:00 PM - 7:50 PM","Calandra, Peter","MU 268","0","15","Hybrid Sync",
"STRG","27317","MUSIC 747 (2, 1)","String Repertory","M","4:40 PM - 6:30 PM","Phillips, Daniel","MU 226","0","10","In-Person",
"STRG","27317","MUSIC 747 (2, 1)","String Repertory","M","4:40 PM - 6:30 PM","Rosen, Marcy","MU 226","0","10","In-Person",
"WNDS","27353","MUSIC 748 (2, 1)","Woodwind Repertory","M","4:40 PM - 6:25 PM","Mendenhall, Judith","MU 308","0","10","In-Person",
"BRSS","27586","MUSIC 749 (2, 1)","Brass Repertory","M","3:10 PM - 4:55 PM","Jolley, David","MU 302C","0","15","In-Person",
"PNO","27461","MUSIC 750 (2, 1)","Piano Repertory","M","3:10 PM - 4:25 PM","Liccardo, Joseph","MU 226","0","10","In-Person",
"VCE","27662","MUSIC 751 (2, 1)","Vocal Repertory","TH","1:30 PM - 3:00 PM","Overholt, Sheryl","MU 226","0","10","In-Person",
"PERC","27431","MUSIC 752 (2, 1)","Percussion Repertory","M","3:10 PM - 4:25 PM","Lipsey, Michael","MU 273","0","10","In-Person",
"001","27063","MUSIC 759 (3, 2)","Tonal Harmony and Counterpoint","T","12:15 PM - 3:00 PM","Rabinovitch, Gilad","MU 310","0","15","In-Person",
"001","28136","MUSIC 760 (3, 3)","Musicology Seminar","W","9:15 AM - 12:00 PM","Rabinovitch, Gilad","MU 308","0","5","In-Person",
"001","27541","MUSIC 774 (1, 1)","Chamber Music I","&nbsp;"," - ","Rosen, Marcy"," ","0","35","In-Person",
"002","27538","MUSIC 774 (1, 1)","Chamber Music I","&nbsp;"," - ","Jolley, David"," ","0","35","In-Person",
"002","27533","MUSIC 775 (1, 1)","Chamber Music II","&nbsp;"," - ","Jolley, David"," ","0","35","In-Person",
"001","27534","MUSIC 775 (1, 1)","Chamber Music II","&nbsp;"," - ","Rosen, Marcy"," ","0","35","In-Person",
"002","27524","MUSIC 776 (1, 1)","Chamber Music III","&nbsp;"," - ","Jolley, David"," ","0","35","In-Person",
"001","27529","MUSIC 776 (1, 1)","Chamber Music III","&nbsp;"," - ","Rosen, Marcy"," ","0","35","In-Person",
"001","27371","MUSIC 7773 (3, 3)","Classical and Romantic","W","1:40 PM - 3:30 PM",", ","MU 226","0","15","In-Person",
"001","27664","MUSIC 778 (2, 2)","Performance Wrkshp Conductors","&nbsp;"," - ","John, James"," ","0","2","In-Person",
"MGY","27607","MUSIC 789 (3, 3)","Thesis","&nbsp;"," - ","Wilbourne, Emily"," ","0","2","In-Person",
"VOC1","43917","MUSIC 7901 (1, 1)","VT: Special Topics","&nbsp;"," - ","Toohey, Jennifer"," ","0","1","In-Person",
"CHRL","45165","MUSIC 7901 (1, 1)","VT: Special Topics","&nbsp;"," - ","Davis, Susan"," ","1","1","In-Person",
"BBND","28055","MUSIC 7901 (1, 1)","VT: Special Topics","T, TH","8:30 PM - 9:45 PM","Armacost, Timothy","MU 270","0","25","In-Person",
"SAX","27289","MUSIC 7901 (1, 1)","VT: Special Topics","W","7:00 PM - 8:50 PM","Ruedeman, Timothy","MU 226","0","10","In-Person",
"ITAL","27684","MUSIC 7901 (1, 1)","VT: Special Topics","F","1:40 PM - 3:30 PM","Gill, Donna","MU 214","0","10","In-Person",
"ITAL","27681","MUSIC 7902 (2, 2)","VT: Special Topics","F","1:40 PM - 3:30 PM","Gill, Donna","MU 214","0","10","In-Person",
"CNDT","27660","MUSIC 7902 (2, 2)","VT: Special Topics","TH","1:40 PM - 2:55 PM","John, James","MU 214","0","15","In-Person",
"CNDT","27660","MUSIC 7902 (2, 2)","VT: Special Topics","T","1:40 PM - 2:55 PM","John, James","MU 270","0","15","In-Person",
"001","27694","MUSIC 792 (5, 1)","Orchestra","T, TH","4:40 PM - 7:30 PM","Cho, Yoon Sang","MU 260","0","50","In-Person",
"001","27340","MUSIC 793 (4, 1)","Symphonic Wind Ensemble","T, TH","6:40 PM - 8:30 PM",", ","MU 270","0","30","In-Person",
"001","27620","MUSIC 7941 (3, 1)","Vocal Ensemble","M, W","4:40 PM - 6:30 PM","John, James","MU 270","0","30","In-Person",
"001","27380","MUSIC 7943 (3, 1)","Baroque Ensemble","W","1:40 PM - 3:30 PM","Maki, Masayuki"," ","0","12","In-Person",
"001","27395","MUSIC 7944 (2, 1)","Nota Bene","&nbsp;"," - ","Lipsey, Michael"," ","0","10","In-Person",
"BRSS","29660","MUSIC 7945 (2, 1)","Brass Ensemble","TH","1:10 PM - 3:00 PM","Jolley, David","MU 270","0","15","In-Person",
"PERC","27438","MUSIC 7946 (2, 1)","Percussion Ensemble","F","3:40 PM - 5:30 PM","Trumpy, Frederick","MU 270","0","10","In-Person",
"001","27268","MUSIC 7947 (4, 1)","Treble Choir","M, W","4:40 PM - 6:30 PM","Thomas, Joslyn","MU 264","0","20","In-Person",
"001","27470","MUSIC 7961 (1, 1)","Opera Studio","T, TH","3:10 PM - 6:00 PM","Kim, Youn","MU 270","0","30","In-Person",
"001","27470","MUSIC 7961 (1, 1)","Opera Studio","T, TH","3:10 PM - 6:00 PM","Sheerin, Alexander","MU 270","0","30","In-Person",
"001","27479","MUSIC 7962 (2, 2)","Opera Studio","T, TH","3:10 PM - 6:00 PM","Kim, Youn","MU 270","0","25","In-Person",
"001","27479","MUSIC 7962 (2, 2)","Opera Studio","T, TH","3:10 PM - 6:00 PM","Sheerin, Alexander","MU 270","0","25","In-Person",
"001","27255","MUSIC 797 (3, 1)","Balinese Gamelan","M","7:00 PM - 8:50 PM","Trumpy, Frederick","MU 270","0","15","In-Person",
"001","44005","PERM 4990 (0, 0)","Non-CUNY Permit","&nbsp;"," - ",", "," ","0","100","In-Person",
"001","44009","PERM 49905 (.5, 0)","Permit to CUNY College","&nbsp;"," - ",", "," ","3","100","In-Person",
"001","44002","PERM 4991 (1, 0)","Permit To Cuny Coll","&nbsp;"," - ",", "," ","0","100","In-Person",
"001","43994","PERM 49910 (10, 0)","Permit To Cuny Coll","&nbsp;"," - ",", "," ","0","100","Online Async",
"001","43995","PERM 49911 (11, 0)","Permit To Cuny Coll","&nbsp;"," - ",", "," ","0","100","Online Async",
"001","43996","PERM 49912 (12, 0)","Permit To Cuny College","&nbsp;"," - ",", "," ","0","100","Online Async",
"001","43997","PERM 49913 (13, 0)","Permit To Cuny Coll","&nbsp;"," - ",", "," ","0","100","Online Async",
"001","43998","PERM 49914 (14, 0)","Permit To Cuny Coll","&nbsp;"," - ",", "," ","0","100","Online Async",
"001","44003","PERM 49915 (15, 0)","Permit To Cuny Coll","&nbsp;"," - ",", "," ","0","100","In-Person",
"001","44013","PERM 49916 (16, 0)","Permit To Cuny Coll","&nbsp;"," - ",", "," ","0","100","In-Person",
"001","44004","PERM 49917 (17, 0)","Permit To Cuny Coll","&nbsp;"," - ",", "," ","0","100","In-Person",
"001","44007","PERM 49918 (18, 0)","Permit To Cuny Coll","&nbsp;"," - ",", "," ","0","100","In-Person",
"001","44036","PERM 4992 (2, 0)","Permit To Cuny Coll","&nbsp;"," - ",", "," ","1","100","In-Person",
"001","44031","PERM 4993 (3, 0)","Permit To CUNY College","&nbsp;"," - ",", "," ","31","100","In-Person",
"001","44035","PERM 4994 (4, 0)","Permit to CUNY College","&nbsp;"," - ",", "," ","24","100","In-Person",
"001","44034","PERM 4995 (5, 0)","Permit To Cuny Coll","&nbsp;"," - ",", "," ","3","100","In-Person",
"001","44039","PERM 4996 (6, 0)","Permit To Cuny College","&nbsp;"," - ",", "," ","4","100","In-Person",
"001","44038","PERM 4997 (7, 0)","Permit To Cuny Coll","&nbsp;"," - ",", "," ","0","100","In-Person",
"001","44037","PERM 4998 (8, 0)","Permit To Cuny Coll","&nbsp;"," - ",", "," ","2","100","In-Person",
"001","44040","PERM 4999 (9, 0)","Permit To Cuny Coll","&nbsp;"," - ",", "," ","0","100","In-Person",
"001","43983","PERM 7990 (0, 0)","Permit Non-Cuny","&nbsp;"," - ",", "," ","0","100","In-Person",
"001","44011","PERM 79905 (.5, 0)","Permit To Cuny Coll","&nbsp;"," - ",", "," ","0","100","In-Person",
"001","43999","PERM 7991 (1, 0)","Permit To Cuny Coll","&nbsp;"," - ",", "," ","0","100","In-Person",
"001","44012","PERM 79910 (10, 0)","Permit To Cuny Coll","&nbsp;"," - ",", "," ","1","100","In-Person",
"001","44010","PERM 79911 (11, 0)","Permit To Cuny Coll","&nbsp;"," - ",", "," ","0","100","In-Person",
"001","44000","PERM 79912 (12, 0)","Permit To CUNY College","&nbsp;"," - ",", "," ","0","100","In-Person",
"001","44001","PERM 79913 (13, 0)","Permit to CUNY College","&nbsp;"," - ",", "," ","0","100","In-Person",
"001","44008","PERM 79914 (14, 0)","Permit To Cuny Coll","&nbsp;"," - ",", "," ","0","100","In-Person",
"001","44006","PERM 79915 (15, 0)","Permit To Cuny Coll","&nbsp;"," - ",", "," ","0","100","In-Person",
"001","44041","PERM 7992 (2, 0)","Permit To Cuny Coll","&nbsp;"," - ",", "," ","0","100","In-Person",
"001","44061","PERM 7993 (3, 0)","Permit To Cuny College","&nbsp;"," - ",", "," ","3","100","In-Person",
"001","44042","PERM 7994 (4, 0)","Permit To Cuny Coll","&nbsp;"," - ",", "," ","0","100","In-Person",
"001","44043","PERM 7995 (5, 0)","Permit To Cuny Coll","&nbsp;"," - ",", "," ","1","100","In-Person",
"001","44044","PERM 7996 (6, 0)","Permit To Cuny Coll","&nbsp;"," - ",", "," ","0","100","In-Person",
"001","44045","PERM 7997 (7, 0)","Permit To Cuny Coll","&nbsp;"," - ",", "," ","0","100","In-Person",
"001","44048","PERM 7998 (8, 0)","Permit To Cuny Coll","&nbsp;"," - ",", "," ","0","100","In-Person",
"001","44047","PERM 7999 (9, 0)","Permit To Cuny Coll","&nbsp;"," - ",", "," ","0","100","In-Person",
"006","28668","PHIL 101 (3, 3)","Introduction to Philosophy","T, TH","3:10 PM - 4:25 PM","Twomey, Rosemary","PH 153","7","30","In-Person",
"005","28616","PHIL 101 (3, 3)","Introduction to Philosophy","T, TH","1:40 PM - 2:55 PM","Malagon, Anthony","PH 117","10","30","In-Person",
"003","28510","PHIL 101 (3, 3)","Introduction to Philosophy","M, W","1:40 PM - 2:55 PM","Malagon, Anthony","PH 152","6","30","In-Person",
"007","28175","PHIL 101 (3, 3)","Introduction to Philosophy","T, TH","4:45 PM - 6:00 PM","Papigiotis, Alexia","PH 153","0","30","In-Person",
"001","28511","PHIL 101 (3, 3)","Introduction to Philosophy","&nbsp;"," - ","Lu, Mengfei","OL 02","35","35","Online Async",
"002","29145","PHIL 101 (3, 3)","Introduction to Philosophy","&nbsp;"," - ","Papigiotis, Alexia","OL 02","35","35","Online Async",
"004","28618","PHIL 101 (3, 3)","Introduction to Philosophy","T, TH","10:45 AM - 12:00 PM","Salazar, Maria","PH 116","7","30","In-Person",
"003","28670","PHIL 104 (3, 3)","Introduction to Ethics","T, TH","10:45 AM - 12:00 PM","Kisilevsky, Sari","PH 153","7","25","In-Person",
"002","28669","PHIL 104 (3, 3)","Introduction to Ethics","T, TH","9:15 AM - 10:30 AM","Kisilevsky, Sari","PH 153","5","25","In-Person",
"001","29144","PHIL 104 (3, 3)","Introduction to Ethics","&nbsp;"," - ","Papigiotis, Alexia","OL 02","35","35","Online Async",
"004","28617","PHIL 104 (3, 3)","Introduction to Ethics","T, TH","12:15 PM - 1:30 PM","Salazar, Maria","PH 116","11","35","In-Person",
"002","28693","PHIL 104H (3, 3)","Introduction to Ethics","T, TH","1:40 PM - 2:55 PM","Hilgers, Thomas","HH 12","4","20","In-Person",
"001","28694","PHIL 104H (3, 3)","Introduction to Ethics","T, TH","10:45 AM - 12:00 PM","Hilgers, Thomas","HH 12","5","20","In-Person",
"001","28352","PHIL 107 (3, 3)","Logic and Scientific Reasoning","T, TH","9:15 AM - 10:30 AM","O'Loughlin, Ryan","PH 152","13","20","In-Person",
"005","33723","PHIL 109 (3, 3)","Formal Logic","M","1:40 PM - 2:55 PM","Grover, Stephen","PH 104","6","25","Hybrid Async",
"006","33724","PHIL 109 (3, 3)","Formal Logic","M","4:45 PM - 6:00 PM","Grover, Stephen","PH 153","6","25","Hybrid Async",
"007","33725","PHIL 109 (3, 3)","Formal Logic","T","10:45 AM - 12:00 PM","Twomey, Rosemary","KY 315","3","25","Hybrid Async",
"004","28184","PHIL 109 (3, 3)","Formal Logic","T, TH","4:45 PM - 6:00 PM","Friedland, Lizandra","PH 114","3","25","In-Person",
"001","28133","PHIL 112 (3, 3)","Philosophy of Happiness","T, TH","4:45 PM - 6:00 PM","Doukhan, Myrte","PH 152","5","25","In-Person",
"001","27337","PHIL 113 (3, 3)","Philosophy of Love and Sex","&nbsp;"," - ","Doukhan, Myrte","OL 02","24","30","Online Async",
"001","28672","PHIL 116 (3, 3)","Intro Philo Religion","T, TH","3:10 PM - 4:25 PM","Doukhan, Myrte","PH 152","3","25","In-Person",
"001","28765","PHIL 118 (3, 3)","Intro to Eastern Philosophy","M, W","10:45 AM - 12:00 PM","Malagon, Anthony","PH 253","9","30","In-Person",
"001","28671","PHIL 140 (3, 3)","History of Ancient Philosophy","&nbsp;"," - ",", "," ","6","20","In-Person",
"001","28610","PHIL 141 (3, 3)","History of Medieval Philosophy","T","3:10 PM - 4:25 PM","Donato, Antonio","PH 351","9","25","Hybrid Async",
"001","28181","PHIL 144 (3, 3)","Kant to Nietzsche II","T, TH","4:45 PM - 6:00 PM","Hilgers, Thomas","PH 115","4","20","In-Person",
"001","28509","PHIL 145 (3, 3)","Phenomenology &amp; Existentialism","T, TH","10:45 AM - 12:00 PM","Malagon, Anthony","PH 152","7","20","In-Person",
"001","28766","PHIL 146 (3, 3)","The Analytic Tradition","M, W","10:45 AM - 12:00 PM","Grover, Stephen","PH 153","4","20","In-Person",
"001","28770","PHIL 160 (3, 3)","Business Ethics","M, W","9:15 AM - 10:30 AM","Ostling, John","PH 152","19","35","In-Person",
"002","28769","PHIL 160 (3, 3)","Business Ethics","M, W","10:45 AM - 12:00 PM","Ostling, John","PH 152","26","35","In-Person",
"004","28508","PHIL 160 (3, 3)","Business Ethics","&nbsp;"," - ","Puglisi, Matthew","OL 02","35","35","Online Async",
"003","28367","PHIL 160 (3, 3)","Business Ethics","W","6:30 PM - 9:20 PM","Puglisi, Matthew","PH 152","7","35","In-Person",
"001","28272","PHIL 219 (3, 3)","Vt: Philo Perspect Hist of Sci","&nbsp;"," - ","Amstutz, Andrew","OL 02","3","10","Online Async",
"001","28674","PHIL 223 (3, 3)","Philosophy of Law","T, TH","1:40 PM - 2:55 PM","Kisilevsky, Sari","PH 152","8","20","In-Person",
"001","28725","PHIL 224 (3, 3)","Philosophy of Mind","M, W","1:40 PM - 2:55 PM","Ostling, John","PH 302","9","20","In-Person",
"001","33841","PHIL 253 (3, 3)","Wisdom Lit of the Hebrew Bible","T, TH","3:10 PM - 4:25 PM","Doukhan, Myrte","PH 152","1","30","In-Person",
"001","28768","PHIL 265 (3, 3)","Philosophy of Language","M, W","10:45 AM - 12:00 PM","Grover, Stephen","PH 153","3","10","In-Person",
"001","28271","PHIL 270 (3, 3)","Major Philosophical Thinkers","&nbsp;"," - ",", "," ","0","20","In-Person",
"001","28134","PHIL 383W (3, 3)","Research Paper","&nbsp;"," - ","Donato, Antonio"," ","0","15","In-Person",
"001","28673","PHIL 651 (3, 3)","Philosophy of Law","T, TH","1:40 PM - 2:55 PM","Kisilevsky, Sari","PH 152","2","20","In-Person",
"001","28501","PHIL 654 (3, 3)","Philosophy of Religion","T, TH","3:10 PM - 4:25 PM","Doukhan, Myrte","PH 152","0","25","In-Person",
"001","28609","PHIL 712 (3, 3)","Early Medieval Philo","T","3:10 PM - 4:25 PM","Donato, Antonio","PH 351","3","5","Hybrid Async",
"001","52634","PHIL 731 (3, 3)","Philosophy of Mind","M, W","1:40 PM - 2:55 PM","Ostling, John","PH 302","1","5","In-Person",
"001","28500","PHIL 740 (3, 3)","Phenomenology","T, TH","10:45 AM - 12:00 PM","Malagon, Anthony","PH 152","1","20","In-Person",
"001","28767","PHIL 743 (3, 3)","Philosophical Analysis","M, W","10:45 AM - 12:00 PM","Grover, Stephen","PH 153","2","5","In-Person",
"001","28177","PHIL 751 (3, 3)","Ethical Analyses","&nbsp;"," - ","Doukhan, Myrte","OL 02","2","20","Online Async",
"001","28494","PHIL 760 (3, 3)","Business Ethics","&nbsp;"," - ","Puglisi, Matthew","OL 02","3","5","Online Async",
"001","28135","PHIL 778 (3, 3)","Special Studies in Philosophy","T, TH","4:45 PM - 6:00 PM","Doukhan, Myrte","PH 152","2","5","In-Person",
"001","28486","PHIL 791 (3, 3)","Thesis Research","&nbsp;"," - ","Donato, Antonio"," ","1","5","In-Person",
"002","27084","PHOTO 165 (4, 3)","Digital Photography I","M","10:00 AM - 1:50 PM","Dodson, Laura","IB 212","11","16","In-Person",
"003","27085","PHOTO 165 (4, 3)","Digital Photography I","T","6:00 PM - 9:50 PM","Minielli, Gina","IB 212","14","18","Hybrid Sync",
"001","27082","PHOTO 165 (4, 3)","Digital Photography I","TH","10:00 AM - 1:50 PM","Diaz, Marisol","IB 212","16","16","In-Person",
"001","27372","PHOTO 195 (4, 3)","Photography &amp; Imaging Software","TH","10:00 AM - 1:50 PM","Mesa-Pelly, Deborah","IB 213","9","18","In-Person",
"001","27078","PHOTO 225 (4, 3)","VT: Digital Photography II","TH","2:00 PM - 5:50 PM","Minielli, Gina","IB 212","8","12","Hybrid Sync",
"001","28904","PHOTO 230 (4, 3)","3D Model, Print, &amp; Casting I","T","10:00 AM - 1:50 PM","Greco, Matthew"," ","6","18","In-Person",
"001","27441","PHOTO 256 (4, 3)","VT: Alternative Processes I","W","1:40 PM - 5:30 PM","Gonzalez, Antonio","KP 140","2","12","In-Person",
"001","27075","PHOTO 276 (4, 3)","VT: Darkroom Photography II","TH","6:00 PM - 9:50 PM","Harris, Steven","KP 140","8","12","In-Person",
"001","27077","PHOTO 335 (4, 3)","VT: Digital Photography III","TH","2:00 PM - 5:50 PM","Minielli, Gina","IB 212","5","8","Hybrid Sync",
"001","27074","PHOTO 355 (4, 3)","VT: Darkroom Photography III","TH","6:00 PM - 9:50 PM","Harris, Steven","KP 140","2","6","In-Person",
"001","29059","PHOTO 356 (4, 3)","VT: Alternative Processes II","W","1:40 PM - 5:30 PM","Gonzalez, Antonio","KP 140","0","4","In-Person",
"001","27393","PHOTO 370 (4, 3)","Photography Internship","TH","10:00 AM - 1:50 PM","Greco, Matthew","KP 140","0","8","In-Person",
"004","27076","PHOTO 375 (4, 3)","Photography Special Projects","TH","10:00 AM - 1:50 PM","Greco, Matthew","KP 140","1","12","In-Person",
"001","27447","PHOTO 376 (3, 3)","Senior Photography Seminar","W","6:00 PM - 8:50 PM","Gonzalez, Antonio","KP 174","4","15","In-Person",
"01","27869","PHYS 003 (3, 3)","Physics of Musical Sound","T, TH","12:15 PM - 1:30 PM","Bell, Keaton","SB C201","7","25","In-Person",
"01","27931","PHYS 011 (2, 1)","Conceptual Physics Laboratory","W","7:00 PM - 8:50 PM",", ","SB B233","8","24","In-Person",
"02","27929","PHYS 011 (2, 1)","Conceptual Physics Laboratory","M","7:00 PM - 8:50 PM","Konarski, Iordan","SB B233","16","24","In-Person",
"05","28106","PHYS 011 (2, 1)","Conceptual Physics Laboratory","M","2:50 PM - 4:40 PM",", ","SB B233","12","24","In-Person",
"01","27935","PHYS 014 (4, 4)","Conceptual  Physics  Lec","M, W","5:00 PM - 6:50 PM","Gangji, Al-Karim","SB C201","36","75","In-Person",
"01","28104","PHYS 1211 (2, 1)","General Physics I Laboratory","M","4:50 PM - 6:40 PM",", ","SB B235","15","24","In-Person",
"05","28103","PHYS 1211 (2, 1)","General Physics I Laboratory","F","10:05 AM - 11:55 AM",", ","SB B235","11","24","In-Person",
"04","28102","PHYS 1211 (2, 1)","General Physics I Laboratory","TH","2:50 PM - 4:40 PM",", ","SB B235","13","24","In-Person",
"02","28101","PHYS 1211 (2, 1)","General Physics I Laboratory","W","10:05 AM - 11:55 AM",", ","SB B235","22","24","In-Person",
"008","28098","PHYS 1211 (2, 1)","General Physics I Laboratory","T","4:50 PM - 6:40 PM",", ","SB B235","12","24","In-Person",
"006","28100","PHYS 1211 (2, 1)","General Physics I Laboratory","M","10:05 AM - 11:55 AM",", ","SB B235","15","24","In-Person",
"004","40334","PHYS 1214 (4, 4)","General Physics I","SU","10:00 AM - 1:50 PM","Kogan, Oleg","OL 01","42","50","Online Sync",
"004","40334","PHYS 1214 (4, 4)","General Physics I","SU","10:00 AM - 1:50 PM","Kogan, Oleg","SB C201","42","50","Online Sync",
"01","28108","PHYS 1214 (4, 4)","General Physics I","M, W","1:40 PM - 3:30 PM","Goldberg, David","SB C201","34","70","Hybrid Sync",
"02","28110","PHYS 1214 (4, 4)","General Physics I","T, TH","6:50 PM - 8:40 PM","Lins Almeida, Euclides","SB C201","19","50","In-Person",
"006","29561","PHYS 1221 (2, 1)","General Physics II Laboratory","F","10:05 AM - 11:55 AM",", ","SB B231","23","24","In-Person",
"005","28095","PHYS 1221 (2, 1)","General Physics II Laboratory","M","8:50 PM - 10:40 PM",", ","SB B231","16","24","In-Person",
"03","28097","PHYS 1221 (2, 1)","General Physics II Laboratory","TH","12:10 PM - 2:00 PM",", ","SB B231","24","24","In-Person",
"02","28094","PHYS 1224 (4, 4)","General Physics II","M, W","6:50 PM - 8:40 PM",", ","SB C203","24","50","In-Person",
"01","28093","PHYS 1224 (4, 4)","General Physics II","T, TH","10:05 AM - 11:55 AM","Steiner, Robert","SB C201","41","50","In-Person",
"01","28115","PHYS 1451 (2, 1)","Principles of Physics I Lab","M","2:10 PM - 4:00 PM",", ","SB B235","18","24","In-Person",
"02","28117","PHYS 1451 (2, 1)","Principles of Physics I Lab","TH","4:50 PM - 6:40 PM",", ","SB B235","4","24","In-Person",
"01","28111","PHYS 1454 (4, 4)","Principles of Physics I","M, W","10:05 AM - 11:55 AM","Goldberg, David","SB C201","24","50","In-Person",
"01","28124","PHYS 1461 (2, 1)","Princ of Physics II Lab","M","4:50 PM - 6:40 PM",", ","SB B231","12","24","In-Person",
"01","28092","PHYS 1464 (4, 4)","Principles of Physics II","T, TH","4:50 PM - 6:40 PM","Kogan, Oleg","SB C203","14","50","In-Person",
"01","28120","PHYS 222 (3, 3)","Optics","T, TH","12:15 PM - 1:30 PM",", ","PH 151","12","12","In-Person",
"01","28060","PHYS 227 (3, 3)","Phys Princ Telecomm","T, TH","6:50 PM - 8:40 PM",", ","SB A143","0","12","In-Person",
"01","28080","PHYS 233 (3, 3)","Inter Methods Math Phys","M, W","10:30 AM - 11:45 AM","Lisyansky, Alexander","QH 174","12","12","Hybrid Async",
"001","28853","PHYS 235 (4, 2)","Classical Physics Laboratory I","F","10:15 AM - 2:05 PM","Benseman, Timothy","SB B233","8","12","In-Person",
"01","28075","PHYS 242 (3, 3)","Thermodynamics","M, W","1:40 PM - 3:30 PM","Lisyansky, Alexander","KY 316","11","11","Hybrid Async",
"01","29694","PHYS 243 (4, 4)","Thermodyn &amp; Stat Mech","M, W","1:40 PM - 3:30 PM","Lisyansky, Alexander","KY 316","11","11","Hybrid Async",
"02","28048","PHYS 260 (4, 4)","Introduction to Modern Physics","T, TH","2:15 PM - 4:05 PM","Murokh, Lev","KY 283","9","15","In-Person",
"001","55132","PHYS 275 (4, 4)","Intro to Scientific Computing","M, W","4:50 PM - 6:40 PM","Shuvayev, Vladimir","PH 202","0","15","In-Person",
"02","28082","PHYS 310 (4, 4)","Electromagnetism I","T, TH","4:50 PM - 6:40 PM","Takei, So","SB A143","15","15","In-Person",
"01","28061","PHYS 365 (4, 4)","Princ Quantum Mechanics","T, TH","10:05 AM - 11:55 AM","Deych, Lev","KY 423","6","15","In-Person",
"01","28056","PHYS 377 (4, 2)","Modern Physics Laboratory","F","10:15 AM - 2:05 PM","Lins Almeida, Euclides","SB B343","16","15","In-Person",
"01","28069","PHYS 390 (135, 3)","Internship","&nbsp;"," - ",", "," ","0","1","In-Person",
"01","28054","PHYS 391 (3, 1)","Special Problems","&nbsp;"," - ",", "," ","0","0","In-Person",
"01","28049","PHYS 392 (6, 2)","Special Problems","&nbsp;"," - ",", "," ","0","1","Hybrid Async",
"1","28085","PHYS 393 (9, 3)","Special Problems","&nbsp;"," - ",", "," ","0","5","Hybrid Async",
"01","28083","PHYS 395W (6, 2)","Senior Research Project I","&nbsp;"," - ","Civiletti, Matthew","OL 02","1","1","Online Async",
"01","27865","PHYS 507 (3, 3)","Physics of Music and Sound","T, TH","12:15 PM - 1:30 PM","Bell, Keaton","SB C201","0","5","In-Person",
"01","28062","PHYS 6151 (4, 4)","Electromagnetic Theory I","T, TH","4:50 PM - 6:40 PM","Murokh, Lev","HH 12","1","5","In-Person",
"001","28091","PHYS 616 (4, 4)","Applied Electrodynamics","T, TH","4:50 PM - 6:40 PM","Murokh, Lev","HH 12","3","5","In-Person",
"01","28089","PHYS 623 (4, 4)","Principles of Telecommun","T, TH","6:50 PM - 8:40 PM",", ","SB A143","2","5","In-Person",
"01","28081","PHYS 625 (4, 4)","Fundamentals Quantum Mechanics","T, TH","10:05 AM - 11:55 AM","Deych, Lev","KY 423","0","5","In-Person",
"002","54722","PHYS 637 (4, 4)","Modern Optics","M, W","5:00 PM - 6:50 PM","Deych, Lev","HH 08","0","15","In-Person",
"02","28086","PHYS 671 (4, 2)","Modern Physics Laboratory","F","10:15 AM - 2:05 PM","Lins Almeida, Euclides","SB B343","1","10","In-Person",
"01","28072","PHYS 672 (4, 2)","Photonics Laboratory","&nbsp;"," - ",", "," ","0","5","In-Person",
"01","28090","PHYS 680 (2, 2)","Internship I","&nbsp;"," - ",", "," ","0","1","Hybrid Async",
"02","28070","PHYS 798 (3, 4)","Thesis","&nbsp;"," - ",", "," ","0","5","Hybrid Async",
"01","28073","PHYS 7992 (2, 2)","Graduate Research","&nbsp;"," - ","Lins Almeida, Euclides"," ","1","3","In-Person",
"01","28058","PHYS 7993 (3, 3)","Graduate Research","&nbsp;"," - ",", "," ","0","0","In-Person",
"001","28068","PHYS 7994 (4, 4)","Graduate Research","&nbsp;"," - ",", "," ","0","5","In-Person",
"001","28800","PORT 111 (4, 4)","Elementary Portuguese I","M, W","10:05 AM - 11:55 AM","Schwartz, Tatiana","QH 315C","13","25","In-Person",
"003","29446","PSCI 100 (3, 3)","Amer Politics/Govt","M, W","1:40 PM - 2:55 PM","Aissa, Meriem","PH 211","11","35","In-Person",
"001","28701","PSCI 100 (3, 3)","Amer Politics/Govt","W","7:30 AM - 9:00 AM",", ","PH 211","2","35","Online Sync",
"005","29445","PSCI 100 (3, 3)","Amer Politics/Govt","T, TH","10:45 AM - 12:00 PM","Reichl, Alexander","PH 211","22","35","In-Person",
"004","28613","PSCI 100 (3, 3)","Amer Politics/Govt","T, TH","9:15 AM - 10:30 AM","Frank, John","PH 156","11","35","In-Person",
"002","28921","PSCI 100 (3, 3)","Amer Politics/Govt","M, W","10:45 AM - 12:00 PM","Kleinberg, Mona","CD 134","11","75","In-Person",
"001","28701","PSCI 100 (3, 3)","Amer Politics/Govt","M, W","7:45 AM - 9:00 AM","O'Neill, James","OL 01","2","35","Online Sync",
"003","29440","PSCI 101 (3, 3)","Intro To Political Science","T, TH","9:15 AM - 10:30 AM","Mautarelli, Matthew","PH 204","11","35","In-Person",
"004","28855","PSCI 101 (3, 3)","Intro To Political Science","T, TH","12:15 PM - 1:30 PM","Pierre-Louis, Francois","PH 204","2","35","In-Person",
"001","28920","PSCI 101 (3, 3)","Intro To Political Science","M, W","9:15 AM - 10:30 AM","Liberman, Peter","CD 134","8","88","In-Person",
"005","28700","PSCI 101 (3, 3)","Intro To Political Science","M","6:30 PM - 9:20 PM","O'Neill, James","OL 01","0","35","Online Sync",
"002","29441","PSCI 101 (3, 3)","Intro To Political Science","M, W","3:10 PM - 4:25 PM","Samson, Elizabeth","PH 211","6","35","In-Person",
"005","28700","PSCI 101 (3, 3)","Intro To Political Science","M","6:00 PM - 9:00 PM",", ","PH 211","0","35","Online Sync",
"005","28157","PSCI 102 (3, 3)","Political Controversies","T, TH","1:40 PM - 2:55 PM","Cole, Alyson","PH 211","7","35","In-Person",
"003","28856","PSCI 102 (3, 3)","Political Controversies","T, TH","10:45 AM - 12:00 PM","Pierre-Louis, Francois","PH 204","5","35","In-Person",
"001","29436","PSCI 102 (3, 3)","Political Controversies","M, W","10:45 AM - 12:00 PM","George, Julie","PH 211","2","35","In-Person",
"004","28727","PSCI 102 (3, 3)","Political Controversies","T, TH","12:15 PM - 1:30 PM","Lee, Yoon Jin","PH 121","11","35","In-Person",
"002","28377","PSCI 102 (3, 3)","Political Controversies","M, W","5:00 PM - 6:15 PM","Bonomo, Carmine","OL 01","1","35","Online Sync",
"003","28916","PSCI 103 (3, 3)","Comparative Politics","T, TH","10:45 AM - 12:00 PM","Alves, Jorge","SB B137","13","88","In-Person",
"003","28916","PSCI 103 (3, 3)","Comparative Politics","T, TH","10:45 AM - 12:00 PM","Alves, Jorge","SB B137","13","88","In-Person",
"001","29412","PSCI 103 (3, 3)","Comparative Politics","M, W","9:15 AM - 10:30 AM","Aissa, Meriem","PH 211","3","35","In-Person",
"001","29412","PSCI 103 (3, 3)","Comparative Politics","M, W","9:15 AM - 10:30 AM","Aissa, Meriem","PH 211","3","35","In-Person",
"002","29411","PSCI 103 (3, 3)","Comparative Politics","T, TH","9:15 AM - 10:30 AM","Sun, Yan","PH 121","2","23","In-Person",
"002","29411","PSCI 103 (3, 3)","Comparative Politics","T, TH","9:15 AM - 10:30 AM","Sun, Yan","PH 121","2","23","In-Person",
"001","29410","PSCI 104 (3, 3)","International Politics","M, W","10:45 AM - 12:00 PM","Kabir, Muhammad","PH 121","8","35","In-Person",
"002","29409","PSCI 104 (3, 3)","International Politics","M, W","1:40 PM - 2:55 PM","Kabir, Muhammad","PH 121","7","35","In-Person",
"002","29409","PSCI 104 (3, 3)","International Politics","M, W","1:40 PM - 2:55 PM","Kabir, Muhammad","PH 121","7","35","In-Person",
"003","29406","PSCI 104 (3, 3)","International Politics","T, TH","7:45 AM - 9:00 AM","Zabun, Okkes Ferhat","OL 01","35","35","Online Sync",
"001","29410","PSCI 104 (3, 3)","International Politics","M, W","10:45 AM - 12:00 PM","Kabir, Muhammad","PH 121","8","35","In-Person",
"003","29406","PSCI 104 (3, 3)","International Politics","T, TH","7:45 AM - 9:00 AM","Zabun, Okkes Ferhat","OL 01","35","35","Online Sync",
"004","29403","PSCI 104 (3, 3)","International Politics","T, TH","10:45 AM - 12:00 PM","Lee, Yoon Jin","PH 121","10","35","In-Person",
"004","29403","PSCI 104 (3, 3)","International Politics","T, TH","10:45 AM - 12:00 PM","Lee, Yoon Jin","PH 121","10","35","In-Person",
"001","29396","PSCI 105 (3, 3)","Political Theory","T, TH","12:15 PM - 1:30 PM","Cole, Alyson","PH 211","5","30","In-Person",
"001","29396","PSCI 105 (3, 3)","Political Theory","T, TH","12:15 PM - 1:30 PM","Cole, Alyson","PH 211","5","30","In-Person",
"001","27535","PSCI 200 (3, 3)","Research Skills in Pol Sci","M, W","10:45 AM - 12:00 PM","Van Neutgem, Aline","PH 302","20","20","In-Person",
"002","27536","PSCI 200 (3, 3)","Research Skills in Pol Sci","T, TH","1:40 PM - 2:55 PM","Asberry, Earl","PH 206","16","20","In-Person",
"001","27535","PSCI 200 (3, 3)","Research Skills in Pol Sci","M, W","10:45 AM - 12:00 PM","Van Neutgem, Aline","PH 302","20","20","In-Person",
"002","27536","PSCI 200 (3, 3)","Research Skills in Pol Sci","T, TH","1:40 PM - 2:55 PM","Asberry, Earl","PH 206","16","20","In-Person",
"001","29327","PSCI 209 (3, 3)","VT: Special Topics","M, W","7:45 AM - 9:00 AM",", ","OL 01","15","35","Online Sync",
"003","28698","PSCI 209 (3, 3)","VT: Special Topics","T, TH","9:15 AM - 10:30 AM","Alves, Jorge","PH 211","12","35","In-Person",
"001","29389","PSCI 210 (3, 3)","Amer State/Local Gov&#39;T","T, TH","1:40 PM - 2:55 PM","Reichl, Alexander","PH 121","16","35","In-Person",
"001","29389","PSCI 210 (3, 3)","Amer State/Local Gov&#39;T","T, TH","1:40 PM - 2:55 PM","Reichl, Alexander","PH 121","16","35","In-Person",
"001","28600","PSCI 217 (3, 3)","Decision-Making in White House","M, W","3:10 PM - 4:25 PM","Bonomo, Carmine","OL 01","5","35","Online Sync",
"001","28716","PSCI 218 (3, 3)","Political Parties &amp; Elections","M, W","9:15 AM - 10:30 AM","Lipsitz, Keena","PH 204","16","35","In-Person",
"001","28716","PSCI 218 (3, 3)","Political Parties &amp; Elections","M, W","9:15 AM - 10:30 AM","Lipsitz, Keena","PH 204","16","35","In-Person",
"001","28601","PSCI 222 (3, 3)","Power in America","M, W","7:45 AM - 9:00 AM","Bonomo, Carmine","OL 01","3","35","Online Sync",
"001","29379","PSCI 225 (3, 3)","Women In Pol &amp; Gov","M, W","10:45 AM - 12:00 PM","Aissa, Meriem","PH 204","19","35","In-Person",
"001","29377","PSCI 226 (3, 3)","Capitalism and Democracy","W","6:30 PM - 9:20 PM","Kabir, Humayun","OL 01","24","35","Online Sync",
"001","29368","PSCI 233 (3, 3)","Transitions to Democracy","M, W","5:00 PM - 6:15 PM","Aissa, Meriem","PH 211","12","35","In-Person",
"001","29368","PSCI 233 (3, 3)","Transitions to Democracy","M, W","5:00 PM - 6:15 PM","Aissa, Meriem","PH 211","12","35","In-Person",
"001","28621","PSCI 238 (3, 3)","China and East Asia","T, TH","10:45 AM - 12:00 PM","Sun, Yan","PH 114","8","35","In-Person",
"001","28621","PSCI 238 (3, 3)","China and East Asia","T, TH","10:45 AM - 12:00 PM","Sun, Yan","PH 114","8","35","In-Person",
"001","29367","PSCI 241 (3, 3)","Pol Ethnic Cleansing&amp;Genocide","M, W","1:40 PM - 2:55 PM","George, Julie","PH 204","15","35","In-Person",
"001","28692","PSCI 244 (3, 3)","Comp Revolutions","T, TH","7:45 AM - 9:00 AM","Vasconcelos De Almeida, Theo","OL 01","3","35","Online Sync",
"001","28692","PSCI 244 (3, 3)","Comp Revolutions","TH","7:30 AM - 9:00 AM",", ","PH 121","3","35","Online Sync",
"001","28692","PSCI 244 (3, 3)","Comp Revolutions","TH","7:30 AM - 9:00 AM",", ","PH 121","3","35","Online Sync",
"001","28692","PSCI 244 (3, 3)","Comp Revolutions","T, TH","7:45 AM - 9:00 AM","Vasconcelos De Almeida, Theo","OL 01","3","35","Online Sync",
"001","29366","PSCI 250 (3, 3)","International Law","M, W","9:15 AM - 10:30 AM","Kabir, Muhammad","PH 121","16","35","In-Person",
"001","29366","PSCI 250 (3, 3)","International Law","M, W","9:15 AM - 10:30 AM","Kabir, Muhammad","PH 121","16","35","In-Person",
"001","28623","PSCI 254 (3, 3)","Politics International Economy","T, TH","9:15 AM - 10:30 AM","Lee, Yoon Jin","PH 112","16","35","In-Person",
"001","28623","PSCI 254 (3, 3)","Politics International Economy","T, TH","9:15 AM - 10:30 AM","Lee, Yoon Jin","PH 112","16","35","In-Person",
"001","28615","PSCI 262 (3, 3)","United States Foreign Policy","T, TH","12:15 PM - 1:30 PM","Petaludis, Nicholas","PH 117","4","35","In-Person",
"001","28615","PSCI 262 (3, 3)","United States Foreign Policy","T, TH","12:15 PM - 1:30 PM","Petaludis, Nicholas","PH 117","4","35","In-Person",
"001","29365","PSCI 263 (3, 3)","Politics of Terrorism","T, TH","3:10 PM - 4:25 PM","Petaludis, Nicholas","PH 211","1","35","In-Person",
"001","28715","PSCI 280 (3, 3)","The Judicial Process","M, W","1:40 PM - 2:55 PM","Samson, Elizabeth","RA 208","16","35","In-Person",
"001","28602","PSCI 281 (3, 3)","Const Law I: Amer Fed Scheme","M, W","9:15 AM - 10:30 AM","Bonomo, Carmine","OL 01","6","35","Online Sync",
"001","28744","PSCI 286 (3, 3)","Theories Law &amp; Human Rights","T","6:30 PM - 9:20 PM","Gosala, Renu","PH 211","18","35","Hybrid Sync",
"001","27445","PSCI 288 (3, 3)","Understanding Legal Process","T, TH","12:15 PM - 1:30 PM","Asberry, Earl","PH 152","18","35","In-Person",
"001","29355","PSCI 2911 (1, 1)","Special Problems","&nbsp;"," - ",", "," ","0","5","In-Person",
"001","29356","PSCI 2913 (3, 3)","Special Problems","&nbsp;"," - ",", "," ","0","5","In-Person",
"001","29352","PSCI 2983 (3, 3)","Independ Intern NYC&amp;Around Wor","&nbsp;"," - ","Lipsitz, Keena"," ","2","15","In-Person",
"001","28854","PSCI 381W (4, 4)","Seminar in American Politics","T","1:40 PM - 4:30 PM","Pierre-Louis, Francois","PH 245","10","15","In-Person",
"002","29342","PSCI 381W (4, 4)","Seminar in American Politics","F","9:10 AM - 12:00 PM","Reichl, Alexander","PH 245","13","15","In-Person",
"001","29340","PSCI 384W (4, 4)","Vt:Sem Intl Politics","TH","6:30 PM - 9:20 PM","Kabir, Muhammad","OL 01","15","15","Online Sync",
"LEC8","28463","PSYCH 101 (4, 4)","General Psychology","M, W","8:00 AM - 9:50 AM","Barahmand, Usha","OL 01","24","59","Online Sync",
"LEC7","28469","PSYCH 101 (4, 4)","General Psychology","F","8:10 AM - 12:00 PM","Rosen, Gregory","OL 01","59","59","Online Sync",
"CN1","28608","PSYCH 101 (4, 4)","General Psychology","M, W","4:00 PM - 5:50 PM","Vail, Michael","KY 419","0","30","In-Person",
"CN2","28691","PSYCH 101 (4, 4)","General Psychology","T, TH","4:00 PM - 5:50 PM","Hachimine-Merli, Priscila","KY 419","0","30","In-Person",
"EVE1","29382","PSYCH 101 (4, 4)","General Psychology","M, W","6:30 PM - 8:20 PM","Micic, Dragana","OL 01","41","59","Online Sync",
"NAV1","36821","PSYCH 101 (4, 4)","General Psychology","M, W","10:05 AM - 11:55 AM","Politis, Stephen","KY 425","0","15","In-Person",
"LEC2","29385","PSYCH 101 (4, 4)","General Psychology","M, W","1:40 PM - 3:30 PM","Gaztambide, Daniel","SB C203","44","59","In-Person",
"SEEK","29540","PSYCH 101 (4, 4)","General Psychology","M, W","4:00 PM - 5:50 PM","George, Shonelle","QH 245B","16","20","In-Person",
"SK2","29826","PSYCH 101 (4, 4)","General Psychology","M, W","1:40 PM - 3:30 PM","Byrd, Desiree","QH 010","14","20","In-Person",
"LE10","31634","PSYCH 101 (4, 4)","General Psychology","SU","8:10 AM - 12:00 PM","Maniscalco, James","OL 01","38","59","Online Sync",
"LEC3","29383","PSYCH 101 (4, 4)","General Psychology","T, TH","10:05 AM - 11:55 AM","Ranaldi, Robert","RO 230","29","59","In-Person",
"LB5A","27480","PSYCH 1071 (2, 1)","Statistical Methods Laboratory","T","2:15 PM - 4:05 PM",", ","DY G05","25","25","In-Person",
"LB5B","27481","PSYCH 1071 (2, 1)","Statistical Methods Laboratory","TH","2:15 PM - 4:05 PM","Rosenthal, Elizabeth","DY G05","24","25","In-Person",
"LB6A","27482","PSYCH 1071 (2, 1)","Statistical Methods Laboratory","T","4:30 PM - 6:20 PM",", ","DY G05","4","25","In-Person",
"LB6B","27483","PSYCH 1071 (2, 1)","Statistical Methods Laboratory","TH","4:30 PM - 6:20 PM",", ","DY G05","2","25","In-Person",
"LB7A","27484","PSYCH 1071 (2, 1)","Statistical Methods Laboratory","SU","1:00 PM - 2:50 PM","Nisanov, Rudolf","PH 206","23","24","In-Person",
"LB4B","27478","PSYCH 1071 (2, 1)","Statistical Methods Laboratory","TH","12:10 PM - 2:00 PM","Rosenthal, Elizabeth","DY G05","4","25","In-Person",
"LB4A","27476","PSYCH 1071 (2, 1)","Statistical Methods Laboratory","T","12:10 PM - 2:00 PM",", ","DY G05","8","25","In-Person",
"LB3A","27475","PSYCH 1071 (2, 1)","Statistical Methods Laboratory","M","4:30 PM - 6:20 PM","Abergel, Tanya","DY G05","6","25","In-Person",
"LB3B","27474","PSYCH 1071 (2, 1)","Statistical Methods Laboratory","W","4:30 PM - 6:20 PM","Mangiapanello, Kathleen","DY G05","8","25","In-Person",
"LB2B","27473","PSYCH 1071 (2, 1)","Statistical Methods Laboratory","W","2:15 PM - 4:05 PM",", ","DY G05","4","25","In-Person",
"LB2A","27472","PSYCH 1071 (2, 1)","Statistical Methods Laboratory","M","2:15 PM - 4:05 PM","Abergel, Tanya","DY G05","8","25","In-Person",
"LB1B","27471","PSYCH 1071 (2, 1)","Statistical Methods Laboratory","TH","10:05 AM - 11:55 AM",", ","DY G05","4","25","In-Person",
"E1B","27469","PSYCH 1071 (2, 1)","Statistical Methods Laboratory","W","6:30 PM - 8:20 PM",", ","DY G05","19","25","In-Person",
"E3B","27467","PSYCH 1071 (2, 1)","Statistical Methods Laboratory","TH","6:30 PM - 8:20 PM",", ","DY G05","9","25","In-Person",
"E3A","27466","PSYCH 1071 (2, 1)","Statistical Methods Laboratory","T","6:30 PM - 8:20 PM","Abergel, Tanya","DY G05","10","25","In-Person",
"LB1A","27050","PSYCH 1071 (2, 1)","Statistical Methods Laboratory","T","10:05 AM - 11:55 AM","Atkin, Tsippa","DY G05","9","25","In-Person",
"E1A","27464","PSYCH 1071 (2, 1)","Statistical Methods Laboratory","M","6:30 PM - 8:20 PM",", ","DY G05","16","25","In-Person",
"EVE1","27496","PSYCH 1073 (4, 3)","Statistical Methods","M, W","4:30 PM - 6:20 PM","Guerrero, Bekime","PH 121","33","50","In-Person",
"LEC7","27493","PSYCH 1073 (4, 3)","Statistical Methods","SU","8:10 AM - 12:00 PM","Nisanov, Rudolf","PH 118","25","25","In-Person",
"LEC6","27492","PSYCH 1073 (4, 3)","Statistical Methods","T, TH","2:15 PM - 4:05 PM","St Jacques, Nicole","PH 118","7","50","In-Person",
"LEC5","27491","PSYCH 1073 (4, 3)","Statistical Methods","T, TH","12:10 PM - 2:00 PM","Mangiapanello, Kathleen","PH 118","50","50","In-Person",
"EVE3","27497","PSYCH 1073 (4, 3)","Statistical Methods","T, TH","4:30 PM - 6:20 PM","Mangiapanello, Kathleen","PH 121","20","50","In-Person",
"LEC3","27489","PSYCH 1073 (4, 3)","Statistical Methods","M, W","2:15 PM - 4:05 PM","Guerrero, Bekime","PH 118","14","50","In-Person",
"LEC2","27488","PSYCH 1073 (4, 3)","Statistical Methods","M, W","10:05 AM - 11:55 AM","Kang, Hyun Jin","PH 118","12","50","In-Person",
"LEC1","27487","PSYCH 1073 (4, 3)","Statistical Methods","T, TH","8:00 AM - 9:50 AM","Fan, Jin","PH 118","12","50","In-Person",
"LEC4","27490","PSYCH 1073 (4, 3)","Statistical Methods","T, TH","10:05 AM - 11:55 AM","Fan, Jin","PH 118","12","50","In-Person",
"EVE3","28887","PSYCH 213W (6, 4)","Experimental Psychology","T, TH","5:00 PM - 7:50 PM","Carneglia, Nikolas","KY 115","22","22","In-Person",
"EVE3","28887","PSYCH 213W (6, 4)","Experimental Psychology","T, TH","5:00 PM - 7:50 PM","Carneglia, Nikolas","KY 115","22","22","In-Person",
"LEC2","28890","PSYCH 213W (6, 4)","Experimental Psychology","M, W","9:10 AM - 12:00 PM","Puzzo, David","KY 115","22","22","In-Person",
"LEC2","28890","PSYCH 213W (6, 4)","Experimental Psychology","M, W","9:10 AM - 12:00 PM","Puzzo, David","KY 115","22","22","In-Person",
"EVE4","29375","PSYCH 213W (6, 4)","Experimental Psychology","TH","6:30 PM - 9:20 PM",", ","SB A337","21","22","Hybrid Sync",
"LEC5","28885","PSYCH 213W (6, 4)","Experimental Psychology","T","9:10 AM - 12:00 PM","Romero, Matthew","KY 115","22","22","Hybrid Async",
"LEC5","28885","PSYCH 213W (6, 4)","Experimental Psychology","T","9:10 AM - 12:00 PM","Romero, Matthew","KY 115","22","22","Hybrid Async",
"LEC5","28885","PSYCH 213W (6, 4)","Experimental Psychology","&nbsp;"," - ","Mahoney, Lauren","OL 02","22","22","Hybrid Async",
"LEC5","28885","PSYCH 213W (6, 4)","Experimental Psychology","&nbsp;"," - ","Mahoney, Lauren","OL 02","22","22","Hybrid Async",
"LC15","28886","PSYCH 213W (6, 4)","Experimental Psychology","T, TH","1:40 PM - 4:30 PM","Lenzer, Janice","KY 115","22","22","In-Person",
"LC15","28886","PSYCH 213W (6, 4)","Experimental Psychology","T, TH","1:40 PM - 4:30 PM","Lenzer, Janice","KY 115","22","22","In-Person",
"LC15","28886","PSYCH 213W (6, 4)","Experimental Psychology","T, TH","1:40 PM - 4:30 PM","Zetterstroem, Ole Gunnar","KY 115","22","22","In-Person",
"LC15","28886","PSYCH 213W (6, 4)","Experimental Psychology","T, TH","1:40 PM - 4:30 PM","Zetterstroem, Ole Gunnar","KY 115","22","22","In-Person",
"SAT1","29535","PSYCH 213W (6, 4)","Experimental Psychology","S","8:00 AM - 3:00 PM","Persaud, Kirk","SB A337","11","22","In-Person",
"SAT1","29535","PSYCH 213W (6, 4)","Experimental Psychology","S","8:00 AM - 3:00 PM","Persaud, Kirk","SB A337","11","22","In-Person",
"LEC6","29536","PSYCH 213W (6, 4)","Experimental Psychology","T, TH","1:40 PM - 4:30 PM","Rotella, Francis","SB A337","22","22","In-Person",
"LEC6","29536","PSYCH 213W (6, 4)","Experimental Psychology","T, TH","1:40 PM - 4:30 PM","Rotella, Francis","SB A337","22","22","In-Person",
"LEC3","29537","PSYCH 213W (6, 4)","Experimental Psychology","M","1:40 PM - 4:30 PM","Lee, Jane","OL 01","22","22","Hybrid Sync",
"LEC3","29537","PSYCH 213W (6, 4)","Experimental Psychology","M","1:40 PM - 4:30 PM","Lee, Jane","OL 01","22","22","Hybrid Sync",
"LEC3","29537","PSYCH 213W (6, 4)","Experimental Psychology","W","1:40 PM - 4:30 PM","Doran, Erica","SB A337","22","22","Hybrid Sync",
"LEC3","29537","PSYCH 213W (6, 4)","Experimental Psychology","W","1:40 PM - 4:30 PM","Doran, Erica","SB A337","22","22","Hybrid Sync",
"LC13","29538","PSYCH 213W (6, 4)","Experimental Psychology","F","9:00 AM - 4:00 PM","Romero, Matthew","SB A337","22","22","In-Person",
"LC13","29538","PSYCH 213W (6, 4)","Experimental Psychology","F","9:00 AM - 4:00 PM","Romero, Matthew","SB A337","22","22","In-Person",
"EVE1","29539","PSYCH 213W (6, 4)","Experimental Psychology","M, W","5:00 PM - 7:50 PM","Mason, Zachary","SB A337","18","22","In-Person",
"EVE1","29539","PSYCH 213W (6, 4)","Experimental Psychology","M, W","5:00 PM - 7:50 PM","Mason, Zachary","SB A337","18","22","In-Person",
"LEC1","29374","PSYCH 213W (6, 4)","Experimental Psychology","M","9:10 AM - 12:00 PM","Weng, Shih Jen","OL 01","22","22","Hybrid Sync",
"LEC1","29374","PSYCH 213W (6, 4)","Experimental Psychology","M","9:10 AM - 12:00 PM","Weng, Shih Jen","OL 01","22","22","Hybrid Sync",
"LEC1","29374","PSYCH 213W (6, 4)","Experimental Psychology","W","9:10 AM - 12:00 PM","Rotella, Francis","SB A337","22","22","Hybrid Sync",
"LEC1","29374","PSYCH 213W (6, 4)","Experimental Psychology","W","9:10 AM - 12:00 PM","Rotella, Francis","SB A337","22","22","Hybrid Sync",
"EVE4","29375","PSYCH 213W (6, 4)","Experimental Psychology","T","6:30 PM - 9:20 PM",", ","OL 01","21","22","Hybrid Sync",
"EVE4","29375","PSYCH 213W (6, 4)","Experimental Psychology","T","6:30 PM - 9:20 PM",", ","OL 01","21","22","Hybrid Sync",
"EVE4","29375","PSYCH 213W (6, 4)","Experimental Psychology","TH","6:30 PM - 9:20 PM",", ","SB A337","21","22","Hybrid Sync",
"LEC1","29408","PSYCH 214 (3, 3)","Dev Psy: Infant And Child","T, TH","10:45 AM - 12:00 PM","Dixon, Ashley","SB C203","59","59","In-Person",
"SUN","33839","PSYCH 214 (3, 3)","Dev Psy: Infant And Child","SU","9:10 AM - 12:00 PM","Figuccio, Michael","OL 01","89","89","Online Mix",
"EVE1","29407","PSYCH 215 (3, 3)","Dev Psy: Adolescence","W","5:00 PM - 7:50 PM","Carneglia, Nikolas","QH 120","51","59","In-Person",
"LEC1","29405","PSYCH 216 (3, 3)","Dev Psy: Adulthood &amp; Aging","T","1:40 PM - 4:30 PM","Spring, Toni","QH 120","56","59","In-Person",
"LEC1","27051","PSYCH 217 (3, 3)","Life-Span Dev Psych","M, W","10:45 AM - 12:00 PM","Atkin, Tsippa","QH 120","87","89","In-Person",
"LEC1","27052","PSYCH 221 (3, 3)","Psychopathology","M, W","9:15 AM - 10:30 AM","Atkin, Tsippa","QH 120","44","59","In-Person",
"EVE1","29400","PSYCH 221 (3, 3)","Psychopathology","M","5:00 PM - 7:50 PM","Ross, Katrina","QH 120","59","59","In-Person",
"LEC1","29398","PSYCH 226 (3, 3)","Intro Indust &amp; Organ Psych","T, TH","9:15 AM - 10:30 AM","Goldberg, Jeffrey","SB C203","36","59","In-Person",
"LEC2","27346","PSYCH 230 (3, 3)","Cognition","W","9:10 AM - 12:00 PM","Carlton, Caroline","OL 01","59","59","Online Sync",
"LEC1","27345","PSYCH 230 (3, 3)","Cognition","SU","1:00 PM - 3:50 PM","Maniscalco, James","OL 01","59","59","Online Sync",
"EVE","33840","PSYCH 231 (3, 3)","Psychology of Human Motivation","M, W","7:15 PM - 8:30 PM","Politis, Stephen","KY 270","15","59","In-Person",
"LEC1","28941","PSYCH 232 (3, 3)","The Psychology of Personality","M, W","1:40 PM - 2:55 PM","Storbeck, Justin","RO 230","115","119","In-Person",
"01","52883","PSYCH 233 (3, 3)","Cross-Cultural Psychology","M","1:40 PM - 4:30 PM","Mohamad, Nawal","RA 206","5","30","In-Person",
"LEC1","27679","PSYCH 238 (3, 3)","Social Behavior","M, W","9:15 AM - 10:30 AM","Storbeck, Justin","SB C203","59","59","In-Person",
"LEC1","28938","PSYCH 243 (3, 3)","Intro Behav Neuroscience","T, TH","1:40 PM - 2:55 PM","Stowers, Erik","PH 012","16","40","In-Person",
"002","28939","PSYCH 243 (3, 3)","Intro Behav Neuroscience","M, W","9:15 AM - 10:30 AM","Bodnar, Richard","SB C207","22","30","In-Person",
"LEC1","27864","PSYCH 248 (3, 3)","Hist &amp; Systems of Psychology","M","1:40 PM - 4:30 PM","Beeler, Jeff","SB D133","5","10","In-Person",
"LEC1","28606","PSYCH 251 (3, 3)","Intro Lrn &amp; Beh Analysis","W","9:10 AM - 12:00 PM","Pagano, Concettina","SB B137","50","59","In-Person",
"LEC1","27347","PSYCH 256 (3, 3)","The Psychology of Addiction","F","9:10 AM - 12:00 PM","Monda, Ilyssa","OL 01","89","89","Online Sync",
"LEC1","27368","PSYCH 257 (3, 3)","The Psychology of Sport &amp; Exer","&nbsp;"," - ","Pagano, Concettina","OL 02","119","119","Online Async",
"EVE1","28203","PSYCH 260 (3, 3)","Sensation and Perception","T","6:40 PM - 9:15 PM",", ","SB C207","22","30","In-Person",
"001","27499","PSYCH 2812 (6, 2)","VT: Special Topics in Psych","TH","1:40 PM - 4:30 PM","Pagano, Concettina","OL 01","0","30","Online Mix",
"001","27499","PSYCH 2812 (6, 2)","VT: Special Topics in Psych","TH","1:40 PM - 4:30 PM","Doran, Erica","OL 01","0","30","Online Mix",
"LEC4","40191","PSYCH 2813 (9, 3)","VT: Special Topics in Psych","T, TH","2:15 PM - 4:05 PM","Cornwell, Melinda"," ","18","18","In-Person",
"LEC3","27498","PSYCH 2813 (9, 3)","VT: Special Topics in Psych","W","9:10 AM - 12:00 PM","Byrd, Desiree","KY 264","2","30","In-Person",
"LEC1","27049","PSYCH 2813 (9, 3)","VT: Special Topics in Psych","W","1:40 PM - 4:30 PM","Ranaldi, Robert","KY 321","1","30","In-Person",
"LEC5","43789","PSYCH 2813 (9, 3)","VT: Special Topics in Psych","F","9:10 AM - 10:40 AM","Rafeeq, Alysha","SB A302","10","15","Hybrid Async",
"LEC2","27048","PSYCH 2813 (9, 3)","VT: Special Topics in Psych","&nbsp;"," - ","Nikulina, Valentina","OL 02","54","59","Online Async",
"LEC2","28641","PSYCH 311 (6, 4)","Adv Exp Psych: Learning","TH","9:10 AM - 12:00 PM","Cameron, Danielle","OL 01","17","22","Hybrid Sync",
"LEC4","29233","PSYCH 311 (6, 4)","Adv Exp Psych: Learning","M","5:00 PM - 7:50 PM","Weisberg, Holly","SB A302","22","22","Hybrid Async",
"LEC4","29233","PSYCH 311 (6, 4)","Adv Exp Psych: Learning","M","5:00 PM - 7:50 PM","Weisberg, Holly","SB A302","22","22","Hybrid Async",
"LEC4","29233","PSYCH 311 (6, 4)","Adv Exp Psych: Learning","&nbsp;"," - ","Weisberg, Holly","OL 02","22","22","Hybrid Async",
"LEC5","28689","PSYCH 311 (6, 4)","Adv Exp Psych: Learning","&nbsp;"," - ",", ","OL 02","22","22","Hybrid Async",
"LEC5","28689","PSYCH 311 (6, 4)","Adv Exp Psych: Learning","&nbsp;"," - ",", ","OL 02","22","22","Hybrid Async",
"LEC1","27047","PSYCH 311 (6, 4)","Adv Exp Psych: Learning","M, W","9:10 AM - 12:00 PM","Rafeeq, Alysha","QH 245G","21","22","In-Person",
"LEC1","27047","PSYCH 311 (6, 4)","Adv Exp Psych: Learning","M, W","9:10 AM - 12:00 PM","Rafeeq, Alysha","QH 245G","21","22","In-Person",
"LEC3","29234","PSYCH 311 (6, 4)","Adv Exp Psych: Learning","M","1:40 PM - 4:30 PM","Weisberg, Holly","SB A302","22","22","Hybrid Async",
"LEC3","29234","PSYCH 311 (6, 4)","Adv Exp Psych: Learning","&nbsp;"," - ","Weisberg, Holly","OL 02","22","22","Hybrid Async",
"LEC3","29234","PSYCH 311 (6, 4)","Adv Exp Psych: Learning","M","1:40 PM - 4:30 PM","Weisberg, Holly","SB A302","22","22","Hybrid Async",
"LEC4","29233","PSYCH 311 (6, 4)","Adv Exp Psych: Learning","&nbsp;"," - ","Weisberg, Holly","OL 02","22","22","Hybrid Async",
"LEC2","28641","PSYCH 311 (6, 4)","Adv Exp Psych: Learning","T","9:10 AM - 12:00 PM","Cameron, Danielle","QH 322","17","22","Hybrid Sync",
"LEC2","28641","PSYCH 311 (6, 4)","Adv Exp Psych: Learning","T","9:10 AM - 12:00 PM","Cameron, Danielle","QH 322","17","22","Hybrid Sync",
"LEC3","29234","PSYCH 311 (6, 4)","Adv Exp Psych: Learning","&nbsp;"," - ","Weisberg, Holly","OL 02","22","22","Hybrid Async",
"LEC2","28641","PSYCH 311 (6, 4)","Adv Exp Psych: Learning","TH","9:10 AM - 12:00 PM","Cameron, Danielle","OL 01","17","22","Hybrid Sync",
"LEC5","28689","PSYCH 311 (6, 4)","Adv Exp Psych: Learning","TH","1:40 PM - 4:30 PM","Pacheco, Cristina","PH 151","22","22","Hybrid Async",
"LEC5","28689","PSYCH 311 (6, 4)","Adv Exp Psych: Learning","TH","1:40 PM - 4:30 PM","Pacheco, Cristina","PH 151","22","22","Hybrid Async",
"EVE1","28884","PSYCH 313 (6, 4)","Adv Exp Psy: Cognition","M","6:30 PM - 9:20 PM","Stalias, Maria","KY 115","17","20","Hybrid Sync",
"03","55172","PSYCH 313 (6, 4)","Adv Exp Psy: Cognition","T","9:10 AM - 12:00 PM","Kacin, Melanie","OL 01","0","20","Hybrid Sync",
"EVE2","28883","PSYCH 313 (6, 4)","Adv Exp Psy: Cognition","&nbsp;"," - ","Peters, Laurisa","OL 02","20","20","Hybrid Async",
"03","55172","PSYCH 313 (6, 4)","Adv Exp Psy: Cognition","F","9:10 AM - 12:00 PM","Valad, Jennifer","KY 115","0","20","Hybrid Sync",
"EVE2","28883","PSYCH 313 (6, 4)","Adv Exp Psy: Cognition","T","5:00 PM - 7:50 PM","Peters, Laurisa","IB 213","20","20","Hybrid Async",
"EVE1","28884","PSYCH 313 (6, 4)","Adv Exp Psy: Cognition","W","6:30 PM - 9:20 PM","Stalias, Maria","OL 01","17","20","Hybrid Sync",
"LEC1","28642","PSYCH 314 (6, 4)","Adv Exp Psy: Soc Pers","T","9:10 AM - 12:00 PM","Lenzer, Janice","OL 01","11","20","Hybrid Sync",
"LEC1","28642","PSYCH 314 (6, 4)","Adv Exp Psy: Soc Pers","TH","9:10 AM - 12:00 PM","Lenzer, Janice","QH 320","11","20","Hybrid Sync",
"EVE1","28879","PSYCH 314 (6, 4)","Adv Exp Psy: Soc Pers","T","6:30 PM - 9:20 PM","Zetterstroem, Ole Gunnar","PH 208","20","20","Hybrid Async",
"EVE1","28879","PSYCH 314 (6, 4)","Adv Exp Psy: Soc Pers","&nbsp;"," - ","Zetterstroem, Ole Gunnar","OL 02","20","20","Hybrid Async",
"EVE1","28880","PSYCH 316 (6, 4)","Adv Exp Psy: Neurobio","M, W","6:30 PM - 9:20 PM","Li, Gaozhen","PH 206","7","20","In-Person",
"LEC2","28462","PSYCH 321 (6, 4)","Adv Exp Psych: Clinical","&nbsp;"," - ","Barahmand, Usha","OL 02","17","20","Hybrid Async",
"LEC2","28462","PSYCH 321 (6, 4)","Adv Exp Psych: Clinical","W","1:40 PM - 4:30 PM","Barahmand, Usha","PH 206","17","20","Hybrid Async",
"SUN1","40490","PSYCH 321 (6, 4)","Adv Exp Psych: Clinical","SU","8:00 AM - 3:00 PM","Derosse, Pamela","PH 212","11","20","In-Person",
"01","52879","PSYCH 3273 (135, 3)","Undergraduate Internship","TH","5:00 PM - 7:50 PM","Valad, Jennifer","OL 01","1","10","Online Mix",
"LEC1","29397","PSYCH 334 (3, 3)","Perception&amp;Cognition Developmt","T, TH","7:45 AM - 9:00 AM","Hachimine-Merli, Priscila","OL 01","82","89","Online Sync",
"LEC1","27635","PSYCH 337 (3, 3)","Evolutionary Psychology","W","1:40 PM - 4:30 PM","Sneed, Joel","OL 01","76","89","Online Sync",
"LEC1","28933","PSYCH 341 (3, 3)","Intro Psychodynamic Psychother","M, W","10:45 AM - 12:00 PM","Sneed, Joel","PH 132","13","59","Hyflex",
"LEC2","37116","PSYCH 345 (3, 3)","Cognitive Neuroscience","M","1:40 PM - 4:30 PM","Nagpal, Natalie","OL 01","18","59","Online Sync",
"LEC1","29395","PSYCH 346 (3, 3)","Neuroscience of Memory","T, TH","10:45 AM - 12:00 PM","Murphy, Cayla","QH 120","10","30","In-Person",
"LEC1","29232","PSYCH 347 (3, 3)","Intro Clinical Psych","M","9:10 AM - 12:00 PM","Nikulina, Valentina","KY 264","35","59","Hyflex",
"LEC1","29394","PSYCH 349 (3, 3)","Disorders Childhood &amp; Adolesce","M, W","7:45 AM - 9:00 AM","Dixon, Ashley","OL 01","51","59","Online Sync",
"LEC1","28585","PSYCH 352 (3, 3)","Psychopharmacology","M","1:40 PM - 4:30 PM","Bodnar, Richard","HH 12","10","20","In-Person",
"EVE1","29392","PSYCH 353 (3, 3)","The Psychology of Sex &amp; Gender","M, W","8:00 PM - 9:15 PM","Lopez, Johnny","OL 01","59","59","Online Sync",
"LEC1","28138","PSYCH 355 (1, 1)","Pract: Psych Academic Advismnt","&nbsp;"," - ",", "," ","0","3","In-Person",
"LEC1","28137","PSYCH 356 (1, 1)","Adv Pract Acad Advsmt Pysch","&nbsp;"," - ",", "," ","0","3","In-Person",
"EVE1","29391","PSYCH 358 (3, 3)","Autism","T, TH","7:15 PM - 8:30 PM",", ","OL 01","56","59","Online Sync",
"EVE1","29390","PSYCH 359 (3, 3)","Developmental Disabilities","M, W","6:30 PM - 7:45 PM",", ","OL 01","59","59","Online Sync",
"LEC1","28454","PSYCH 360 (3, 3)","Contemporary Psychotherapies","M","1:40 PM - 4:30 PM","Sneed, Joel","PH 132","19","59","Hyflex",
"01","27870","PSYCH 700 (3, 3)","History of Psychology","M","1:40 PM - 4:30 PM","Beeler, Jeff","SB D133","13","15","In-Person",
"001","28786","PSYCH 7042 (3, 3)","Neurosci Methods II: Quantitat","T","10:05 AM - 11:55 AM","Unger, Kerstin","KY 061","12","12","In-Person",
"001","28786","PSYCH 7042 (3, 3)","Neurosci Methods II: Quantitat","T","1:00 PM - 2:50 PM","Unger, Kerstin","KY 061","12","12","In-Person",
"01","28790","PSYCH 7084 (3, 3)","Behavioral Neuroscience","M, W","9:15 AM - 10:30 AM","Bodnar, Richard","SB C207","1","15","In-Person",
"01","27452","PSYCH 7091 (3, 3)","Basic Neuroscience: Molecular","TH","9:10 AM - 12:00 PM","Cataldo, Giuseppe","SB A302","3","15","In-Person",
"01","27451","PSYCH 7092 (3, 3)","Basic Neuroscience: Systems Ne","T","9:10 AM - 12:00 PM","Bodnar, Richard","SB A302","1","15","In-Person",
"01","29229","PSYCH 72002 (3, 3)","Dev Disab II: Funct Assessment","M","6:00 PM - 8:50 PM",", ","OL 01","27","5","Online Sync",
"01","27658","PSYCH 72004 (3, 3)","Behavior Analysis of Child Dev","T","6:00 PM - 7:30 PM","Macdowell, Phoebe","OL 01","4","25","Online Mix",
"01","29228","PSYCH 730 (3, 3)","Psychology of Learning","T","6:00 PM - 7:30 PM","D'Ateno, Patricia","OL 01","8","15","Online Mix",
"01","29227","PSYCH 73001 (6, 3)","Theory &amp; Method in ABA I","M","6:00 PM - 7:30 PM",", ","OL 01","0","5","Online Mix",
"01","29226","PSYCH 73005 (3, 3)","Methods in Behavior Analysis","W","6:00 PM - 8:50 PM","D'Ateno, Patricia","OL 01","0","5","Online Sync",
"01","27046","PSYCH 738 (3, 3)","Cognition","TH","6:30 PM - 9:20 PM","Stalias, Maria","OL 01","10","15","Online Sync",
"01","28789","PSYCH 740 (3, 3)","Personality","T","10:05 AM - 11:55 AM","Gaztambide, Daniel","OL 01","6","15","Online Sync",
"01","27344","PSYCH 744 (3, 3)","Skill Building","W","6:00 PM - 7:30 PM",", ","OL 01","13","5","Online Mix",
"02","27338","PSYCH 750 (1, 1)","Rsrch Mthds Behav Analysis Lab","TH","4:45 PM - 5:45 PM","Weisberg, Holly","OL 01","0","5","Online Sync",
"03","27339","PSYCH 750 (1, 1)","Rsrch Mthds Behav Analysis Lab","SU","8:00 AM - 9:00 AM","Song, Jinwei","KY 419","0","5","Hybrid Sync",
"01","27341","PSYCH 750 (1, 1)","Rsrch Mthds Behav Analysis Lab","SU","8:00 AM - 9:00 AM","Jones, Emily","KY 421","0","5","Hybrid Sync",
"01","28702","PSYCH 755 (3, 3)","Psychopathology","T","9:10 AM - 12:00 PM","Byrd, Desiree","SB A307","4","15","In-Person",
"01","27449","PSYCH 7722 (1, 1)","Colloquium","W","12:15 PM - 1:30 PM",", ","SB E308","8","30","In-Person",
"001","27448","PSYCH 7723 (2, 2)","Thesis Seminar","W","2:30 PM - 4:20 PM",", ","SB E308","8","12","In-Person",
"04","29223","PSYCH 7913 (3, 3)","VT: Seminar in Selected Topics","&nbsp;"," - ",", ","OL 01","3","2","Online Mix",
"02","29143","PSYCH 7913 (3, 3)","VT: Seminar in Selected Topics","&nbsp;"," - ","Song, Jinwei","OL 02","2","2","Online Async",
"07","44084","PSYCH 7913 (3, 3)","VT: Seminar in Selected Topics","&nbsp;"," - ","Cataldo, Giuseppe"," ","1","1","In-Person",
"08","44211","PSYCH 7913 (3, 3)","VT: Seminar in Selected Topics","&nbsp;"," - ","Storbeck, Justin"," ","1","1","In-Person",
"09","51885","PSYCH 7913 (3, 3)","VT: Seminar in Selected Topics","F","9:10 AM - 12:00 PM","Monda, Ilyssa","OL 01","5","5","Online Sync",
"01","29225","PSYCH 7913 (3, 3)","VT: Seminar in Selected Topics","&nbsp;"," - ","Jones, Emily","OL 01","8","2","Online Mix",
"05","29222","PSYCH 7913 (3, 3)","VT: Seminar in Selected Topics","M","9:10 AM - 12:00 PM","Nikulina, Valentina","KY 264","0","5","Hyflex",
"03","29224","PSYCH 7913 (3, 3)","VT: Seminar in Selected Topics","&nbsp;"," - ","D'Ateno, Patricia","OL 01","5","2","Online Mix",
"06","29653","PSYCH 7913 (3, 3)","VT: Seminar in Selected Topics","&nbsp;"," - ","Ranaldi, Robert"," ","1","3","In-Person",
"02","29220","PSYCH 795 (3, 3)","ABA Thesis Preparation","TH","6:00 PM - 7:30 PM","D'Ateno, Patricia","OL 01","10","5","Online Mix",
"01","29221","PSYCH 795 (3, 3)","ABA Thesis Preparation","TH","6:00 PM - 7:30 PM","Jones, Emily","OL 01","8","5","Online Mix",
"001","55237","QNS 006 (0, 0)","Tutorial","TH","10:00 AM - 11:00 AM",", ","HH 08","0","20","In-Person",
"001","55207","QNS 008 (0, 0)","Tutorial","T, TH","11:45 AM - 12:15 PM",", ","HH 08","0","20","In-Person",
"001","55208","QNS 009 (0, 0)","Tutorial","M, W","11:55 AM - 12:25 PM",", ","KY 425","0","20","In-Person",
"001","55209","QNS 010 (0, 0)","Tutorial","T, TH","4:30 PM - 5:00 PM",", ","KY 431","0","20","In-Person",
"001","55210","QNS 011 (0, 0)","Tutorial","T","10:00 AM - 11:00 AM",", ","OL 01","0","30","Online Sync",
"02","54785","RLGST 102 (3, 3)","Intro Eastern Religions","T, TH","1:40 PM - 2:55 PM",", ","OL 01","1","5","Hybrid Sync",
"02","54785","RLGST 102 (3, 3)","Intro Eastern Religions","TH","1:45 PM - 2:55 PM",", ","QH 265H","1","5","Hybrid Sync",
"02","54785","RLGST 102 (3, 3)","Intro Eastern Religions","T","1:40 PM - 2:55 PM",", ","QH 265H","1","5","Hybrid Sync",
"001","27993","RM 701 (3, 3)","Enterprise Risk Management","W","6:55 PM - 9:45 PM","Marshall, Cara","QH 315C","4","20","In-Person",
"001","28003","RM 702 (3, 3)","Accounting for Risk Management","T","6:55 PM - 9:45 PM","Yan, Yan","PH 114","3","20","Hybrid Sync",
"001","28027","RM 704 (3, 3)","Risk Measurement","&nbsp;"," - ","Marshall, Cara","OL 02","4","20","Online Async",
"001","28044","RM 705 (3, 3)","Risk Trnsfr to Financial Mrkts","TH","6:55 PM - 9:45 PM","Talisse, Edward","PH 108","1","20","Hybrid Sync",
"001","28043","RM 706 (3, 3)","Risk Transf to Insurance Mkts","W","6:55 PM - 9:45 PM","Dellova, Michael","KY 277","6","20","Hybrid Sync",
"001","28042","RM 710 (3, 3)","Fixed Income Instruments","TH","6:30 PM - 9:20 PM","Wagner, John","PH 157","3","20","Hybrid Sync",
"001","28018","RM 711 (3, 3)","Applied Financial Analysis","&nbsp;"," - ","Marshall, Cara"," ","2","10","Hybrid Async",
"001","29799","RM 742 (6, 4)","Data Sci via Machine Learning","M, W","10:45 AM - 12:00 PM","Pitschner, Stefan","RA 214","0","10","In-Person",
"002","29292","RUSS 111 (4, 4)","Elementary Russian I","T, TH","10:05 AM - 11:55 AM","Pisetskaya, Aksana","OL 01","8","25","Online Sync",
"001","28748","RUSS 111 (4, 4)","Elementary Russian I","M, W","10:05 AM - 11:55 AM","Kulimova, Rima","QH 350F","9","25","In-Person",
"001","29274","RUSS 155W (3, 3)","Keys to Russian Literature","&nbsp;"," - ","Permitina, Olga","OL 02","25","25","Online Async",
"001","27351","RUSS 175 (3, 3)","Russian Fairy Tales","T","12:15 PM - 1:30 PM","Cheloukhina, Svetlana","QH 181","9","25","Hybrid Async",
"001","29219","RUSS 2143 (3, 3)","Intermed. Russian Conversation","T, TH","10:45 AM - 12:00 PM","Permitina, Olga","OL 01","0","25","Online Sync",
"001","29278","RUSS 275 (3, 3)","Pushkin","&nbsp;"," - ","Cheloukhina, Svetlana","OL 02","3","25","Online Async",
"001","29277","RUSS 285 (3, 3)","Russ Silver Age &amp; Avant-Garde","&nbsp;"," - ","Cheloukhina, Svetlana","OL 02","10","20","Online Async",
"01","27460","SEYS 120 (3, 3)","Education for Social Justice","W","4:35 PM - 7:05 PM","Dukes, Vivett","KY 431","0","25","In-Person",
"01","29644","SEYS 201W (3, 3)","Hst, Soc &amp; Phil Found","M","4:35 PM - 7:05 PM",", ","PH 012","5","25","In-Person",
"02","29643","SEYS 201W (3, 3)","Hst, Soc &amp; Phil Found","T, TH","10:45 AM - 12:00 PM",", ","PH 151","15","25","In-Person",
"03","29642","SEYS 201W (3, 3)","Hst, Soc &amp; Phil Found","W","4:35 PM - 7:05 PM","Grey, Leslee","PH 151","3","25","Hybrid Sync",
"04","29641","SEYS 201W (3, 3)","Hst, Soc &amp; Phil Found","M, W","3:10 PM - 4:25 PM",", ","PH 151","18","25","Hybrid Sync",
"02","28451","SEYS 221 (3, 3)","Dvlmpt &amp; Learn Mid Chldhd &amp; Ad","T","1:00 PM - 3:40 PM","Bhattacharya, Alpana","RA 210","17","25","In-Person",
"01","29588","SEYS 221 (3, 3)","Dvlmpt &amp; Learn Mid Chldhd &amp; Ad","M, W","10:45 AM - 12:00 PM","Martin, Juanita","PH 151","23","25","In-Person",
"03","29034","SEYS 221 (3, 3)","Dvlmpt &amp; Learn Mid Chldhd &amp; Ad","T","4:35 PM - 7:05 PM","Bhattacharya, Alpana","PH 012","16","25","In-Person",
"04T","29033","SEYS 221 (3, 3)","Dvlmpt &amp; Learn Mid Chldhd &amp; Ad","T, TH","12:15 PM - 1:30 PM","Artzt, Alice","PH 004","4","25","In-Person",
"02","29640","SEYS 340 (3, 3)","Lang, Lit &amp; Culture In Edu","T","4:35 PM - 7:05 PM","Gouede, Karen","PH 118","16","25","In-Person",
"01","29564","SEYS 340 (3, 3)","Lang, Lit &amp; Culture In Edu","M","4:35 PM - 7:05 PM","Ortiz, Beatriz","OL 01","25","25","Online Sync",
"03T","29032","SEYS 350 (3, 3)","Cogn, Tech, &amp; Instru Dive Lear","TH","4:35 PM - 7:05 PM","Bergey, Bradley","PH 004","12","25","In-Person",
"01","28820","SEYS 350 (3, 3)","Cogn, Tech, &amp; Instru Dive Lear","T, TH","1:40 PM - 2:55 PM","Bergey, Bradley","RA 206","25","25","In-Person",
"02","28818","SEYS 350 (3, 3)","Cogn, Tech, &amp; Instru Dive Lear","T, TH","3:10 PM - 4:25 PM","Bergey, Bradley","RA 206","21","25","In-Person",
"01","29639","SEYS 361 (3, 3)","Methods Teaching Math Mid &amp; HS","T","4:35 PM - 7:25 PM","Artzt, Alice","PH 004","11","15","In-Person",
"01","29572","SEYS 365 (3, 3)","Methods of Teaching Art II","W","4:35 PM - 7:05 PM","Hopkins, Jeffrey","KP 672","1","10","In-Person",
"02","28421","SEYS 365 (3, 3)","Methods of Teaching Art II","W","4:35 PM - 7:05 PM",", ","RA 210","4","10","In-Person",
"01","29636","SEYS 3702 (3, 3)","Init Clin Exp Engl Lang Arts","TH","4:30 PM - 6:30 PM","Tronrud, Wendy","OL 01","11","10","Online Sync",
"01","29635","SEYS 3712 (3, 3)","Init Clinical Experience Math","&nbsp;"," - ","Gurl, Theresa","OC OFFCAMP","1","10","In-Person",
"01","29633","SEYS 3722 (3, 3)","Student Teach I Sci Tech MS HS","M","7:15 PM - 9:45 PM","Garofalo, Salvatore","PH 004","1","10","In-Person",
"01","29631","SEYS 3732 (3, 3)","Student Teach Social Stud I","TH","4:30 PM - 6:30 PM","Waller, Melanie","OL 01","21","10","Online Sync",
"01","29631","SEYS 3732 (3, 3)","Student Teach Social Stud I","TH","4:30 PM - 6:30 PM","Katz, Meredith","OL 01","21","10","Online Sync",
"01","28215","SEYS 3742 (3, 3)","Init Clinical Exp World Lang","T","4:35 PM - 7:05 PM","Balsamo, David","QH 181","3","10","Hybrid Sync",
"01","28205","SEYS 375 (3, 3)","StudTching Visual Arts I","T","4:35 PM - 7:05 PM",", ","RA 219","4","10","In-Person",
"02","28816","SEYS 375 (3, 3)","StudTching Visual Arts I","T","4:35 PM - 7:05 PM",", ","RA 202","1","10","In-Person",
"01","28813","SEYS 380 (3, 3)","Curr &amp; Assmnt in English","W","4:35 PM - 7:05 PM","Devirgilio, Michele","RA 202","11","15","In-Person",
"01","29626","SEYS 382 (3, 3)","Instr/Assmt Tchg Sci &amp; Tech","M","4:35 PM - 7:05 PM","Bhairam-Raza, Gita","PH 004","1","10","In-Person",
"02","28414","SEYS 383 (3, 3)","Curr/Assmt Social Studies","W","4:35 PM - 7:05 PM","Waller, Melanie","KY 425","13","15","In-Person",
"01","28415","SEYS 383 (3, 3)","Curr/Assmt Social Studies","W","4:35 PM - 7:05 PM","Katz, Meredith","KY 423","8","15","In-Person",
"01","28217","SEYS 384 (3, 3)","Curr/Assmt World Language","T","7:15 PM - 9:45 PM","Margarita, Elaine","QH 179","3","10","Hybrid Sync",
"01","29624","SEYS 536 (3, 3)","Educational Foundations","M","7:15 PM - 9:45 PM","Wahba, Hanaa","OL 01","11","20","Online Sync",
"02","29623","SEYS 536 (3, 3)","Educational Foundations","T","7:15 PM - 9:45 PM","Grey, Leslee","PH 151","1","20","Hybrid Sync",
"03","28811","SEYS 536 (3, 3)","Educational Foundations","W","4:35 PM - 7:05 PM","Martinez, Danika","RA 208","4","20","In-Person",
"02","29621","SEYS 552 (3, 3)","Educational Psychology","T","7:15 PM - 9:45 PM","Beaumont-Tynes, Aldean","OL 01","8","20","Online Sync",
"01","28381","SEYS 552 (3, 3)","Educational Psychology","W","4:35 PM - 7:05 PM","Martin, Juanita","RA 214","4","20","In-Person",
"03","29619","SEYS 552 (3, 3)","Educational Psychology","TH","7:15 PM - 9:45 PM","Saltzman, Ethlyn","OL 01","14","20","Online Sync",
"01","29617","SEYS 561 (3, 3)","Methods Teaching Math Mid &amp; Hs","T","4:35 PM - 7:25 PM","Markinson, Mara","PH 008","7","15","In-Person",
"01","29571","SEYS 565 (3, 3)","Methods of Teaching Art II","W","4:35 PM - 7:05 PM","Hopkins, Jeffrey","KP 672","12","10","In-Person",
"02","28420","SEYS 565 (3, 3)","Methods of Teaching Art II","W","4:35 PM - 7:05 PM",", ","RA 210","13","10","In-Person",
"01","29614","SEYS 5702 (3, 3)","Initial Clin Exp Eng Lang Arts","TH","4:30 PM - 6:30 PM","Tronrud, Wendy","OL 01","11","10","Online Sync",
"01","29612","SEYS 5712 (3, 3)","Initial Clinical Exp in Math","&nbsp;"," - ","Gurl, Theresa","OC OFFCAMP","7","10","In-Person",
"01","29611","SEYS 5722 (3, 3)","Student Teaching I Sci &amp;Tech","M","7:15 PM - 9:45 PM","Garofalo, Salvatore","PH 004","4","10","In-Person",
"01","29609","SEYS 5732 (3, 3)","Std Teach I in Second  SocStud","TH","4:30 PM - 6:30 PM","Waller, Melanie","OL 01","13","10","Online Sync",
"01","29609","SEYS 5732 (3, 3)","Std Teach I in Second  SocStud","TH","4:30 PM - 6:30 PM","Katz, Meredith","OL 01","13","10","Online Sync",
"01","28214","SEYS 5742 (3, 3)","Init Clinical Exp World Lang","T","4:35 PM - 7:05 PM","Balsamo, David","QH 181","12","10","Hybrid Sync",
"02","28808","SEYS 575 (3, 3)","Student Teaching Visual Arts I","T","4:35 PM - 7:05 PM",", ","RA 202","13","10","In-Person",
"01","28204","SEYS 575 (3, 3)","Student Teaching Visual Arts I","T","4:35 PM - 7:05 PM",", ","RA 219","13","10","In-Person",
"01","29604","SEYS 580 (3, 3)","Curriculum &amp; Assessment in ELA","W","4:35 PM - 7:05 PM","Tronrud, Wendy","PH 118","11","15","In-Person",
"01","29603","SEYS 582 (3, 3)","Teaching Science &amp; Technology","M","4:35 PM - 7:05 PM","Bhairam-Raza, Gita","PH 004","4","10","In-Person",
"01","28806","SEYS 583 (3, 3)","Curric &amp; Assess Social Studies","T","4:35 PM - 7:05 PM","Zinnel, Ashley","RA 206","13","15","In-Person",
"01","28216","SEYS 584 (3, 3)","Curriculum &amp; Assessment Lang","T","7:15 PM - 9:45 PM","Margarita, Elaine","QH 179","12","10","Hybrid Sync",
"01","29602","SEYS 700 (3, 3)","Lang,Lit &amp; Cult Educ","M","4:35 PM - 7:05 PM","Balsamo, David","OL 01","20","20","Online Sync",
"02","29563","SEYS 700 (3, 3)","Lang,Lit &amp; Cult Educ","T","4:35 PM - 7:05 PM","Ortiz, Beatriz","OL 01","6","20","Online Sync",
"03","28804","SEYS 700 (3, 3)","Lang,Lit &amp; Cult Educ","W","4:35 PM - 7:05 PM","Gouede, Karen","RA 206","1","20","In-Person",
"01","29601","SEYS 706 (3, 3)","Globalization&amp; Comparative Edu","T","4:35 PM - 7:05 PM","Grey, Leslee","PH 151","8","20","Hybrid Sync",
"01","27379","SEYS 716 (3, 3)","Bilingual Ed: Theories &amp; Prac","M","7:15 PM - 9:45 PM","Gouede, Karen","OL 01","3","10","Online Mix",
"01","27379","SEYS 716 (3, 3)","Bilingual Ed: Theories &amp; Prac","M","7:15 PM - 9:45 PM","Gouede, Karen","OL 01","3","10","Online Mix",
"01","29600","SEYS 718 (3, 3)","Classroom Management","TH","7:15 PM - 9:45 PM",", ","PH 118","10","20","In-Person",
"01","29570","SEYS 724 (3, 3)","Teaching as Soc Pract in Arts","TH","4:35 PM - 7:05 PM",", ","PH 151","12","15","In-Person",
"02","43771","SEYS 743 (3, 3)","Curr &amp; Instr World Lang Educ","W","4:35 PM - 7:05 PM","Eddy, Jennifer","QH 182","11","15","Hybrid Sync",
"01","29599","SEYS 745 (3, 3)","Lit In Content Areas","TH","7:15 PM - 9:45 PM",", ","OL 01","0","10","Online Mix",
"01","29599","SEYS 745 (3, 3)","Lit In Content Areas","TH","7:15 PM - 9:45 PM",", ","OL 01","0","10","Online Mix",
"02","40315","SEYS 747 (3, 3)","Multiple Literacies Eng Lang","M","7:15 PM - 9:45 PM","Odlum, Lakisha","OL 01","9","15","Online Sync",
"01","29598","SEYS 7673 (3, 3)","VT: Workshop in Secondary Educ","M","4:35 PM - 7:05 PM","Katz, Meredith","PH 118","5","15","Hybrid Sync",
"02","45065","SEYS 773 (3, 3)","Seminar Research Art Edu I","W","4:35 PM - 7:05 PM","Hoyden, Jennifer","PH 012","17","15","Hybrid Sync",
"02","29596","SEYS 775 (3, 3)","Seminar Research Math Educ I","TH","4:35 PM - 7:05 PM","Markinson, Mara","PH 012","11","15","Hybrid Sync",
"01","29597","SEYS 775 (3, 3)","Seminar Research Math Educ I","W","4:35 PM - 7:05 PM","Gurl, Theresa","PH 004","8","15","Hybrid Sync",
"01","29595","SEYS 777 (3, 3)","Sem Res Science &amp; Tech I","M","4:35 PM - 7:05 PM","Farenga, Stephen","PH 151","1","15","In-Person",
"02","40313","SEYS 781 (3, 3)","Seminar Research in ELA I","W","7:15 PM - 9:45 PM","Odlum, Lakisha","PH 151","9","15","In-Person",
"01","29593","SEYS 783 (3, 3)","Sem in Res Soc Studies I","W","7:15 PM - 9:45 PM","Gerwin, David","PH 118","11","15","Hybrid Sync",
"02","43741","SEYS 785 (3, 3)","Seminar Research World Lang I","T","4:35 PM - 7:05 PM",", ","OL 01","8","15","Online Mix",
"01","29591","SEYSL 700 (3, 3)","Research Investig Lit Instr I","W","4:35 PM - 7:05 PM","Darvin, Jacqueline","OL 01","12","15","Online Sync",
"01","29590","SEYSL 701 (3, 3)","Historical Foundat of Literacy","W","7:15 PM - 9:45 PM","Thiel, Christie","OL 01","15","20","Online Sync",
"02","34495","SEYSL 702 (3, 3)","Literacy in Content Areas","M","7:15 PM - 9:45 PM","Barone, Toni Ann","OL 01","25","20","Online Sync",
"01","27357","SEYSL 758 (3, 3)","Instr Coaching &amp; Prof Develop","T","4:35 PM - 7:05 PM","Darvin, Jacqueline","OL 01","20","20","Online Sync",
"SK15","44103","SOC 101 (3, 3)","Gen Intro To Soc","T","1:40 PM - 4:30 PM","Couloute, Carmine","OL 01","17","15","Online Sync",
"CN16","44173","SOC 101 (3, 3)","Gen Intro To Soc","M, W","5:00 PM - 6:15 PM",", ","PH 112","0","25","In-Person",
"SK13","28745","SOC 101 (3, 3)","Gen Intro To Soc","M, W","10:05 AM - 11:55 AM","Rosales, Kristine","PH 202","14","15","In-Person",
"6","28676","SOC 101 (3, 3)","Gen Intro To Soc","T, TH","9:15 AM - 10:30 AM","Hantzandreou, Katerina","PH 117","13","25","In-Person",
"10","28632","SOC 101 (3, 3)","Gen Intro To Soc","T, TH","3:10 PM - 4:25 PM","Alexiou, Nicholas","KY 417","11","30","In-Person",
"4","28371","SOC 101 (3, 3)","Gen Intro To Soc","M, W","5:00 PM - 6:15 PM","Barnett, Josephine","PH 117","8","30","In-Person",
"SK14","28370","SOC 101 (3, 3)","Gen Intro To Soc","M, W","5:00 PM - 6:40 PM","Rosales, Kristine","PH 253","6","15","In-Person",
"JUM7","28154","SOC 101 (3, 3)","Gen Intro To Soc","T, TH","9:15 AM - 10:30 AM","Bounds, Anna","KY 270","18","100","In-Person",
"12","29190","SOC 101 (3, 3)","Gen Intro To Soc","SU","9:10 AM - 12:00 PM","Furnari, John","OL 01","16","50","Online Sync",
"JM11","29189","SOC 101 (3, 3)","Gen Intro To Soc","F","9:10 AM - 12:00 PM","Alexiou, Nicholas","OL 01","59","100","Online Sync",
"JUM1","28931","SOC 101 (3, 3)","Gen Intro To Soc","M, W","10:45 AM - 12:00 PM","Sperry, Ryan","KY 270","14","100","In-Person",
"JUM2","28930","SOC 101 (3, 3)","Gen Intro To Soc","M, W","1:40 PM - 2:55 PM","Hanks, Sarah","KY 270","15","100","In-Person",
"JUM3","28929","SOC 101 (3, 3)","Gen Intro To Soc","M, W","3:10 PM - 4:25 PM","Ament, Jonathon","KY 270","4","100","In-Person",
"JUM9","28928","SOC 101 (3, 3)","Gen Intro To Soc","T, TH","1:40 PM - 2:55 PM","Alexiou, Nicholas","KY 270","13","100","In-Person",
"JUM8","28927","SOC 101 (3, 3)","Gen Intro To Soc","T, TH","12:15 PM - 1:30 PM","Rogers, Holly","KY 270","25","100","In-Person",
"5","29693","SOC 101 (3, 3)","Gen Intro To Soc","T, TH","6:30 PM - 7:45 PM","Seligson, Jomal","OL 01","21","50","Online Sync",
"5","29186","SOC 103 (3, 3)","Sociology of American Life","M, W","6:30 PM - 7:45 PM","Lewis, Philip","OL 01","26","50","Online Sync",
"JUM4","28924","SOC 103 (3, 3)","Sociology of American Life","T, TH","1:40 PM - 2:55 PM","Pascarella, Joseph","KY 170","20","100","In-Person",
"1","28771","SOC 103 (3, 3)","Sociology of American Life","M, W","10:45 AM - 12:00 PM","Barnett, Josephine","PH 117","20","30","In-Person",
"JUM3","28925","SOC 103 (3, 3)","Sociology of American Life","T, TH","10:45 AM - 12:00 PM","Schulman, Jamie","KY 170","39","150","In-Person",
"6","29185","SOC 103 (3, 3)","Sociology of American Life","S","9:10 AM - 12:00 PM","Lewis, Philip","OL 01","25","50","Online Sync",
"2","28732","SOC 103 (3, 3)","Sociology of American Life","M, W","1:40 PM - 2:55 PM","Mcgee, Maura","PH 117","14","30","In-Person",
"2","28637","SOC 208 (3, 3)","Social Problems","T, TH","1:40 PM - 2:55 PM","Montana, Omar","KY 273","25","25","In-Person",
"1","28759","SOC 208 (3, 3)","Social Problems","M, W","10:45 AM - 12:00 PM","Ruiz-Olivo, Adela","KY 427","17","25","In-Person",
"3","28174","SOC 208 (3, 3)","Social Problems","T, TH","6:30 PM - 7:45 PM","Coburn, Carolyn","PH 156","3","25","In-Person",
"2","29180","SOC 209 (3, 3)","Criminal Justice","F","1:40 PM - 4:30 PM","Persaud, Nabeela","OL 01","45","50","Online Sync",
"2","28627","SOC 211 (3, 3)","Ethnic and Racial Relations","T, TH","10:45 AM - 12:00 PM","Agbemakplido, Wilhemina","KY 427","15","25","In-Person",
"2","29179","SOC 213 (3, 3)","Deviance and Social Pathology","S","9:10 AM - 12:00 PM","Lozada, Joseph","OL 01","8","50","Online Sync",
"1","28179","SOC 213 (3, 3)","Deviance and Social Pathology","T, TH","5:00 PM - 6:30 PM","Pascarella, Joseph","PH 117","15","25","In-Person",
"1","28614","SOC 214 (3, 3)","The Family","T, TH","12:15 PM - 1:30 PM","Hantzandreou, Katerina","PH 154","30","30","In-Person",
"1","28735","SOC 215 (3, 3)","Sociology of Education","M, W","1:40 PM - 2:55 PM","Rosales, Kristine","PH 253","8","25","In-Person",
"1","28633","SOC 217 (3, 3)","Crime and Juvenile Delinquency","T, TH","3:10 PM - 4:25 PM","Rogers, Holly","KY 317","7","25","In-Person",
"1","29178","SOC 220 (3, 3)","Inter Behavior/Group Process","M, W","5:00 PM - 6:40 PM","Furnari, John","OL 01","16","50","Online Sync",
"1","28636","SOC 222 (3, 3)","Social Welfare","T, TH","3:10 PM - 4:25 PM","Montana, Omar","KY 273","12","25","In-Person",
"1","28428","SOC 223 (3, 3)","Intro To Social Work Methods","M, W","6:30 PM - 8:20 PM","Caparelli, Erica","KY 319","2","25","In-Person",
"2","29560","SOC 223 (3, 3)","Intro To Social Work Methods","S","9:10 AM - 12:00 PM","Sepe, Susan","PH 117","3","25","In-Person",
"1","28369","SOC 224 (3, 3)","Complex Organizations","M, W","6:30 PM - 7:45 PM","Heap, Peter","PH 117","0","25","In-Person",
"1","28611","SOC 225 (3, 3)","Sociology of Drugs","TH","1:40 PM - 4:30 PM","Diacosavvas, Alice","PH 351","0","25","In-Person",
"1","29176","SOC 229 (3, 3)","Sociology of Health &amp; Illness","SU","1:00 PM - 4:50 PM","Bourgoin, Michael","OL 01","50","50","Online Sync",
"1","29175","SOC 246 (3, 3)","Sociology of Human Sexuality","SU","9:10 AM - 12:00 PM","Bourgoin, Michael","OL 01","40","50","Online Sync",
"1","54556","SOC 250 (3, 3)","Sociology of Friendship","TH","1:40 PM - 4:30 PM","Weinberg, Dana","KY 315","0","20","In-Person",
"1","28178","SOC 289 (3, 3)","Sociology of Death and Dying","T, TH","6:30 PM - 8:15 PM","Lepore, Elizabeth","PH 117","3","25","In-Person",
"3","28628","SOC 331 (4, 4)","Found Soc Theory","T, TH","1:40 PM - 3:30 PM","Chung, Thomas","KY 427","12","25","In-Person",
"1","28631","SOC 331 (4, 4)","Found Soc Theory","M, W","10:05 AM - 11:55 AM","Skarpelis, Anna","KY 313","11","25","In-Person",
"2","28629","SOC 331 (4, 4)","Found Soc Theory","T, TH","10:05 AM - 11:55 AM","Chung, Thomas","KY 429","21","25","In-Person",
"5","28194","SOC 381W (3, 3)","Senior Seminars","T","6:30 PM - 8:30 PM","Reed, Holly","PH 108","0","25","In-Person",
"3","28660","SOC 381W (3, 3)","Senior Seminars","T, TH","1:40 PM - 2:55 PM","Hantzandreou, Katerina","PH 253","19","25","In-Person",
"1","29173","SOC 381W (3, 3)","Senior Seminars","T, TH","6:30 PM - 7:45 PM","Lozada, Joseph","OL 01","2","25","Online Sync",
"2","29171","SOC 381W (3, 3)","Senior Seminars","T","6:30 PM - 8:20 PM","Bounds, Anna","OL 01","18","25","Online Sync",
"6","52019","SOC 381W (3, 3)","Senior Seminars","S","1:00 PM - 3:50 PM","Sepe, Susan","PH 117","2","25","In-Person",
"1","29169","SOC 3911 (1, 1)","VT: Special Problems","&nbsp;"," - ","Strickland, Suzanne","OL 02","0","10","Online Async",
"1","29168","SOC 3912 (2, 2)","VT: Special Problems","&nbsp;"," - ","Strickland, Suzanne","OL 02","0","10","Online Async",
"FTT1","29165","SOC 3913 (3, 3)","VT: Special Problems","&nbsp;"," - ","Strickland, Suzanne","OL 02","4","10","Online Async",
"FTI2","29166","SOC 3913 (3, 3)","VT: Special Problems","&nbsp;"," - ","Strickland, Suzanne","OL 02","2","10","Online Async",
"1","29164","SOC 3921 (1, 1)","VT: Special Problems","&nbsp;"," - ","Strickland, Suzanne","OL 02","0","10","Online Async",
"STI2","29163","SOC 3923 (3, 3)","VT: Special Problems","&nbsp;"," - ","Strickland, Suzanne","OL 02","1","10","Online Async",
"STT1","29162","SOC 3923 (3, 3)","VT: Special Problems","&nbsp;"," - ","Strickland, Suzanne","OL 02","0","10","Online Async",
"001","28141","SPAN 020 (4, 2)","Spanish Peer Tutoring","&nbsp;"," - ","Simerka, Barbara"," ","0","20","In-Person",
"001","28140","SPAN 021 (4, 2)","Advanced Spanish Peer Tutoring","&nbsp;"," - ","Simerka, Barbara"," ","0","15","In-Person",
"001","45159","SPAN 041 (3, 3)","Hisp Lit In Trans","T, TH","12:15 PM - 1:30 PM","Sena, Isabel Maria","QH 320","20","25","Hybrid Sync",
"001","45080","SPAN 060 (3, 3)","Hisp Lit &amp; Culture In Us","F","5:00 PM - 7:50 PM","Verastegui, Edgar","QH 250","5","25","In-Person",
"008","28821","SPAN 111 (4, 4)","Elementary Spanish I","M, W","4:30 PM - 6:20 PM","Chen, Priscilla","QH 315H","18","25","In-Person",
"008","28821","SPAN 111 (4, 4)","Elementary Spanish I","M, W","4:30 PM - 6:20 PM","Recinos Vasquez, Eduardo","QH 315H","18","25","In-Person",
"007","28822","SPAN 111 (4, 4)","Elementary Spanish I","M, W","2:15 PM - 4:05 PM","Chen, Priscilla","QH 315H","9","25","In-Person",
"007","28822","SPAN 111 (4, 4)","Elementary Spanish I","M, W","2:15 PM - 4:05 PM","Recinos Vasquez, Eduardo","QH 315H","9","25","In-Person",
"006","28823","SPAN 111 (4, 4)","Elementary Spanish I","T, TH","4:30 PM - 6:20 PM","Chen, Priscilla","QH 315H","14","25","In-Person",
"006","28823","SPAN 111 (4, 4)","Elementary Spanish I","T, TH","4:30 PM - 6:20 PM","Felix, Alfonso","QH 315H","14","25","In-Person",
"005","28824","SPAN 111 (4, 4)","Elementary Spanish I","T, TH","12:10 PM - 2:00 PM","Chen, Priscilla","QH 315H","17","25","In-Person",
"005","28824","SPAN 111 (4, 4)","Elementary Spanish I","T, TH","12:10 PM - 2:00 PM","Felix, Alfonso","QH 315H","17","25","In-Person",
"004","28825","SPAN 111 (4, 4)","Elementary Spanish I","M, W","12:10 PM - 2:00 PM","Chen, Priscilla","QH 315H","24","25","In-Person",
"004","28825","SPAN 111 (4, 4)","Elementary Spanish I","M, W","12:10 PM - 2:00 PM","Dionisio, Jabri","QH 315H","24","25","In-Person",
"003","28826","SPAN 111 (4, 4)","Elementary Spanish I","M, W","10:05 AM - 11:55 AM","Chen, Priscilla","QH 315H","25","25","In-Person",
"003","28826","SPAN 111 (4, 4)","Elementary Spanish I","M, W","10:05 AM - 11:55 AM","Dionisio, Jabri","QH 315H","25","25","In-Person",
"002","28827","SPAN 111 (4, 4)","Elementary Spanish I","T, TH","10:05 AM - 11:55 AM","Aufenanger, Mary","QH 315H","21","25","In-Person",
"002","28827","SPAN 111 (4, 4)","Elementary Spanish I","T, TH","10:05 AM - 11:55 AM","Chen, Priscilla","QH 315H","21","25","In-Person",
"001","28828","SPAN 111 (4, 4)","Elementary Spanish I","T, TH","8:00 AM - 9:50 AM","Aufenanger, Mary","QH 315H","8","25","In-Person",
"001","28828","SPAN 111 (4, 4)","Elementary Spanish I","T, TH","8:00 AM - 9:50 AM","Chen, Priscilla","QH 315H","8","25","In-Person",
"001","28146","SPAN 112 (4, 4)","Elementary Spanish II","T, TH","5:00 PM - 6:50 PM","Park, Alicia","OL 01","18","25","Online Sync",
"002","28819","SPAN 112 (4, 4)","Elementary Spanish II","M, W","5:00 PM - 6:50 PM","Esquen, Rosanna","QH 315C","3","25","In-Person",
"004","28817","SPAN 112 (4, 4)","Elementary Spanish II","T, TH","10:05 AM - 11:55 AM","Martinez Ramirez, Ruben Dario","QH 315C","7","25","In-Person",
"001","27676","SPAN 115 (4, 4)","Span For Herit Spkrs 2","M, W","5:00 PM - 6:50 PM","Giraldo, Andres","QH 350A","4","25","In-Person",
"001","28815","SPAN 203 (3, 3)","Intermediate Spanish I","M, W","8:00 AM - 9:15 AM","Pighi Bel, Pierina","QH 315C","8","25","In-Person",
"001","28814","SPAN 204 (3, 3)","Intermediate Spanish II","T, TH","9:15 AM - 10:30 AM","Garcia Gutierrez, Azucena","QH 350A","4","25","In-Person",
"001","28812","SPAN 221 (3, 3)","Lang Wkshp Sp Herit St","T, TH","1:40 PM - 2:55 PM","Chen, Priscilla","QH 315C","8","25","In-Person",
"001","28810","SPAN 224 (3, 3)","Grammar","T, TH","10:45 AM - 12:00 PM","Hoff, Mark","QH 350A","13","25","In-Person",
"001","28809","SPAN 225 (3, 3)","Composition","T, TH","12:15 PM - 1:30 PM","Perez-Heredia, Alexander","QH 315C","14","25","In-Person",
"002","43957","SPAN 240 (3, 3)","Intro Hisp Lit Studies","M, W","10:45 AM - 12:00 PM","Martineztorrejon, Jose","QH 250","6","25","Hybrid Sync",
"001","28807","SPAN 240 (3, 3)","Intro Hisp Lit Studies","T, TH","1:40 PM - 2:55 PM","Outes-Leon, Brais","QH 350A","9","25","Hybrid Sync",
"001","28805","SPAN 241 (3, 3)","Structure of the Span Lang","T, TH","3:10 PM - 4:25 PM","Hoff, Mark","QH 315C","13","25","In-Person",
"001","28145","SPAN 250 (3, 3)","Survey of Spanish Literature I","M, W","3:10 PM - 4:25 PM","Martineztorrejon, Jose","OL 01","8","25","Online Sync",
"001","28145","SPAN 250 (3, 3)","Survey of Spanish Literature I","M, W","3:10 PM - 4:25 PM","Martineztorrejon, Jose","OL 01","8","25","Online Sync",
"001","28144","SPAN 260 (3, 3)","Survey Span Lit II","M, W","1:40 PM - 2:55 PM","Caamano, Juan","OL 01","7","25","Online Sync",
"001","28144","SPAN 260 (3, 3)","Survey Span Lit II","M, W","1:40 PM - 2:55 PM","Caamano, Juan","OL 01","7","25","Online Sync",
"001","28650","SPAN 312 (3, 3)","The Cult Civilition Latin Amer","T, TH","10:45 AM - 12:00 PM","Outes-Leon, Brais","QH 181","11","20","Hybrid Sync",
"001","28467","SPAN 352 (3, 3)","Don Quijote","M","5:00 PM - 7:50 PM","Martineztorrejon, Jose","QH 250","0","13","In-Person",
"001","28802","SPAN 371 (3, 3)","Avant-Garde Mvmts Latn America","TH","5:00 PM - 7:50 PM","Outes-Leon, Brais","QH 350A","0","13","In-Person",
"001","28283","SPAN 390 (3, 3)","Hispanic Literature Seminar","W","5:00 PM - 7:50 PM","Caamano, Juan","QH 250","5","13","In-Person",
"001","28466","SPAN 725 (3, 3)","Don Quijote","M","5:00 PM - 7:50 PM","Martineztorrejon, Jose","QH 250","2","10","In-Person",
"001","28142","SPAN 728 (3, 3)","1898 &amp; Beginning 20th Century","W","5:00 PM - 7:50 PM","Caamano, Juan","QH 250","6","25","In-Person",
"001","28270","SPAN 756 (3, 3)","From Avant-Garde to Postmodern","TH","5:00 PM - 7:50 PM","Outes-Leon, Brais","QH 350A","2","10","In-Person",
"001","28282","SPAN 784 (2, 3)","Research Seminar: Literature","W","5:00 PM - 7:50 PM",", "," ","0","10","In-Person",
"001","54605","SPST 3963 (3, 3)","Tutorial","&nbsp;"," - ","Rogers, Joshua"," ","1","35","Online Async",
"001","43988","STABD 29912 (3, 0)","Calandra  Study Abroad 12 Cr","&nbsp;"," - ",", "," ","0","35","In-Person",
"002","43989","STABD 29912 (3, 0)","Calandra  Study Abroad 12 Cr","&nbsp;"," - ",", "," ","0","35","In-Person",
"001","43990","STABD 29913 (3, 0)","Calandra  Study Abroad 13 Cr","&nbsp;"," - ",", "," ","0","35","In-Person",
"002","43991","STABD 29913 (3, 0)","Calandra  Study Abroad 13 Cr","&nbsp;"," - ",", "," ","0","35","In-Person",
"001","43992","STABD 29915 (3, 0)","Calandra  Study Abroad 15 Cr","&nbsp;"," - ",", "," ","0","35","In-Person",
"001","43993","STABD 29916 (3, 0)","Calandra  Study Abroad 16 Cr","&nbsp;"," - ",", "," ","0","35","In-Person",
"001","45014","STABD 3901 (1, 0)","CUNY Study Abroad 1 Credit","&nbsp;"," - ",", "," ","0","35","In-Person",
"001","45015","STABD 3902 (2, 0)","CUNY Study Abroad 2 Credits","&nbsp;"," - ",", "," ","0","35","In-Person",
"001","45016","STABD 3903 (3, 0)","CUNY Study Abroad 3 Credits","&nbsp;"," - ",", "," ","0","35","In-Person",
"001","45018","STABD 3904 (4, 0)","CUNY Study Abroad 4 Credits","&nbsp;"," - ",", "," ","0","35","In-Person",
"001","45019","STABD 3905 (5, 0)","CUNY Study Abroad 5 Credits","&nbsp;"," - ",", "," ","0","35","In-Person",
"001","45020","STABD 3906 (6, 0)","CUNY Study Abroad 6 Credits","&nbsp;"," - ",", "," ","0","35","In-Person",
"001","44019","STABD 4990 (0, 0)","Stabd/Non-Cuny  0 credits","&nbsp;"," - ",", "," ","1","100","In-Person",
"001","43984","STABD 49905 (.5, 0)","Study Abroad 0.50 Credits","&nbsp;"," - ",", "," ","0","100","In-Person",
"001","44020","STABD 4991 (1, 0)","Study Abroad 1 Credit","&nbsp;"," - ",", "," ","0","100","In-Person",
"001","44023","STABD 49910 (10, 0)","Study Abroad 10 credits","&nbsp;"," - ",", "," ","0","100","In-Person",
"001","44021","STABD 49911 (11, 0)","Study Abroad  11 Credits","&nbsp;"," - ",", "," ","0","100","In-Person",
"001","44017","STABD 49912 (12, 0)","Study Abroad 12 Credits","&nbsp;"," - ",", "," ","2","100","In-Person",
"001","44022","STABD 49913 (13, 0)","Study Abroad 13 Credits","&nbsp;"," - ",", "," ","0","100","In-Person",
"001","44024","STABD 49914 (14, 0)","Study Abroad 14 Credits","&nbsp;"," - ",", "," ","0","100","In-Person",
"001","44015","STABD 49915 (15, 0)","Study Abroad 15 Credits","&nbsp;"," - ",", "," ","0","100","In-Person",
"001","44025","STABD 49916 (16, 0)","Study Abroad 16 Credits","&nbsp;"," - ",", "," ","0","100","In-Person",
"001","44018","STABD 49917 (17, 0)","Study Abroad 17 Credits","&nbsp;"," - ",", "," ","0","100","In-Person",
"001","44026","STABD 49918 (18, 0)","Study Abroad 18 Credits","&nbsp;"," - ",", "," ","0","100","In-Person",
"001","44046","STABD 4992 (2, 0)","Study Abroad 2 Credits","&nbsp;"," - ",", "," ","0","100","In-Person",
"001","44051","STABD 4993 (3, 0)","Study Abroad 3 Credits","&nbsp;"," - ",", "," ","0","100","In-Person",
"001","44049","STABD 4994 (4, 0)","Study Abroad 4 Credits","&nbsp;"," - ",", "," ","0","100","In-Person",
"001","44050","STABD 4995 (5, 0)","Study Abroad 5 Credits","&nbsp;"," - ",", "," ","0","100","In-Person",
"001","44052","STABD 4996 (6, 0)","Study Abroad 6 Credits","&nbsp;"," - ",", "," ","0","100","In-Person",
"001","44053","STABD 4997 (7, 0)","Study Abroad 7 Credits","&nbsp;"," - ",", "," ","0","100","In-Person",
"001","44054","STABD 4998 (8, 0)","Study Abroad 8 Credits","&nbsp;"," - ",", "," ","0","100","In-Person",
"001","44055","STABD 4999 (9, 0)","Study Abroad 9 Credits","&nbsp;"," - ",", "," ","0","100","In-Person",
"001","43982","STABD 7990 (0, 0)","Stabd/Non-Cuny 0 Credits","&nbsp;"," - ",", "," ","0","100","In-Person",
"001","44014","STABD 79905 (.5, 0)","Study Abroad 0.50  Credits","&nbsp;"," - ",", "," ","0","100","In-Person",
"001","44027","STABD 7991 (1, 0)","Study Abroad 1 Credits","&nbsp;"," - ",", "," ","0","100","In-Person",
"001","43985","STABD 79910 (0, 0)","Study Abroad 10 Credits","&nbsp;"," - ",", "," ","0","100","In-Person",
"001","43986","STABD 79912 (0, 0)","Study Abroad 12 Credits","&nbsp;"," - ",", "," ","0","100","In-Person",
"001","43987","STABD 79915 (0, 0)","Study Abroad 15 Credits","&nbsp;"," - ",", "," ","0","100","In-Person",
"001","44016","STABD 7992 (2, 0)","Study Abroad 2 Credits","&nbsp;"," - ",", "," ","0","100","In-Person",
"001","44029","STABD 7993 (3, 0)","Study Abroad 3  Credits","&nbsp;"," - ",", "," ","0","100","In-Person",
"001","44030","STABD 7994 (4, 0)","Study Abroad 04 Credits","&nbsp;"," - ",", "," ","0","100","In-Person",
"001","44028","STABD 7995 (5, 0)","Study Abroad 5 Credits","&nbsp;"," - ",", "," ","0","100","In-Person",
"001","44033","STABD 7996 (6, 0)","Study Abroad 6 Credits","&nbsp;"," - ",", "," ","0","100","In-Person",
"001","44032","STABD 7997 (7, 0)","Study Abroad 7 Credits","&nbsp;"," - ",", "," ","0","100","In-Person",
"001","44056","STABD 7998 (8, 0)","Study Abroad 8 Credits","&nbsp;"," - ",", "," ","0","100","In-Person",
"001","44057","STABD 7999 (9, 0)","Study Abroad 9 Credits","&nbsp;"," - ",", "," ","0","100","In-Person",
"4ASK","29742","URBST 101 (3, 3)","Urban Poverty &amp; Affluence","&nbsp;"," - ",", "," ","18","20","Online Async",
"005A","28737","URBST 101 (3, 3)","Urban Poverty &amp; Affluence","W","3:10 PM - 4:25 PM","Goldfischer, Eric","PH 115","14","40","In-Person",
"005","28738","URBST 101 (3, 3)","Urban Poverty &amp; Affluence","M","3:10 PM - 4:25 PM","Goldfischer, Eric","PH 115","14","40","In-Person",
"C07A","28845","URBST 101 (3, 3)","Urban Poverty &amp; Affluence","W","5:01 PM - 6:30 PM","Lilli, Erin","OL 01","0","30","Online Sync",
"C07","28846","URBST 101 (3, 3)","Urban Poverty &amp; Affluence","W","4:00 PM - 5:00 PM","Lilli, Erin","OL 01","0","30","Online Sync",
"006A","29577","URBST 101 (3, 3)","Urban Poverty &amp; Affluence","TH","2:31 PM - 4:30 PM","Takeall, Alan","OL 01","21","35","Online Sync",
"3SK","29741","URBST 101 (3, 3)","Urban Poverty &amp; Affluence","T","2:15 PM - 4:05 PM","Daniel, Evan","OL 01","9","20","Online Sync",
"2SK","29739","URBST 101 (3, 3)","Urban Poverty &amp; Affluence","T","12:10 PM - 2:05 PM","Daniel, Evan","OL 01","20","20","Online Sync",
"4SK","29738","URBST 101 (3, 3)","Urban Poverty &amp; Affluence","TH","1:40 PM - 4:30 PM",", ","DY G15","18","20","In-Person",
"3ASK","29737","URBST 101 (3, 3)","Urban Poverty &amp; Affluence","TH","2:15 PM - 4:05 PM","Daniel, Evan","OL 01","9","20","Online Sync",
"2ASK","29734","URBST 101 (3, 3)","Urban Poverty &amp; Affluence","TH","12:10 PM - 2:05 PM","Daniel, Evan","OL 01","20","20","Online Sync",
"1ASK","29732","URBST 101 (3, 3)","Urban Poverty &amp; Affluence","W","4:00 PM - 5:50 PM","Cruz, Matthew","DY G14","11","20","In-Person",
"01SK","29730","URBST 101 (3, 3)","Urban Poverty &amp; Affluence","M","4:00 PM - 5:50 PM","Cruz, Matthew","DY G14","11","20","In-Person",
"006","29578","URBST 101 (3, 3)","Urban Poverty &amp; Affluence","TH","1:40 PM - 2:30 PM","Takeall, Alan","OL 01","21","35","Online Sync",
"001","29097","URBST 103 (3, 3)","Urban Diversity","&nbsp;"," - ","Biswas, Padmini","OL 02","80","80","Online Async",
"002","28449","URBST 103 (3, 3)","Urban Diversity","T, TH","12:15 PM - 1:30 PM","Khandelwal, Madhulika","KY 317","17","35","In-Person",
"NAV4","44068","URBST 103 (3, 3)","Urban Diversity","T, TH","3:10 PM - 4:30 PM",", ","KY 431","0","15","In-Person",
"002","28739","URBST 105 (3, 3)","Urban Politics","M, W","1:40 PM - 2:55 PM","Goldfischer, Eric","PH 115","9","25","In-Person",
"001","28031","URBST 105 (3, 3)","Urban Politics","M, W","3:10 PM - 4:25 PM","Vacca, James","PH 153","9","25","In-Person",
"001","28512","URBST 107 (3, 3)","Immigrant Communities inQueens","T, TH","3:10 PM - 4:25 PM","Khandelwal, Madhulika","KY 323","9","20","In-Person",
"002","55026","URBST 114 (3, 3)","Sex and the City","M, W","5:00 PM - 6:15 PM","Stein, Jessica","OL 01","1","35","Online Sync",
"001","28658","URBST 114 (3, 3)","Sex and the City","T, TH","12:15 PM - 1:30 PM","Munshi, Soniya","PH 253","28","30","In-Person",
"003","53836","URBST 120 (3, 3)","Writing in Urban Studies","M","9:10 AM - 12:00 PM","Mclaughlin, Jesse","OL 01","8","40","Online Sync",
"001","27575","URBST 120 (3, 3)","Writing in Urban Studies","T, TH","3:10 PM - 4:25 PM","Hanlon, Martin","PH 253","3","15","In-Person",
"002","34494","URBST 120 (3, 3)","Writing in Urban Studies","TH","9:10 AM - 12:00 PM","Zang, Philipp","QH 322","4","20","In-Person",
"003","53836","URBST 120 (3, 3)","Writing in Urban Studies","M","9:10 AM - 12:00 PM","Aung, Caroline","OL 01","8","40","Online Sync",
"001","28710","URBST 132 (3, 3)","Health Services and Policy","M, W","1:40 PM - 2:55 PM","Dickinson, Maggie","KY 317","8","25","In-Person",
"001","28747","URBST 200 (3, 3)","Methods in Urban Research","M, W","10:45 AM - 12:00 PM","Lee, Do","RA 206","14","25","In-Person",
"001","29323","URBST 202 (3, 3)","Race, Ethnicity &amp; Immigration","W","1:40 PM - 4:30 PM","Khandelwal, Madhulika","OL 01","10","30","Online Sync",
"001","28183","URBST 210 (3, 3)","Urban Social Movements","TH","6:30 PM - 8:30 PM","Takeall, Alan","PH 115","3","15","In-Person",
"001","28709","URBST 213 (3, 3)","Urban Food Justice","M, W","3:10 PM - 4:25 PM","Dickinson, Maggie","KY 317","2","15","In-Person",
"001","28678","URBST 221 (3, 3)","Making Public Policy","T, TH","10:45 AM - 12:00 PM","Hanlon, Martin","PH 115","4","25","In-Person",
"001","28374","URBST 223 (3, 3)","Intro Public Admin","W","4:30 PM - 6:30 PM","Vacca, James","PH 115","7","25","In-Person",
"001","27508","URBST 231 (3, 3)","Cities and Social Medicine","T","4:30 PM - 6:30 PM","Davis, Dana","OL 01","14","25","Online Sync",
"001","29096","URBST 239W (3, 3)","Urban Labor &amp; Labor Mvmts","T","6:30 PM - 9:20 PM","Guskin, Jane","OL 01","11","14","Online Sync",
"002","28634","URBST 241 (3, 3)","Introduction to Urban Planning","T, TH","10:45 AM - 12:00 PM","Baker, Dwayne","KY 317","11","20","In-Person",
"001","29091","URBST 244 (3, 3)","Human Resource Management","W","6:30 PM - 8:30 PM","Marchetti, Susanne","OL 01","11","20","Online Sync",
"001","28724","URBST 252 (3, 3)","The Changing Urban Environment","M, W","1:40 PM - 2:55 PM","Vena, Natalie","KY 429","8","15","In-Person",
"001","27366","URBST 255 (3, 3)","VT: Spcl Topics Public Health","&nbsp;"," - ","Davis, Dana","OL 02","0","5","Online Async",
"001","36935","URBST 257 (3, 3)","Public Budgeting","T","6:30 PM - 8:30 PM","Constantinides, Costa","OL 01","6","20","Online Sync",
"001","27444","URBST 263 (3, 3)","Intro to Geographic Info Sys","TH","1:40 PM - 2:55 PM",", ","PH 208","9","20","In-Person",
"001","27444","URBST 263 (3, 3)","Intro to Geographic Info Sys","T","1:40 PM - 2:55 PM","Baker, Dwayne","KY 325","9","20","In-Person",
"001","28439","URBST 265 (3, 3)","Vt: Spcl Topcs","W","6:30 PM - 9:20 PM","Vena, Natalie","KY 246","0","20","In-Person",
"001","28366","URBST 265W (3, 3)","Vt: Spcl Tpcs","M","6:30 PM - 8:30 PM","Lee, Do","PH 153","2","15","In-Person",
"001","27333","URBST 267 (3, 3)","Environmental Justice","M, W","1:40 PM - 2:55 PM","Vena, Natalie","KY 429","2","10","In-Person",
"001","29092","URBST 273 (3, 3)","Labor and Globalization","&nbsp;"," - ","Biswas, Padmini","OL 02","25","25","Online Async",
"N001","29586","URBST 307 (3, 3)","Organizing the Public","M, W","12:15 PM - 1:30 PM","Checker, Melissa","PH 253","0","15","In-Person",
"001","29651","URBST 326 (3, 3)","Cities and Diasporas","F","9:10 AM - 12:00 PM","Biswas, Padmini","PH 115","9","35","Hyflex",
"001","28723","URBST 330W (3, 3)","Contemporary Urban Theory","M, W","3:10 PM - 4:25 PM","Vena, Natalie","KY 429","11","15","In-Person",
"001","28364","URBST 370 (3, 3)","Service Learning Practicum","W","6:30 PM - 9:20 PM","Goldfischer, Eric","PH 153","6","15","In-Person",
"001","28536","URBST 371W (3, 3)","VT: Service Learning Project","W","1:40 PM - 4:30 PM","Lee, Do","PH 347","3","10","In-Person",
"001","27675","URBST 372 (3, 3)","Fieldwork in Environ. Studies","W","6:30 PM - 9:20 PM","Goldfischer, Eric","PH 153","4","15","In-Person",
"001","28535","URBST 373W (3, 3)","VT: Sustainable Cities Project","W","1:40 PM - 4:30 PM","Lee, Do","PH 347","5","10","In-Person",
"001","55211","URBST 640 (3, 3)","Public Administration","W","4:30 PM - 6:30 PM","Vacca, James","PH 115","0","10","In-Person",
"001","28182","URBST 702 (3, 3)","Urban Social Movements","TH","6:30 PM - 8:30 PM","Takeall, Alan","PH 115","1","10","In-Person",
"001","27526","URBST 705 (3, 3)","The Just City Theory &amp; Prac","T","6:30 PM - 8:30 PM","Takeall, Alan"," ","1","15","In-Person",
"001","27525","URBST 718 (3, 3)","Governing the City","M","4:30 PM - 6:30 PM","Vacca, James","PH 115","4","15","In-Person",
"001","28185","URBST 724 (3, 3)","Public Policy in Practice","TH","6:30 PM - 8:30 PM","Hanlon, Martin","PH 114","0","15","In-Person",
"001","36939","URBST 742 (3, 3)","Public Budgeting","T","6:30 PM - 8:30 PM","Constantinides, Costa","OL 01","1","5","Online Sync",
"001","29090","URBST 744 (3, 3)","Human Resource Management","W","6:30 PM - 8:30 PM","Marchetti, Susanne","OL 01","1","5","Online Sync",
"001","27542","URBST 751 (3, 3)","Critical Analysis Urban Data","W","6:30 PM - 8:30 PM","Davis, Dana","PH 347","8","10","Hybrid Sync",
"001","28438","URBST 7603 (3, 3)","VT: Topics Urban Policy &amp; Plan","W","6:30 PM - 9:20 PM","Vena, Natalie","KY 246","0","5","In-Person",
"002","28365","URBST 7701 (3, 3)","VT: Roots of the Urban Crisis","M","6:30 PM - 8:30 PM","Lee, Do","PH 153","0","10","In-Person",
"001","29089","URBST 7703 (3, 3)","VT: Roots of the Urban Crisis","T","4:30 PM - 6:30 PM","Davis, Dana","OL 01","0","5","Online Sync",
"004","28638","WGS 101W (3, 3)","Intro Women &amp; Gender Studies","T, TH","10:45 AM - 12:00 PM","Schnur, Kate","KY 419","18","25","In-Person",
"005","28761","WGS 101W (3, 3)","Intro Women &amp; Gender Studies","M, W","10:45 AM - 12:00 PM","Lieber, Molly","KY 271","12","25","In-Person",
"003","28711","WGS 101W (3, 3)","Intro Women &amp; Gender Studies","M, W","3:10 PM - 4:25 PM","Reece, Kayla","KY 271","13","25","Hybrid Sync",
"001","28690","WGS 101W (3, 3)","Intro Women &amp; Gender Studies","T","1:40 PM - 4:30 PM","Giardina, Carol","PH 151","8","25","In-Person",
"002","28403","WGS 101W (3, 3)","Intro Women &amp; Gender Studies","W","5:00 PM - 7:50 PM","Giardina, Carol","PH 102","3","25","In-Person",
"001","27456","WGS 104 (3, 3)","Introduction to LGBTQ Studies","TH","5:00 PM - 6:15 PM","San Emeterio, Gabriel","OL 01","24","25","Online Mix",
"001","28465","WGS 201W (3, 3)","Theories of Feminism","T, TH","1:40 PM - 2:55 PM","Weingarten, Karen","KP 304","5","12","In-Person",
"001","27455","WGS 204 (3, 3)","Queer Theories","M, W","10:45 AM - 12:00 PM","Jones, David","QH 322","4","12","In-Person",
"002","28657","WGS 210 (3, 3)","Vt: Sel Top Women &amp; Gender Stu","T, TH","12:15 PM - 1:30 PM","Munshi, Soniya","PH 253","2","5","In-Person",
"001","27667","WGS 210 (3, 3)","Vt: Sel Top Women &amp; Gender Stu","T, TH","1:40 PM - 2:55 PM","Cole, Alyson","PH 211","3","5","In-Person",
"002","33406","WGS 210W (3, 3)","Vt: Selected Topics","M","1:40 PM - 5:30 PM","Fuqua, Joy","KY 321","1","5","In-Person",
"001","31453","WGS 210W (3, 3)","Vt: Selected Topics","M","5:00 PM - 7:50 PM","Thomas, Kierstan","KY 325","2","5","Online Sync",
